{"type":"FeatureCollection","features":[{"type":"Feature","properties":{"name":"Kawasan Konservasi Lainnya","fillColor":"#a3ff73","fillOpacity":0.55},"geometry":{"type":"Polygon","coordinates":[[[114.4212,-7.9269],[114.4589,-7.9029],[114.4757,-7.8382],[114.4246,-7.7737],[114.3564,-7.7482],[114.323,-7.7576],[114.3235,-7.758],[114.3243,-7.7579],[114.3254,-7.758],[114.3268,-7.758],[114.3279,-7.7582],[114.329,-7.7583],[114.3302,-7.7581],[114.3314,-7.7578],[114.3323,-7.7576],[114.3336,-7.7576],[114.3347,-7.7574],[114.3358,-7.7571],[114.3371,-7.7564],[114.3387,-7.7566],[114.3401,-7.7569],[114.3421,-7.7564],[114.3434,-7.757],[114.3449,-7.7568],[114.3464,-7.7564],[114.348,-7.7566],[114.3497,-7.7573],[114.3505,-7.7563],[114.3526,-7.756],[114.3546,-7.7563],[114.356,-7.7557],[114.3578,-7.7558],[114.3591,-7.7563],[114.3599,-7.7558],[114.3611,-7.7556],[114.3621,-7.7561],[114.363,-7.7556],[114.3641,-7.7556],[114.3648,-7.7561],[114.3658,-7.7564],[114.367,-7.7561],[114.3682,-7.7565],[114.3692,-7.757],[114.3706,-7.7577],[114.3721,-7.7571],[114.3728,-7.7558],[114.3727,-7.7542],[114.3707,-7.7532],[114.369,-7.7531],[114.3677,-7.7533],[114.3668,-7.7536],[114.366,-7.7525],[114.3667,-7.7522],[114.3679,-7.752],[114.3693,-7.752],[114.3705,-7.7517],[114.3718,-7.7513],[114.3729,-7.7517],[114.3737,-7.7526],[114.3734,-7.7518],[114.3724,-7.751],[114.3713,-7.7507],[114.3706,-7.7503],[114.3716,-7.7506],[114.3727,-7.7512],[114.3736,-7.7519],[114.3747,-7.7514],[114.374,-7.7523],[114.3737,-7.7535],[114.3737,-7.7548],[114.3743,-7.756],[114.3751,-7.7566],[114.3762,-7.7567],[114.3774,-7.7571],[114.3786,-7.7569],[114.378,-7.7562],[114.378,-7.7548],[114.3782,-7.7545],[114.3787,-7.7545],[114.3788,-7.7558],[114.3793,-7.7568],[114.3797,-7.7579],[114.38,-7.7593],[114.3807,-7.7603],[114.3828,-7.7616],[114.384,-7.7622],[114.3859,-7.7631],[114.3874,-7.7643],[114.3888,-7.7666],[114.3899,-7.7678],[114.3907,-7.769],[114.3915,-7.7699],[114.3925,-7.7706],[114.3937,-7.7713],[114.395,-7.7718],[114.3961,-7.7716],[114.3976,-7.7713],[114.3989,-7.7711],[114.4006,-7.7705],[114.4022,-7.77],[114.4037,-7.77],[114.4051,-7.771],[114.4061,-7.7719],[114.4069,-7.7731],[114.4076,-7.7744],[114.4086,-7.7756],[114.4096,-7.7765],[114.4104,-7.7773],[114.4112,-7.778],[114.4123,-7.7785],[114.4134,-7.7782],[114.4143,-7.7788],[114.4151,-7.7796],[114.416,-7.7804],[114.4166,-7.7809],[114.4173,-7.7822],[114.4179,-7.7829],[114.419,-7.7842],[114.4201,-7.7852],[114.4209,-7.7863],[114.4216,-7.7869],[114.4231,-7.7877],[114.4244,-7.7882],[114.4258,-7.7882],[114.4269,-7.788],[114.4275,-7.7879],[114.4285,-7.7886],[114.4286,-7.79],[114.4289,-7.791],[114.4296,-7.792],[114.4306,-7.7925],[114.432,-7.7927],[114.4332,-7.793],[114.4346,-7.792],[114.4357,-7.7914],[114.4371,-7.7901],[114.4366,-7.7892],[114.438,-7.7894],[114.4392,-7.79],[114.4403,-7.7909],[114.4413,-7.7918],[114.4415,-7.7928],[114.4422,-7.7929],[114.4429,-7.794],[114.443,-7.795],[114.4422,-7.7962],[114.4423,-7.7974],[114.4432,-7.7982],[114.4438,-7.7991],[114.4451,-7.8],[114.446,-7.7996],[114.4469,-7.7998],[114.4479,-7.8004],[114.4481,-7.8015],[114.4486,-7.8024],[114.448,-7.803],[114.448,-7.8036],[114.4476,-7.8041],[114.4476,-7.805],[114.4481,-7.8057],[114.4488,-7.8064],[114.4491,-7.8062],[114.4499,-7.8054],[114.4506,-7.8046],[114.4515,-7.8043],[114.4523,-7.8036],[114.453,-7.8036],[114.4534,-7.8047],[114.4539,-7.8057],[114.4543,-7.8068],[114.4535,-7.8072],[114.454,-7.8083],[114.4545,-7.8094],[114.4552,-7.8103],[114.4562,-7.811],[114.4571,-7.8111],[114.4579,-7.8114],[114.4578,-7.8126],[114.4576,-7.8141],[114.4583,-7.815],[114.4595,-7.8155],[114.4599,-7.8164],[114.4603,-7.818],[114.4608,-7.8192],[114.4613,-7.8204],[114.462,-7.8216],[114.463,-7.8225],[114.4635,-7.8234],[114.4641,-7.8242],[114.4647,-7.8252],[114.4648,-7.8267],[114.465,-7.828],[114.4652,-7.829],[114.4648,-7.8292],[114.4638,-7.8301],[114.4642,-7.8333],[114.4661,-7.8345],[114.4668,-7.835],[114.4655,-7.8358],[114.4631,-7.8397],[114.4632,-7.8413],[114.4627,-7.8425],[114.4621,-7.8434],[114.46,-7.8453],[114.4584,-7.8469],[114.4578,-7.8482],[114.4581,-7.8485],[114.459,-7.8489],[114.4591,-7.8499],[114.4589,-7.8509],[114.4597,-7.8512],[114.461,-7.8509],[114.462,-7.8515],[114.4625,-7.8527],[114.4625,-7.8534],[114.4638,-7.854],[114.4646,-7.8558],[114.4647,-7.8568],[114.4645,-7.858],[114.4637,-7.8584],[114.4624,-7.8583],[114.4611,-7.8587],[114.4602,-7.8593],[114.4591,-7.8597],[114.4591,-7.8606],[114.4584,-7.861],[114.4578,-7.8617],[114.4574,-7.8624],[114.4574,-7.8632],[114.4579,-7.8642],[114.4586,-7.8649],[114.4593,-7.8648],[114.46,-7.8642],[114.4607,-7.8651],[114.4609,-7.8663],[114.4616,-7.8675],[114.4616,-7.8686],[114.4621,-7.8697],[114.4623,-7.8709],[114.4622,-7.8722],[114.4622,-7.8736],[114.462,-7.8749],[114.4619,-7.8763],[114.4626,-7.8772],[114.4632,-7.878],[114.4637,-7.879],[114.464,-7.8801],[114.4641,-7.8814],[114.4638,-7.8826],[114.4642,-7.8838],[114.4646,-7.8848],[114.4645,-7.886],[114.4643,-7.8873],[114.464,-7.8883],[114.4637,-7.8895],[114.4629,-7.8902],[114.4622,-7.8909],[114.4614,-7.8913],[114.4601,-7.8915],[114.4589,-7.892],[114.4578,-7.8926],[114.4568,-7.8931],[114.4556,-7.8938],[114.4546,-7.8942],[114.4535,-7.8948],[114.4523,-7.8954],[114.4512,-7.8959],[114.4501,-7.8963],[114.4489,-7.8968],[114.4477,-7.8972],[114.4465,-7.8977],[114.4455,-7.8982],[114.4441,-7.8989],[114.4431,-7.8996],[114.4421,-7.9003],[114.4413,-7.901],[114.4404,-7.902],[114.4397,-7.9029],[114.4391,-7.9039],[114.4386,-7.9048],[114.4382,-7.906],[114.4379,-7.9074],[114.4375,-7.9088],[114.4367,-7.9097],[114.4358,-7.9102],[114.4346,-7.9106],[114.4334,-7.911],[114.4324,-7.9114],[114.4312,-7.9119],[114.43,-7.9124],[114.429,-7.913],[114.428,-7.9136],[114.4269,-7.9143],[114.4259,-7.9149],[114.4248,-7.9157],[114.4241,-7.9165],[114.4234,-7.9173],[114.4227,-7.9184],[114.4218,-7.9207],[114.4212,-7.9269]]]}},{"type":"Feature","properties":{"name":"Kawasan Konservasi Lainnya","fillColor":"#a3ff73","fillOpacity":0.55},"geometry":{"type":"Polygon","coordinates":[[[113.9567,-8.5651],[113.9566,-8.565],[113.9561,-8.5647],[113.9558,-8.5644],[113.9556,-8.5643],[113.9555,-8.5642],[113.9553,-8.5641],[113.955,-8.5639],[113.9548,-8.5637],[113.9545,-8.5635],[113.9544,-8.5635],[113.9543,-8.5633],[113.954,-8.5632],[113.9537,-8.563],[113.9536,-8.563],[113.9535,-8.5629],[113.9533,-8.5627],[113.9532,-8.5626],[113.953,-8.5625],[113.953,-8.5624],[113.9529,-8.5624],[113.9528,-8.5623],[113.9522,-8.562],[113.9521,-8.5619],[113.9519,-8.5618],[113.9518,-8.5618],[113.9517,-8.5617],[113.9516,-8.5617],[113.9514,-8.5616],[113.9513,-8.5615],[113.9512,-8.5614],[113.9509,-8.5612],[113.9502,-8.5607],[113.95,-8.5606],[113.9499,-8.5605],[113.9498,-8.5605],[113.9497,-8.5604],[113.9493,-8.5602],[113.9491,-8.5601],[113.9385,-8.5728],[113.9332,-8.5792],[113.9309,-8.5819],[113.931,-8.5819],[113.9332,-8.5808],[113.9487,-8.5728],[113.9514,-8.5715],[113.9514,-8.5714],[113.9561,-8.5658],[113.9567,-8.5651]]]}},{"type":"Feature","properties":{"name":"Pencadangan/Indikasi Kawasan Konservasi","fillColor":"#f60ada","fillOpacity":0.55},"geometry":{"type":"Polygon","coordinates":[[[113.9976,-7.0648],[113.9858,-7.0641],[113.9839,-7.0726],[113.984,-7.0727],[113.9842,-7.0728],[113.9843,-7.0728],[113.9853,-7.0726],[113.9855,-7.0725],[113.9856,-7.0725],[113.9859,-7.0723],[113.986,-7.0723],[113.9861,-7.0723],[113.9863,-7.0722],[113.9864,-7.0722],[113.9865,-7.0722],[113.9866,-7.0722],[113.9869,-7.0721],[113.9875,-7.0721],[113.9878,-7.0722],[113.9879,-7.0722],[113.988,-7.0722],[113.9882,-7.0722],[113.9885,-7.0723],[113.9888,-7.0724],[113.9893,-7.0725],[113.9898,-7.0724],[113.9901,-7.0724],[113.9916,-7.0722],[113.9922,-7.0721],[113.9924,-7.0722],[113.9925,-7.0722],[113.9929,-7.0724],[113.9931,-7.0725],[113.9933,-7.0725],[113.9934,-7.0725],[113.9935,-7.0725],[113.9937,-7.0725],[113.9939,-7.0724],[113.9941,-7.0724],[113.9942,-7.0724],[113.9945,-7.0724],[113.9947,-7.0724],[113.9948,-7.0723],[113.9953,-7.0722],[113.9965,-7.0722],[113.9967,-7.0722],[113.997,-7.0722],[113.9971,-7.0722],[113.9976,-7.0722],[113.9976,-7.0648]]]}},{"type":"Feature","properties":{"name":"Pencadangan/Indikasi Kawasan Konservasi","fillColor":"#f60ada","fillOpacity":0.55},"geometry":{"type":"Polygon","coordinates":[[[112.6348,-5.8449],[112.6346,-5.8449],[112.6345,-5.8449],[112.6344,-5.8448],[112.6343,-5.8448],[112.6342,-5.8447],[112.6341,-5.8447],[112.6339,-5.8446],[112.6338,-5.8446],[112.6336,-5.8445],[112.6335,-5.8445],[112.6334,-5.8444],[112.6333,-5.8444],[112.6332,-5.8443],[112.6331,-5.8443],[112.633,-5.8443],[112.6334,-5.8472],[112.6336,-5.8483],[112.6337,-5.8484],[112.6339,-5.8499],[112.6339,-5.8501],[112.6355,-5.8587],[112.6369,-5.8589],[112.6382,-5.8591],[112.6355,-5.848],[112.6355,-5.8479],[112.6353,-5.8474],[112.6348,-5.8449]]]}},{"type":"Feature","properties":{"name":"Pencadangan/Indikasi Kawasan Konservasi","fillColor":"#f60ada","fillOpacity":0.55},"geometry":{"type":"Polygon","coordinates":[[[112.8722,-6.8926],[112.8723,-6.8926],[112.8723,-6.8895],[112.8712,-6.8895],[112.8648,-6.8895],[112.8648,-6.892],[112.8648,-6.8921],[112.865,-6.8921],[112.8652,-6.8922],[112.8655,-6.8921],[112.8657,-6.8921],[112.866,-6.8922],[112.8661,-6.8922],[112.8664,-6.8921],[112.8666,-6.8921],[112.867,-6.8921],[112.8672,-6.8921],[112.8673,-6.892],[112.8674,-6.8919],[112.8676,-6.8919],[112.8677,-6.8919],[112.8678,-6.892],[112.868,-6.8922],[112.8681,-6.8923],[112.8682,-6.8923],[112.8684,-6.8923],[112.8686,-6.8923],[112.8687,-6.8923],[112.8689,-6.8924],[112.8691,-6.8925],[112.8695,-6.8925],[112.8698,-6.8925],[112.8701,-6.8925],[112.8703,-6.8924],[112.8705,-6.8922],[112.8707,-6.8921],[112.8709,-6.892],[112.8711,-6.892],[112.8712,-6.892],[112.8713,-6.892],[112.8716,-6.8921],[112.8719,-6.8922],[112.872,-6.8923],[112.8722,-6.8924],[112.8722,-6.8925],[112.8722,-6.8926]]]}},{"type":"Feature","properties":{"name":"Pencadangan/Indikasi Kawasan Konservasi","fillColor":"#f60ada","fillOpacity":0.55},"geometry":{"type":"Polygon","coordinates":[[[112.6383,-5.8456],[112.6382,-5.8455],[112.638,-5.8454],[112.6379,-5.8454],[112.6378,-5.8453],[112.6377,-5.8453],[112.6376,-5.8453],[112.6375,-5.8453],[112.6374,-5.8453],[112.6373,-5.8454],[112.6372,-5.8454],[112.637,-5.8455],[112.6369,-5.8455],[112.6367,-5.8455],[112.6366,-5.8455],[112.6364,-5.8454],[112.6364,-5.8453],[112.6363,-5.8452],[112.6362,-5.8451],[112.6362,-5.845],[112.6361,-5.845],[112.636,-5.8449],[112.6359,-5.8449],[112.6358,-5.8449],[112.6357,-5.8449],[112.6357,-5.8448],[112.6356,-5.8447],[112.6355,-5.8446],[112.6354,-5.8446],[112.6353,-5.8446],[112.6352,-5.8447],[112.6351,-5.8447],[112.6349,-5.8448],[112.6348,-5.8449],[112.6353,-5.8474],[112.6355,-5.8479],[112.6355,-5.848],[112.6382,-5.8591],[112.6387,-5.8592],[112.6443,-5.8601],[112.6476,-5.8606],[112.6504,-5.861],[112.6519,-5.8613],[112.652,-5.8554],[112.652,-5.854],[112.652,-5.8527],[112.6519,-5.8527],[112.6518,-5.8527],[112.6517,-5.8526],[112.6517,-5.8525],[112.6516,-5.8524],[112.6515,-5.8524],[112.6514,-5.8523],[112.6513,-5.8523],[112.6512,-5.8523],[112.6512,-5.8522],[112.6513,-5.8521],[112.6513,-5.852],[112.6512,-5.8519],[112.6512,-5.8518],[112.6511,-5.8518],[112.6509,-5.8517],[112.6509,-5.8516],[112.6508,-5.8515],[112.6508,-5.8514],[112.6508,-5.8513],[112.6506,-5.8511],[112.6505,-5.851],[112.6503,-5.8509],[112.6504,-5.8509],[112.6505,-5.8511],[112.6498,-5.854],[112.6495,-5.8549],[112.6489,-5.8574],[112.6443,-5.8566],[112.6396,-5.8558],[112.6387,-5.8486],[112.6383,-5.8456]]]}},{"type":"Feature","properties":{"name":"Pencadangan/Indikasi Kawasan Konservasi","fillColor":"#f60ada","fillOpacity":0.55},"geometry":{"type":"Polygon","coordinates":[[[115.7663,-7.0914],[115.7665,-7.0913],[115.7684,-7.0905],[115.7705,-7.0897],[115.7699,-7.0865],[115.7668,-7.088],[115.7661,-7.0883],[115.7657,-7.0885],[115.7656,-7.0885],[115.7657,-7.0888],[115.7659,-7.089],[115.766,-7.0893],[115.7662,-7.0892],[115.7665,-7.0891],[115.7676,-7.0886],[115.7686,-7.0881],[115.7688,-7.0886],[115.769,-7.0892],[115.7676,-7.09],[115.7672,-7.0901],[115.7664,-7.0905],[115.7664,-7.091],[115.7663,-7.0911],[115.7663,-7.0913],[115.7663,-7.0914]]]}},{"type":"Feature","properties":{"name":"Pencadangan/Indikasi Kawasan Konservasi","fillColor":"#f60ada","fillOpacity":0.55},"geometry":{"type":"Polygon","coordinates":[[[113.009,-6.8821],[113.009,-6.8819],[113.009,-6.8787],[113.0012,-6.8787],[113.0012,-6.8807],[113.0012,-6.8823],[113.0004,-6.8831],[113.0004,-6.8832],[113.0003,-6.8833],[113.0044,-6.8833],[113.0044,-6.8832],[113.0044,-6.883],[113.0044,-6.8829],[113.0044,-6.8827],[113.0044,-6.8826],[113.0044,-6.8825],[113.0045,-6.8824],[113.0046,-6.8822],[113.0047,-6.8821],[113.0048,-6.8819],[113.0049,-6.8818],[113.005,-6.8818],[113.0051,-6.8817],[113.0052,-6.8817],[113.0053,-6.8816],[113.0055,-6.8815],[113.0056,-6.8815],[113.0056,-6.8814],[113.0057,-6.8814],[113.0058,-6.8813],[113.0059,-6.8813],[113.0059,-6.8812],[113.006,-6.8812],[113.0061,-6.8811],[113.0062,-6.8812],[113.0063,-6.8812],[113.0064,-6.8813],[113.0064,-6.8814],[113.0065,-6.8816],[113.0065,-6.8817],[113.0065,-6.8818],[113.0065,-6.8819],[113.0066,-6.8821],[113.0067,-6.8823],[113.0068,-6.8824],[113.0076,-6.8825],[113.0081,-6.8824],[113.0083,-6.8824],[113.0088,-6.8822],[113.009,-6.8821]]]}},{"type":"Feature","properties":{"name":"Pencadangan/Indikasi Kawasan Konservasi","fillColor":"#f60ada","fillOpacity":0.55},"geometry":{"type":"Polygon","coordinates":[[[113.2027,-7.3103],[113.2026,-7.3102],[113.2024,-7.3101],[113.2023,-7.31],[113.2022,-7.3099],[113.2022,-7.3098],[113.2022,-7.3097],[113.2022,-7.3096],[113.2022,-7.3095],[113.2022,-7.3093],[113.2022,-7.3092],[113.2022,-7.3091],[113.2023,-7.3091],[113.2024,-7.309],[113.202,-7.309],[113.2008,-7.3089],[113.1991,-7.3088],[113.1974,-7.3087],[113.1973,-7.3087],[113.1956,-7.3086],[113.1939,-7.3085],[113.193,-7.3085],[113.1926,-7.3181],[113.2198,-7.325],[113.2344,-7.319],[113.2344,-7.3083],[113.2323,-7.3085],[113.2254,-7.309],[113.2243,-7.3091],[113.2216,-7.3093],[113.2217,-7.3093],[113.2218,-7.3094],[113.2219,-7.3095],[113.2221,-7.3096],[113.2221,-7.3097],[113.2223,-7.3097],[113.2226,-7.3098],[113.2227,-7.3098],[113.2228,-7.3098],[113.2229,-7.3099],[113.223,-7.3099],[113.2231,-7.3099],[113.2232,-7.3099],[113.2233,-7.3099],[113.2233,-7.3098],[113.2234,-7.3097],[113.2235,-7.3098],[113.2236,-7.3098],[113.2237,-7.3097],[113.2238,-7.3097],[113.2239,-7.3099],[113.2239,-7.31],[113.224,-7.3101],[113.224,-7.3103],[113.2241,-7.3104],[113.2241,-7.3105],[113.2241,-7.3106],[113.2242,-7.3107],[113.2242,-7.3108],[113.2243,-7.3109],[113.2243,-7.311],[113.2241,-7.3111],[113.224,-7.3112],[113.2239,-7.3113],[113.2237,-7.3115],[113.2234,-7.3117],[113.2233,-7.3119],[113.2232,-7.3121],[113.2232,-7.3122],[113.2231,-7.3123],[113.223,-7.3125],[113.2229,-7.3126],[113.2228,-7.3127],[113.2226,-7.3127],[113.2225,-7.3128],[113.2224,-7.3129],[113.2223,-7.3129],[113.2219,-7.3132],[113.2217,-7.3133],[113.2213,-7.3135],[113.2207,-7.3137],[113.2205,-7.3138],[113.2201,-7.314],[113.2199,-7.314],[113.2198,-7.3141],[113.2196,-7.3141],[113.2194,-7.3142],[113.2192,-7.3142],[113.2189,-7.3142],[113.2186,-7.3142],[113.2178,-7.3144],[113.2177,-7.3144],[113.2176,-7.3144],[113.2174,-7.3144],[113.2172,-7.3145],[113.217,-7.3145],[113.2169,-7.3145],[113.2168,-7.3146],[113.2166,-7.3146],[113.2165,-7.3145],[113.2164,-7.3145],[113.2158,-7.3146],[113.2153,-7.3145],[113.2148,-7.3145],[113.2144,-7.3145],[113.2141,-7.3145],[113.2139,-7.3146],[113.2138,-7.3145],[113.2136,-7.3144],[113.2133,-7.3141],[113.2132,-7.3139],[113.213,-7.3138],[113.2129,-7.3138],[113.2128,-7.3137],[113.2127,-7.3137],[113.2127,-7.3136],[113.2127,-7.3135],[113.2126,-7.3135],[113.2126,-7.3134],[113.2125,-7.3133],[113.2124,-7.3133],[113.2123,-7.3133],[113.2122,-7.3132],[113.2121,-7.3132],[113.212,-7.3131],[113.2119,-7.3131],[113.2117,-7.313],[113.2115,-7.313],[113.2114,-7.313],[113.2113,-7.3129],[113.2112,-7.3129],[113.2111,-7.3129],[113.211,-7.3129],[113.2107,-7.3128],[113.2106,-7.3128],[113.2105,-7.3128],[113.2105,-7.3127],[113.2104,-7.3127],[113.2101,-7.3126],[113.2099,-7.3125],[113.2099,-7.3124],[113.2098,-7.3123],[113.2096,-7.3123],[113.2091,-7.3121],[113.2089,-7.3121],[113.2086,-7.312],[113.2085,-7.312],[113.2084,-7.312],[113.2083,-7.312],[113.2083,-7.3119],[113.2082,-7.3119],[113.2081,-7.3119],[113.2078,-7.3119],[113.2077,-7.3119],[113.2076,-7.3119],[113.2069,-7.3118],[113.2067,-7.3117],[113.2066,-7.3117],[113.2064,-7.3117],[113.2063,-7.3116],[113.2061,-7.3116],[113.2057,-7.3114],[113.2055,-7.3113],[113.2053,-7.3112],[113.2052,-7.3112],[113.2051,-7.3111],[113.205,-7.3111],[113.2049,-7.311],[113.2048,-7.3109],[113.2047,-7.3109],[113.2045,-7.3109],[113.2044,-7.3109],[113.2043,-7.3109],[113.2041,-7.3108],[113.2039,-7.3107],[113.2038,-7.3107],[113.2036,-7.3106],[113.2035,-7.3106],[113.2032,-7.3105],[113.203,-7.3104],[113.2029,-7.3104],[113.2029,-7.3103],[113.2028,-7.3103],[113.2027,-7.3103]]]}},{"type":"Feature","properties":{"name":"Pencadangan/Indikasi Kawasan Konservasi","fillColor":"#f60ada","fillOpacity":0.55},"geometry":{"type":"Polygon","coordinates":[[[114.0677,-7.1176],[114.0692,-7.1064],[114.0693,-7.1057],[114.0696,-7.1036],[114.0661,-7.1111],[114.0643,-7.1132],[114.0603,-7.1177],[114.0675,-7.1176],[114.0677,-7.1176]]]}},{"type":"Feature","properties":{"name":"Pencadangan/Indikasi Kawasan Konservasi","fillColor":"#f60ada","fillOpacity":0.55},"geometry":{"type":"Polygon","coordinates":[[[114.0423,-7.2112],[114.0423,-7.2017],[114.0422,-7.2018],[114.0422,-7.2019],[114.0421,-7.202],[114.042,-7.2021],[114.0419,-7.2022],[114.0418,-7.2023],[114.0418,-7.2024],[114.0417,-7.2025],[114.0417,-7.2026],[114.0417,-7.2027],[114.0416,-7.2027],[114.0416,-7.2028],[114.0415,-7.2028],[114.0415,-7.2029],[114.0415,-7.203],[114.0414,-7.2031],[114.0414,-7.2032],[114.0413,-7.2033],[114.0413,-7.2035],[114.0413,-7.2036],[114.0413,-7.2037],[114.0412,-7.2038],[114.0412,-7.2039],[114.0412,-7.204],[114.0411,-7.2041],[114.0411,-7.2044],[114.0411,-7.2045],[114.0411,-7.2046],[114.0411,-7.2047],[114.041,-7.2049],[114.0409,-7.205],[114.0409,-7.2051],[114.0409,-7.2052],[114.0408,-7.2053],[114.0408,-7.2054],[114.0408,-7.2055],[114.0407,-7.2056],[114.0407,-7.2058],[114.0407,-7.2059],[114.0407,-7.206],[114.0406,-7.2061],[114.0406,-7.2063],[114.0406,-7.2064],[114.0406,-7.2065],[114.0406,-7.2067],[114.0406,-7.2068],[114.0406,-7.2069],[114.0406,-7.207],[114.0405,-7.2071],[114.0405,-7.2072],[114.0405,-7.2073],[114.0405,-7.2074],[114.0405,-7.2075],[114.0405,-7.2076],[114.0405,-7.2077],[114.0405,-7.2079],[114.0405,-7.208],[114.0405,-7.2081],[114.0405,-7.2082],[114.0406,-7.2083],[114.0406,-7.2085],[114.0406,-7.2086],[114.0407,-7.2087],[114.0407,-7.2088],[114.0407,-7.2089],[114.0408,-7.209],[114.0408,-7.2091],[114.0409,-7.2092],[114.0409,-7.2093],[114.0409,-7.2094],[114.041,-7.2096],[114.041,-7.2097],[114.041,-7.2098],[114.0411,-7.2099],[114.0412,-7.21],[114.0412,-7.2101],[114.0413,-7.2102],[114.0414,-7.2103],[114.0415,-7.2104],[114.0416,-7.2105],[114.0416,-7.2106],[114.0417,-7.2106],[114.0418,-7.2107],[114.0418,-7.2108],[114.0419,-7.2109],[114.042,-7.211],[114.0422,-7.211],[114.0423,-7.2111],[114.0423,-7.2112]]]}},{"type":"Feature","properties":{"name":"Pencadangan/Indikasi Kawasan Konservasi","fillColor":"#f60ada","fillOpacity":0.55},"geometry":{"type":"Polygon","coordinates":[[[112.9986,-7.2106],[112.9885,-7.2096],[112.9838,-7.2091],[112.9851,-7.2095],[112.9921,-7.2115],[112.9977,-7.2132],[112.9986,-7.2106]]]}},{"type":"Feature","properties":{"name":"Pencadangan/Indikasi Kawasan Konservasi","fillColor":"#f60ada","fillOpacity":0.55},"geometry":{"type":"Polygon","coordinates":[[[113.128,-6.8857],[113.1249,-6.8857],[113.1249,-6.8866],[113.1247,-6.8898],[113.1247,-6.893],[113.1249,-6.893],[113.1251,-6.893],[113.1253,-6.8931],[113.1255,-6.8931],[113.1256,-6.8931],[113.1257,-6.8931],[113.1258,-6.8931],[113.126,-6.8931],[113.1262,-6.8931],[113.1263,-6.8931],[113.1265,-6.8931],[113.1266,-6.8931],[113.1267,-6.8931],[113.127,-6.8931],[113.1271,-6.8931],[113.1273,-6.8931],[113.1274,-6.8931],[113.1276,-6.893],[113.1277,-6.8929],[113.1278,-6.8928],[113.1279,-6.8927],[113.1279,-6.8926],[113.128,-6.8925],[113.1279,-6.8924],[113.1279,-6.8922],[113.128,-6.8922],[113.1283,-6.892],[113.128,-6.8857]]]}},{"type":"Feature","properties":{"name":"Pencadangan/Indikasi Kawasan Konservasi","fillColor":"#f60ada","fillOpacity":0.55},"geometry":{"type":"Polygon","coordinates":[[[111.7693,-6.775],[111.7716,-6.7708],[111.7634,-6.7675],[111.7599,-6.7746],[111.7599,-6.7747],[111.76,-6.7747],[111.7601,-6.7747],[111.7602,-6.7747],[111.7602,-6.7748],[111.7603,-6.7748],[111.7604,-6.7748],[111.7605,-6.7749],[111.7606,-6.7749],[111.7607,-6.7749],[111.7608,-6.7749],[111.7609,-6.7749],[111.7609,-6.775],[111.761,-6.775],[111.7611,-6.775],[111.7612,-6.775],[111.7613,-6.775],[111.7614,-6.775],[111.7615,-6.775],[111.7616,-6.775],[111.7617,-6.775],[111.7618,-6.775],[111.7619,-6.775],[111.762,-6.775],[111.7621,-6.775],[111.7622,-6.775],[111.7623,-6.775],[111.7624,-6.775],[111.7625,-6.7749],[111.7626,-6.7749],[111.7627,-6.7749],[111.7628,-6.7749],[111.7629,-6.7749],[111.7629,-6.7748],[111.763,-6.7748],[111.7631,-6.7748],[111.7632,-6.7747],[111.7633,-6.7747],[111.7634,-6.7747],[111.7635,-6.7746],[111.7636,-6.7746],[111.7637,-6.7746],[111.7637,-6.7745],[111.7638,-6.7745],[111.7639,-6.7745],[111.764,-6.7745],[111.7641,-6.7744],[111.7642,-6.7744],[111.7642,-6.7743],[111.7643,-6.7743],[111.7644,-6.7743],[111.7644,-6.7742],[111.7645,-6.7742],[111.7646,-6.7742],[111.7646,-6.7741],[111.7647,-6.7741],[111.7647,-6.774],[111.7648,-6.774],[111.7648,-6.7739],[111.7648,-6.7738],[111.7648,-6.7737],[111.7648,-6.7736],[111.7648,-6.7735],[111.7647,-6.7735],[111.7647,-6.7734],[111.7647,-6.7733],[111.7648,-6.7732],[111.7649,-6.7731],[111.7649,-6.773],[111.7649,-6.7729],[111.765,-6.7729],[111.765,-6.7728],[111.765,-6.7727],[111.765,-6.7726],[111.765,-6.7725],[111.765,-6.7724],[111.7649,-6.7724],[111.765,-6.7724],[111.765,-6.7723],[111.765,-6.7722],[111.765,-6.7721],[111.7651,-6.772],[111.7652,-6.772],[111.7652,-6.7719],[111.7653,-6.7719],[111.7654,-6.7718],[111.7655,-6.7717],[111.7656,-6.7717],[111.7657,-6.7717],[111.7658,-6.7717],[111.7659,-6.7718],[111.766,-6.7718],[111.7661,-6.7718],[111.7662,-6.7719],[111.7663,-6.7719],[111.7663,-6.772],[111.7664,-6.772],[111.7665,-6.772],[111.7665,-6.7721],[111.7666,-6.7721],[111.7667,-6.7721],[111.7667,-6.7722],[111.7668,-6.7722],[111.7669,-6.7722],[111.767,-6.7722],[111.7671,-6.7723],[111.7672,-6.7723],[111.7672,-6.7724],[111.7673,-6.7724],[111.7674,-6.7724],[111.7674,-6.7725],[111.7675,-6.7726],[111.7675,-6.7727],[111.7676,-6.7727],[111.7676,-6.7728],[111.7677,-6.7729],[111.7677,-6.773],[111.7677,-6.7731],[111.7678,-6.7732],[111.7678,-6.7733],[111.7679,-6.7733],[111.7679,-6.7734],[111.768,-6.7735],[111.768,-6.7736],[111.7681,-6.7736],[111.7681,-6.7737],[111.7682,-6.7738],[111.7683,-6.7739],[111.7683,-6.774],[111.7684,-6.774],[111.7684,-6.7741],[111.7685,-6.7741],[111.7685,-6.7742],[111.7686,-6.7743],[111.7687,-6.7744],[111.7688,-6.7744],[111.7688,-6.7745],[111.7689,-6.7746],[111.769,-6.7747],[111.7691,-6.7748],[111.7692,-6.7749],[111.7693,-6.775]]]}},{"type":"Feature","properties":{"name":"Pencadangan/Indikasi Kawasan Konservasi","fillColor":"#f60ada","fillOpacity":0.55},"geometry":{"type":"Polygon","coordinates":[[[113.388,-8.3999],[113.3879,-8.3999],[113.3879,-8.3998],[113.3878,-8.3998],[113.3877,-8.3996],[113.3876,-8.3995],[113.387,-8.3986],[113.3868,-8.3983],[113.3867,-8.3982],[113.3865,-8.3978],[113.3863,-8.3975],[113.3861,-8.397],[113.3858,-8.3964],[113.3856,-8.396],[113.3855,-8.3959],[113.3854,-8.3957],[113.3853,-8.3955],[113.3851,-8.3955],[113.385,-8.3956],[113.3849,-8.3957],[113.3839,-8.3962],[113.3809,-8.3976],[113.3839,-8.4022],[113.3869,-8.4006],[113.387,-8.4005],[113.3878,-8.4001],[113.388,-8.3999]]]}},{"type":"Feature","properties":{"name":"Pencadangan/Indikasi Kawasan Konservasi","fillColor":"#f60ada","fillOpacity":0.55},"geometry":{"type":"Polygon","coordinates":[[[111.72,-8.3051],[111.72,-8.305],[111.7199,-8.3048],[111.7198,-8.3047],[111.7196,-8.3045],[111.7196,-8.3044],[111.7194,-8.3042],[111.7193,-8.3041],[111.7192,-8.3039],[111.7191,-8.3038],[111.7189,-8.3036],[111.7189,-8.3035],[111.7187,-8.3033],[111.7186,-8.3032],[111.7184,-8.303],[111.7183,-8.3029],[111.7182,-8.3027],[111.7181,-8.3026],[111.7179,-8.3024],[111.7178,-8.3023],[111.7176,-8.3021],[111.7175,-8.3021],[111.7173,-8.3019],[111.7172,-8.3018],[111.717,-8.3016],[111.7169,-8.3016],[111.7167,-8.3014],[111.7166,-8.3013],[111.7164,-8.3011],[111.7163,-8.3011],[111.7161,-8.3009],[111.716,-8.3008],[111.7158,-8.3007],[111.7157,-8.3006],[111.7154,-8.3005],[111.7153,-8.3004],[111.7151,-8.3003],[111.715,-8.3002],[111.7148,-8.3001],[111.7147,-8.3],[111.7144,-8.2999],[111.7143,-8.2998],[111.7141,-8.2997],[111.714,-8.2997],[111.7137,-8.2996],[111.7136,-8.2995],[111.7134,-8.2994],[111.7132,-8.2993],[111.713,-8.2992],[111.7129,-8.2992],[111.7126,-8.2991],[111.7125,-8.2995],[111.711,-8.3055],[111.711,-8.3056],[111.7111,-8.3056],[111.711,-8.3057],[111.711,-8.3058],[111.711,-8.306],[111.7111,-8.306],[111.7111,-8.3061],[111.7112,-8.3062],[111.7113,-8.3062],[111.7114,-8.3063],[111.7115,-8.3063],[111.7115,-8.3064],[111.7116,-8.3064],[111.7117,-8.3064],[111.7118,-8.3065],[111.7119,-8.3066],[111.712,-8.3066],[111.7121,-8.3066],[111.7122,-8.3067],[111.7123,-8.3069],[111.7122,-8.3069],[111.7123,-8.307],[111.7123,-8.3071],[111.7123,-8.3072],[111.7123,-8.3073],[111.7124,-8.3074],[111.7125,-8.3074],[111.7126,-8.3074],[111.7127,-8.3074],[111.7128,-8.3075],[111.713,-8.3076],[111.7131,-8.3076],[111.7132,-8.3078],[111.7133,-8.3078],[111.7134,-8.3079],[111.7134,-8.308],[111.7134,-8.3081],[111.7134,-8.3082],[111.7198,-8.3052],[111.72,-8.3051]]]}},{"type":"Feature","properties":{"name":"Pencadangan/Indikasi Kawasan Konservasi","fillColor":"#f60ada","fillOpacity":0.55},"geometry":{"type":"Polygon","coordinates":[[[115.5917,-7.0332],[115.5917,-7.0231],[115.59,-7.0239],[115.5856,-7.0261],[115.59,-7.0337],[115.5901,-7.0339],[115.5901,-7.034],[115.5917,-7.0332]]]}},{"type":"Feature","properties":{"name":"Pencadangan/Indikasi Kawasan Konservasi","fillColor":"#f60ada","fillOpacity":0.55},"geometry":{"type":"Polygon","coordinates":[[[112.9992,-7.2089],[112.9991,-7.2089],[112.9986,-7.2089],[112.9984,-7.2089],[112.9982,-7.2089],[112.9979,-7.2088],[112.9977,-7.2087],[112.9975,-7.2084],[112.9975,-7.2082],[112.9974,-7.2078],[112.9973,-7.2077],[112.9971,-7.2076],[112.9969,-7.2075],[112.9969,-7.2074],[112.997,-7.2071],[112.9969,-7.2068],[112.9969,-7.2066],[112.9969,-7.2063],[112.9969,-7.2061],[112.9967,-7.2059],[112.9966,-7.2056],[112.9962,-7.2049],[112.9961,-7.2045],[112.9957,-7.2043],[112.9949,-7.2041],[112.9947,-7.2042],[112.9939,-7.2038],[112.993,-7.2032],[112.9928,-7.2029],[112.9918,-7.2025],[112.9914,-7.2023],[112.9913,-7.2023],[112.9911,-7.2025],[112.9906,-7.2023],[112.9901,-7.2019],[112.99,-7.2018],[112.9897,-7.2017],[112.9892,-7.2015],[112.9888,-7.2014],[112.988,-7.2011],[112.9871,-7.2012],[112.987,-7.2012],[112.9848,-7.2012],[112.9843,-7.201],[112.9841,-7.201],[112.9821,-7.2006],[112.9814,-7.2008],[112.9811,-7.2006],[112.9797,-7.2002],[112.9792,-7.2002],[112.9789,-7.2002],[112.9784,-7.2001],[112.9777,-7.1997],[112.9772,-7.1996],[112.976,-7.1993],[112.9757,-7.1992],[112.9753,-7.1993],[112.9744,-7.1995],[112.9737,-7.1996],[112.9736,-7.1996],[112.9726,-7.1998],[112.9725,-7.1996],[112.9724,-7.1992],[112.9723,-7.1991],[112.972,-7.1994],[112.9719,-7.1996],[112.9714,-7.1998],[112.9711,-7.1992],[112.9711,-7.1988],[112.971,-7.1988],[112.9708,-7.1992],[112.97,-7.1998],[112.9694,-7.1999],[112.9683,-7.1997],[112.967,-7.2003],[112.9661,-7.2003],[112.9644,-7.2],[112.9634,-7.1991],[112.9627,-7.1986],[112.9612,-7.1979],[112.9586,-7.1969],[112.9578,-7.1963],[112.9573,-7.1953],[112.9569,-7.1953],[112.9565,-7.1954],[112.9554,-7.1952],[112.9548,-7.1944],[112.9546,-7.194],[112.9538,-7.194],[112.9528,-7.1939],[112.9523,-7.1938],[112.9514,-7.1929],[112.9508,-7.1927],[112.9507,-7.1928],[112.95,-7.1935],[112.9484,-7.1938],[112.9472,-7.1933],[112.9459,-7.1927],[112.9451,-7.1922],[112.9441,-7.1917],[112.9431,-7.1913],[112.9425,-7.1912],[112.9419,-7.1912],[112.9418,-7.1912],[112.9402,-7.1909],[112.9389,-7.1907],[112.9384,-7.1905],[112.9377,-7.1902],[112.9368,-7.1897],[112.9367,-7.1897],[112.9365,-7.1896],[112.9363,-7.1895],[112.9361,-7.1894],[112.9355,-7.1893],[112.9345,-7.189],[112.9333,-7.1887],[112.9322,-7.1884],[112.9315,-7.188],[112.9313,-7.1879],[112.9311,-7.1878],[112.9305,-7.1875],[112.9304,-7.1875],[112.9295,-7.1873],[112.9278,-7.1869],[112.9274,-7.1867],[112.9267,-7.1865],[112.9264,-7.1864],[112.9261,-7.1863],[112.9243,-7.1861],[112.9238,-7.1861],[112.9236,-7.186],[112.9223,-7.1856],[112.9216,-7.1851],[112.9215,-7.1851],[112.9207,-7.1848],[112.92,-7.1848],[112.9197,-7.1846],[112.9196,-7.1843],[112.9194,-7.1838],[112.9187,-7.1832],[112.9187,-7.1831],[112.9184,-7.1831],[112.9178,-7.1832],[112.9173,-7.1833],[112.9168,-7.1834],[112.9162,-7.1838],[112.916,-7.1839],[112.9158,-7.184],[112.9156,-7.1843],[112.9155,-7.1843],[112.9154,-7.1846],[112.9153,-7.1848],[112.9152,-7.1847],[112.9144,-7.1849],[112.9142,-7.1848],[112.9141,-7.1848],[112.9141,-7.1846],[112.9141,-7.1843],[112.914,-7.1842],[112.9139,-7.1846],[112.9136,-7.185],[112.9135,-7.1852],[112.9133,-7.1851],[112.9134,-7.1848],[112.9134,-7.1847],[112.9135,-7.1844],[112.9132,-7.184],[112.913,-7.184],[112.9128,-7.1838],[112.9125,-7.1836],[112.9123,-7.1835],[112.9122,-7.1835],[112.9124,-7.1832],[112.912,-7.1826],[112.9119,-7.1825],[112.9116,-7.1824],[112.9113,-7.1821],[112.9111,-7.1821],[112.9108,-7.1822],[112.9102,-7.1823],[112.9101,-7.1823],[112.91,-7.1819],[112.9099,-7.1812],[112.9097,-7.1811],[112.9094,-7.1811],[112.9092,-7.1813],[112.9087,-7.1805],[112.9082,-7.1806],[112.9081,-7.1803],[112.908,-7.1804],[112.9076,-7.18],[112.9073,-7.1797],[112.9072,-7.1796],[112.907,-7.1794],[112.9069,-7.1795],[112.9068,-7.1796],[112.9065,-7.1797],[112.9062,-7.1797],[112.906,-7.1796],[112.9058,-7.1798],[112.9057,-7.1799],[112.9056,-7.1798],[112.9055,-7.1798],[112.9052,-7.1797],[112.905,-7.1799],[112.9049,-7.1803],[112.9051,-7.1804],[112.9047,-7.1803],[112.9044,-7.1803],[112.9039,-7.1802],[112.9036,-7.1801],[112.9034,-7.1804],[112.9029,-7.1806],[112.9022,-7.1806],[112.9021,-7.1804],[112.9015,-7.1802],[112.9009,-7.1802],[112.9007,-7.1802],[112.9005,-7.1803],[112.9003,-7.1801],[112.9001,-7.18],[112.8998,-7.1801],[112.8997,-7.18],[112.8996,-7.18],[112.8994,-7.1798],[112.8991,-7.1798],[112.899,-7.1797],[112.8987,-7.1797],[112.8986,-7.1794],[112.8985,-7.1794],[112.8983,-7.1792],[112.8982,-7.1792],[112.8982,-7.1793],[112.898,-7.1793],[112.8977,-7.1794],[112.8974,-7.179],[112.8972,-7.1789],[112.8968,-7.179],[112.8963,-7.1787],[112.896,-7.1785],[112.8958,-7.1784],[112.8954,-7.1785],[112.8954,-7.1782],[112.8952,-7.1782],[112.8945,-7.178],[112.8942,-7.1783],[112.8937,-7.1783],[112.8933,-7.178],[112.8931,-7.178],[112.8923,-7.1781],[112.8923,-7.1778],[112.8922,-7.1778],[112.892,-7.1779],[112.8916,-7.178],[112.8916,-7.1779],[112.891,-7.1774],[112.8909,-7.1772],[112.8907,-7.1771],[112.8904,-7.1771],[112.8894,-7.1761],[112.8889,-7.1758],[112.8883,-7.1753],[112.8881,-7.1751],[112.888,-7.1751],[112.8878,-7.175],[112.8874,-7.1746],[112.8872,-7.1743],[112.8871,-7.174],[112.887,-7.1738],[112.8857,-7.1731],[112.8856,-7.1729],[112.8856,-7.1727],[112.8851,-7.1724],[112.8842,-7.172],[112.8839,-7.1717],[112.8835,-7.1715],[112.8832,-7.1713],[112.8827,-7.1711],[112.8821,-7.1708],[112.882,-7.1707],[112.8816,-7.1707],[112.8811,-7.1707],[112.881,-7.1707],[112.8809,-7.1705],[112.8807,-7.1703],[112.8806,-7.1702],[112.8804,-7.1706],[112.8784,-7.1753],[112.8774,-7.1778],[112.8982,-7.1839],[112.9059,-7.1862],[112.9079,-7.1867],[112.921,-7.1906],[112.9341,-7.1945],[112.9423,-7.1969],[112.9556,-7.2008],[112.97,-7.205],[112.9779,-7.2074],[112.9885,-7.2096],[112.9992,-7.2089]]]}},{"type":"Feature","properties":{"name":"Pencadangan/Indikasi Kawasan Konservasi","fillColor":"#f60ada","fillOpacity":0.55},"geometry":{"type":"Polygon","coordinates":[[[112.337,-8.3422],[112.3371,-8.3421],[112.3371,-8.342],[112.337,-8.342],[112.337,-8.3419],[112.337,-8.3418],[112.3371,-8.3416],[112.3371,-8.3415],[112.3371,-8.3414],[112.3371,-8.3413],[112.3371,-8.3411],[112.3372,-8.341],[112.3372,-8.3409],[112.3372,-8.3408],[112.3373,-8.3408],[112.3374,-8.3408],[112.3374,-8.3407],[112.3375,-8.3407],[112.3376,-8.3407],[112.3377,-8.3407],[112.3378,-8.3407],[112.3379,-8.3407],[112.338,-8.3406],[112.3381,-8.3405],[112.3382,-8.3405],[112.3382,-8.3404],[112.3383,-8.3404],[112.3383,-8.3401],[112.3384,-8.3399],[112.3384,-8.3398],[112.3383,-8.3397],[112.3383,-8.3396],[112.3382,-8.3394],[112.3381,-8.3393],[112.338,-8.3391],[112.3375,-8.3385],[112.3374,-8.3385],[112.3365,-8.3375],[112.3364,-8.3373],[112.3362,-8.3372],[112.3357,-8.3365],[112.3356,-8.3364],[112.3355,-8.3362],[112.3353,-8.3359],[112.3352,-8.3358],[112.3352,-8.3356],[112.3352,-8.3353],[112.3351,-8.3352],[112.335,-8.3345],[112.335,-8.3343],[112.335,-8.3341],[112.335,-8.3338],[112.3349,-8.3336],[112.3347,-8.3334],[112.3346,-8.3333],[112.3344,-8.3332],[112.3338,-8.333],[112.3333,-8.3329],[112.333,-8.3328],[112.3325,-8.3327],[112.3323,-8.3326],[112.3321,-8.3326],[112.3315,-8.3323],[112.3308,-8.3321],[112.3306,-8.332],[112.3303,-8.3319],[112.33,-8.3319],[112.3299,-8.3318],[112.3296,-8.3318],[112.3291,-8.3317],[112.3288,-8.3317],[112.3283,-8.3316],[112.3279,-8.3316],[112.3275,-8.3316],[112.3259,-8.3316],[112.3256,-8.3317],[112.3255,-8.3317],[112.3254,-8.3317],[112.3252,-8.3317],[112.3251,-8.3317],[112.3251,-8.3318],[112.325,-8.3318],[112.325,-8.3319],[112.325,-8.332],[112.325,-8.3321],[112.325,-8.3322],[112.3249,-8.3322],[112.3248,-8.3322],[112.3248,-8.3323],[112.3248,-8.3324],[112.3247,-8.3324],[112.3246,-8.3324],[112.3245,-8.3324],[112.3244,-8.3324],[112.3243,-8.3324],[112.3242,-8.3324],[112.3241,-8.3324],[112.3237,-8.3323],[112.3236,-8.3323],[112.3234,-8.3322],[112.3233,-8.3322],[112.3232,-8.3322],[112.323,-8.3322],[112.3229,-8.3322],[112.3224,-8.3324],[112.3214,-8.3327],[112.3214,-8.3328],[112.3212,-8.3328],[112.3211,-8.3329],[112.321,-8.3329],[112.3209,-8.333],[112.3208,-8.333],[112.3207,-8.3331],[112.3206,-8.3331],[112.32,-8.3335],[112.3198,-8.3336],[112.3196,-8.3337],[112.3194,-8.3338],[112.3191,-8.334],[112.319,-8.3341],[112.319,-8.3342],[112.3189,-8.3342],[112.3189,-8.3343],[112.3189,-8.3344],[112.319,-8.3344],[112.319,-8.3345],[112.3191,-8.3346],[112.3191,-8.3347],[112.3191,-8.335],[112.319,-8.3352],[112.319,-8.3353],[112.319,-8.3354],[112.319,-8.3355],[112.319,-8.3356],[112.3189,-8.3357],[112.3189,-8.3358],[112.3188,-8.3358],[112.3188,-8.3359],[112.3187,-8.3359],[112.3186,-8.3359],[112.3186,-8.336],[112.3185,-8.336],[112.3184,-8.336],[112.3183,-8.3359],[112.3182,-8.3359],[112.3181,-8.3359],[112.318,-8.336],[112.318,-8.3361],[112.3179,-8.3361],[112.3179,-8.3362],[112.318,-8.3364],[112.318,-8.3365],[112.3181,-8.3366],[112.3182,-8.3367],[112.3184,-8.3369],[112.3184,-8.337],[112.3185,-8.337],[112.3185,-8.3371],[112.3186,-8.3372],[112.3186,-8.3373],[112.3187,-8.3373],[112.3187,-8.3374],[112.3188,-8.3374],[112.3188,-8.3375],[112.3188,-8.338],[112.3188,-8.3381],[112.3188,-8.3382],[112.3188,-8.3383],[112.3188,-8.3384],[112.3188,-8.3385],[112.3187,-8.3386],[112.3187,-8.3387],[112.3185,-8.3387],[112.3185,-8.3388],[112.3184,-8.3388],[112.3184,-8.3389],[112.3183,-8.3389],[112.3182,-8.3389],[112.3182,-8.339],[112.3181,-8.339],[112.3181,-8.3391],[112.3181,-8.3392],[112.318,-8.3394],[112.318,-8.3396],[112.318,-8.3397],[112.318,-8.3398],[112.318,-8.3399],[112.3181,-8.3399],[112.3182,-8.34],[112.3183,-8.34],[112.3184,-8.34],[112.3185,-8.34],[112.3186,-8.34],[112.3186,-8.3401],[112.3185,-8.3401],[112.3185,-8.3402],[112.3184,-8.3402],[112.3184,-8.3403],[112.3183,-8.3403],[112.3183,-8.3404],[112.3183,-8.3405],[112.3184,-8.3405],[112.3184,-8.3406],[112.3185,-8.3406],[112.3186,-8.3407],[112.3186,-8.3408],[112.3185,-8.3409],[112.3185,-8.341],[112.3186,-8.3411],[112.3186,-8.3412],[112.3186,-8.3413],[112.3186,-8.3414],[112.3186,-8.3415],[112.3185,-8.3416],[112.3185,-8.3417],[112.3184,-8.3418],[112.3184,-8.3419],[112.3183,-8.3419],[112.3181,-8.342],[112.3182,-8.342],[112.3205,-8.3429],[112.3215,-8.3433],[112.3236,-8.3389],[112.3305,-8.3387],[112.3336,-8.343],[112.3353,-8.3426],[112.3368,-8.3422],[112.337,-8.3422]]]}},{"type":"Feature","properties":{"name":"Pencadangan/Indikasi Kawasan Konservasi","fillColor":"#f60ada","fillOpacity":0.55},"geometry":{"type":"Polygon","coordinates":[[[113.3995,-8.3954],[113.4013,-8.3978],[113.4079,-8.3938],[113.4104,-8.3923],[113.4126,-8.391],[113.4149,-8.3896],[113.414,-8.388],[113.4133,-8.3868],[113.4131,-8.3865],[113.4106,-8.388],[113.4101,-8.3882],[113.4096,-8.3886],[113.4088,-8.3889],[113.4085,-8.3891],[113.4082,-8.3892],[113.4081,-8.3893],[113.407,-8.3899],[113.4062,-8.3903],[113.4061,-8.3904],[113.4061,-8.3905],[113.4059,-8.3908],[113.4059,-8.3909],[113.4058,-8.3909],[113.4053,-8.3913],[113.4047,-8.3917],[113.4037,-8.3924],[113.4032,-8.3927],[113.4029,-8.3928],[113.4029,-8.3929],[113.4027,-8.3929],[113.4025,-8.3931],[113.4024,-8.3932],[113.4022,-8.3934],[113.4021,-8.3935],[113.4019,-8.3937],[113.4015,-8.394],[113.4009,-8.3944],[113.4007,-8.3945],[113.4002,-8.3949],[113.3995,-8.3954]]]}},{"type":"Feature","properties":{"name":"Pencadangan/Indikasi Kawasan Konservasi","fillColor":"#f60ada","fillOpacity":0.55},"geometry":{"type":"Polygon","coordinates":[[[112.9788,-8.3295],[112.9765,-8.3273],[112.9754,-8.3263],[112.9753,-8.3263],[112.9752,-8.3265],[112.9747,-8.327],[112.9743,-8.3274],[112.9736,-8.3282],[112.9728,-8.3291],[112.9723,-8.3297],[112.9719,-8.3302],[112.9715,-8.3305],[112.9715,-8.3306],[112.9715,-8.3307],[112.9714,-8.3306],[112.9712,-8.3309],[112.971,-8.3313],[112.9707,-8.3318],[112.9705,-8.3322],[112.9703,-8.3324],[112.97,-8.3327],[112.9697,-8.3329],[112.9695,-8.3331],[112.9693,-8.3332],[112.969,-8.3333],[112.9687,-8.3334],[112.9683,-8.3337],[112.9683,-8.3338],[112.9683,-8.3339],[112.9683,-8.334],[112.9682,-8.3341],[112.9682,-8.3342],[112.968,-8.3343],[112.9673,-8.3349],[112.9668,-8.3353],[112.9667,-8.3354],[112.9662,-8.3358],[112.9659,-8.3361],[112.9654,-8.3366],[112.9653,-8.3368],[112.9649,-8.3374],[112.9647,-8.3376],[112.9645,-8.3381],[112.9642,-8.3387],[112.9639,-8.3396],[112.9639,-8.3398],[112.9638,-8.3401],[112.9638,-8.3404],[112.9638,-8.3406],[112.9637,-8.3406],[112.9636,-8.3407],[112.9635,-8.341],[112.9634,-8.3411],[112.9634,-8.3412],[112.9632,-8.3413],[112.9629,-8.3416],[112.9626,-8.3419],[112.9625,-8.3419],[112.9625,-8.342],[112.9624,-8.342],[112.962,-8.3423],[112.9616,-8.3427],[112.9611,-8.3433],[112.9609,-8.3436],[112.9607,-8.344],[112.9605,-8.3446],[112.9612,-8.3546],[112.9634,-8.3565],[112.9677,-8.3604],[112.9697,-8.3621],[112.9721,-8.3597],[112.9768,-8.355],[112.9817,-8.3501],[112.9874,-8.3444],[112.9908,-8.3409],[112.9865,-8.3369],[112.9865,-8.3367],[112.9864,-8.3367],[112.9809,-8.3315],[112.9788,-8.3295]]]}},{"type":"Feature","properties":{"name":"Pencadangan/Indikasi Kawasan Konservasi","fillColor":"#f60ada","fillOpacity":0.55},"geometry":{"type":"Polygon","coordinates":[[[113.1502,-7.213],[113.1495,-7.2093],[113.1494,-7.2089],[113.149,-7.2091],[113.1486,-7.2093],[113.1481,-7.2095],[113.1476,-7.2096],[113.1473,-7.2097],[113.1472,-7.2097],[113.147,-7.2097],[113.1467,-7.2098],[113.1464,-7.21],[113.1462,-7.2102],[113.1461,-7.2103],[113.1459,-7.2104],[113.1458,-7.2104],[113.1457,-7.2104],[113.1456,-7.2105],[113.1456,-7.2106],[113.1455,-7.2106],[113.1455,-7.2107],[113.1454,-7.2108],[113.1453,-7.2108],[113.1451,-7.2108],[113.1449,-7.2109],[113.1448,-7.211],[113.1446,-7.211],[113.1445,-7.2111],[113.1444,-7.2111],[113.1444,-7.2112],[113.1444,-7.2113],[113.1444,-7.2116],[113.1444,-7.2119],[113.1444,-7.212],[113.1445,-7.2123],[113.1445,-7.2124],[113.1445,-7.2126],[113.1445,-7.2127],[113.1445,-7.2128],[113.1444,-7.2129],[113.1444,-7.2131],[113.1445,-7.2132],[113.1447,-7.2134],[113.1448,-7.2136],[113.145,-7.2138],[113.1453,-7.2141],[113.1458,-7.2146],[113.1462,-7.2148],[113.1469,-7.2152],[113.147,-7.2153],[113.1502,-7.213]]]}},{"type":"Feature","properties":{"name":"Pencadangan/Indikasi Kawasan Konservasi","fillColor":"#f60ada","fillOpacity":0.55},"geometry":{"type":"Polygon","coordinates":[[[111.943,-8.2992],[111.9438,-8.2992],[111.9445,-8.2984],[111.9459,-8.2966],[111.9476,-8.2944],[111.9485,-8.2933],[111.9471,-8.2918],[111.9425,-8.2872],[111.9405,-8.2852],[111.9386,-8.2833],[111.9384,-8.2831],[111.938,-8.2837],[111.9378,-8.284],[111.9377,-8.2842],[111.9374,-8.2846],[111.9369,-8.2856],[111.9368,-8.2859],[111.9366,-8.2864],[111.9365,-8.2864],[111.9364,-8.2867],[111.9363,-8.2869],[111.9362,-8.2873],[111.9361,-8.2874],[111.936,-8.2878],[111.936,-8.2881],[111.9359,-8.2884],[111.9358,-8.2889],[111.9358,-8.2891],[111.9358,-8.2893],[111.9357,-8.2897],[111.9357,-8.2901],[111.9356,-8.2904],[111.9356,-8.2908],[111.9355,-8.2909],[111.9355,-8.2912],[111.9355,-8.2913],[111.9354,-8.2913],[111.9354,-8.2914],[111.9353,-8.2914],[111.9352,-8.2915],[111.9351,-8.2925],[111.9351,-8.2926],[111.9351,-8.2927],[111.9351,-8.2928],[111.9352,-8.2929],[111.9353,-8.2929],[111.9354,-8.2929],[111.9355,-8.2929],[111.9356,-8.2929],[111.9357,-8.2928],[111.9358,-8.2928],[111.9359,-8.2928],[111.936,-8.2928],[111.9363,-8.2928],[111.9364,-8.2928],[111.9364,-8.2929],[111.9365,-8.2929],[111.9366,-8.2929],[111.9366,-8.293],[111.9366,-8.2931],[111.9367,-8.2931],[111.9368,-8.2931],[111.9369,-8.293],[111.937,-8.293],[111.9371,-8.293],[111.9372,-8.2929],[111.9373,-8.2929],[111.9374,-8.2929],[111.9374,-8.293],[111.9375,-8.293],[111.9376,-8.293],[111.9377,-8.2931],[111.9378,-8.2931],[111.9379,-8.2931],[111.938,-8.2931],[111.9381,-8.2931],[111.9381,-8.2932],[111.9381,-8.2931],[111.9382,-8.2931],[111.9383,-8.293],[111.9383,-8.2929],[111.9384,-8.2929],[111.9385,-8.2929],[111.9387,-8.293],[111.9387,-8.2931],[111.9386,-8.2933],[111.9386,-8.2934],[111.9387,-8.2934],[111.9388,-8.2935],[111.939,-8.2936],[111.9391,-8.2936],[111.9391,-8.2937],[111.9392,-8.2937],[111.9392,-8.2936],[111.9392,-8.2935],[111.9393,-8.2935],[111.9394,-8.2935],[111.9395,-8.2934],[111.9396,-8.2934],[111.9397,-8.2934],[111.9398,-8.2934],[111.9399,-8.2934],[111.94,-8.2934],[111.9401,-8.2934],[111.9404,-8.2935],[111.9405,-8.2935],[111.9406,-8.2935],[111.9407,-8.2936],[111.9407,-8.2937],[111.9408,-8.2938],[111.9408,-8.2939],[111.9408,-8.294],[111.9408,-8.2941],[111.9408,-8.2942],[111.9409,-8.2942],[111.9409,-8.2943],[111.941,-8.2943],[111.9411,-8.2942],[111.9412,-8.2942],[111.9413,-8.2942],[111.9414,-8.2941],[111.9415,-8.294],[111.9416,-8.2939],[111.9417,-8.2939],[111.9417,-8.2938],[111.9418,-8.2938],[111.9419,-8.2937],[111.942,-8.2937],[111.9421,-8.2937],[111.9421,-8.2938],[111.9421,-8.2939],[111.9421,-8.294],[111.9422,-8.294],[111.9422,-8.2941],[111.9421,-8.2941],[111.9421,-8.2942],[111.9421,-8.2943],[111.9422,-8.2943],[111.9423,-8.2942],[111.9424,-8.2942],[111.9425,-8.2941],[111.9426,-8.294],[111.9427,-8.294],[111.9428,-8.2939],[111.9429,-8.2938],[111.943,-8.2938],[111.9431,-8.2938],[111.9431,-8.2939],[111.943,-8.2939],[111.943,-8.294],[111.9431,-8.294],[111.9431,-8.2941],[111.9432,-8.2942],[111.9432,-8.2943],[111.9431,-8.2943],[111.9431,-8.2944],[111.9431,-8.2945],[111.9431,-8.2946],[111.9432,-8.2946],[111.9432,-8.2945],[111.9432,-8.2946],[111.9433,-8.2946],[111.9433,-8.2947],[111.9433,-8.2948],[111.9434,-8.2948],[111.9434,-8.2947],[111.9435,-8.2947],[111.9435,-8.2948],[111.9435,-8.2949],[111.9435,-8.295],[111.9435,-8.2951],[111.9436,-8.2951],[111.9436,-8.2952],[111.9436,-8.2953],[111.9436,-8.2954],[111.9437,-8.2956],[111.9437,-8.2957],[111.9438,-8.2957],[111.9438,-8.2958],[111.9438,-8.2959],[111.9439,-8.2959],[111.944,-8.2959],[111.9441,-8.2959],[111.9441,-8.296],[111.944,-8.296],[111.9439,-8.296],[111.9438,-8.296],[111.9437,-8.296],[111.9436,-8.2959],[111.9435,-8.2959],[111.9434,-8.2959],[111.9434,-8.296],[111.9434,-8.2961],[111.9435,-8.2961],[111.9436,-8.2962],[111.9437,-8.2962],[111.9437,-8.2963],[111.9438,-8.2963],[111.9438,-8.2964],[111.9439,-8.2965],[111.9439,-8.2966],[111.9438,-8.2966],[111.9436,-8.2966],[111.9436,-8.2967],[111.9434,-8.2967],[111.9433,-8.2967],[111.9432,-8.2967],[111.9431,-8.2967],[111.943,-8.2967],[111.9429,-8.2967],[111.9429,-8.2966],[111.9428,-8.2966],[111.9427,-8.2966],[111.9427,-8.2967],[111.9426,-8.2967],[111.9426,-8.2968],[111.9427,-8.2968],[111.9427,-8.2969],[111.9427,-8.297],[111.9428,-8.297],[111.9428,-8.2971],[111.9429,-8.2972],[111.943,-8.2973],[111.9431,-8.2973],[111.9431,-8.2974],[111.9431,-8.2975],[111.943,-8.2975],[111.943,-8.2976],[111.9429,-8.2977],[111.9429,-8.2978],[111.943,-8.2978],[111.943,-8.2979],[111.943,-8.2978],[111.9431,-8.2978],[111.9431,-8.2977],[111.9432,-8.2977],[111.9432,-8.2978],[111.9433,-8.2978],[111.9433,-8.2979],[111.9434,-8.2979],[111.9434,-8.298],[111.9434,-8.2981],[111.9433,-8.2982],[111.9434,-8.2982],[111.9434,-8.2983],[111.9435,-8.2983],[111.9435,-8.2984],[111.9436,-8.2984],[111.9437,-8.2984],[111.9438,-8.2984],[111.9438,-8.2985],[111.9438,-8.2986],[111.9438,-8.2987],[111.9438,-8.2988],[111.9437,-8.2988],[111.9437,-8.2987],[111.9436,-8.2987],[111.9435,-8.2986],[111.9434,-8.2986],[111.9433,-8.2986],[111.9433,-8.2985],[111.9432,-8.2986],[111.9431,-8.2987],[111.9431,-8.2988],[111.9431,-8.2989],[111.943,-8.2989],[111.943,-8.299],[111.943,-8.2992]]]}},{"type":"Feature","properties":{"name":"Kawasan Konservasi Lainnya","fillColor":"#a3ff73","fillOpacity":0.55},"geometry":{"type":"Polygon","coordinates":[[[113.9557,-8.5693],[113.959,-8.5676],[113.9595,-8.5674],[113.9596,-8.5673],[113.9596,-8.5672],[113.9592,-8.5669],[113.959,-8.5666],[113.9589,-8.5665],[113.9585,-8.5663],[113.9579,-8.566],[113.9578,-8.566],[113.9577,-8.5659],[113.9576,-8.5658],[113.9574,-8.5657],[113.9572,-8.5655],[113.9569,-8.5653],[113.9567,-8.5651],[113.9561,-8.5658],[113.9514,-8.5714],[113.9557,-8.5693]]]}},{"type":"Feature","properties":{"name":"Kawasan Konservasi Lainnya","fillColor":"#a3ff73","fillOpacity":0.55},"geometry":{"type":"MultiPolygon","coordinates":[[[[113.8533,-8.5498],[113.8528,-8.5497],[113.8525,-8.5498],[113.852,-8.5498],[113.8517,-8.55],[113.8518,-8.5505],[113.8515,-8.551],[113.8512,-8.5512],[113.8507,-8.5518],[113.8504,-8.5521],[113.8499,-8.5522],[113.8495,-8.5521],[113.8493,-8.5522],[113.8489,-8.5524],[113.8486,-8.5528],[113.8482,-8.5527],[113.8482,-8.5532],[113.8477,-8.5531],[113.8469,-8.5534],[113.8464,-8.5535],[113.846,-8.5538],[113.8455,-8.5535],[113.8454,-8.5539],[113.8454,-8.5543],[113.8451,-8.5544],[113.8449,-8.5549],[113.8446,-8.5547],[113.8444,-8.5551],[113.8438,-8.5552],[113.8436,-8.5551],[113.8439,-8.5545],[113.8428,-8.5542],[113.8423,-8.5543],[113.8418,-8.5546],[113.8412,-8.5546],[113.841,-8.5549],[113.8408,-8.5552],[113.8406,-8.555],[113.8407,-8.5545],[113.84,-8.5545],[113.8393,-8.5547],[113.8385,-8.5546],[113.8382,-8.554],[113.8377,-8.5538],[113.8372,-8.5535],[113.8368,-8.553],[113.8367,-8.5524],[113.8601,-8.5771],[113.9309,-8.5819],[113.9481,-8.5596],[113.9466,-8.5588],[113.9458,-8.5585],[113.9439,-8.5579],[113.943,-8.5578],[113.9425,-8.5581],[113.9427,-8.5578],[113.942,-8.5578],[113.9407,-8.5578],[113.9392,-8.5581],[113.9385,-8.5583],[113.9376,-8.5587],[113.9368,-8.5591],[113.936,-8.5597],[113.9352,-8.56],[113.9346,-8.5604],[113.9347,-8.5608],[113.9351,-8.5615],[113.9356,-8.5621],[113.9363,-8.5626],[113.9362,-8.563],[113.9361,-8.5632],[113.936,-8.5631],[113.9356,-8.5634],[113.9358,-8.5637],[113.9363,-8.5639],[113.9367,-8.5642],[113.9371,-8.5645],[113.9373,-8.5649],[113.937,-8.5649],[113.9371,-8.5655],[113.9369,-8.5657],[113.9361,-8.5658],[113.9357,-8.5659],[113.9355,-8.5664],[113.9352,-8.5666],[113.9338,-8.5663],[113.9328,-8.5654],[113.9326,-8.5644],[113.9318,-8.5636],[113.9312,-8.5629],[113.931,-8.5622],[113.9305,-8.5619],[113.9306,-8.5613],[113.93,-8.5611],[113.9295,-8.5607],[113.929,-8.5606],[113.9289,-8.561],[113.9282,-8.5608],[113.9278,-8.5605],[113.9271,-8.5606],[113.9263,-8.5606],[113.9257,-8.5602],[113.9252,-8.5604],[113.9245,-8.5613],[113.9247,-8.5624],[113.9251,-8.5626],[113.9255,-8.5628],[113.9256,-8.5633],[113.9249,-8.563],[113.9244,-8.5632],[113.9239,-8.5635],[113.9234,-8.5641],[113.9238,-8.5646],[113.9244,-8.5654],[113.9245,-8.5659],[113.9248,-8.5661],[113.9249,-8.5668],[113.9251,-8.5674],[113.9255,-8.5678],[113.9257,-8.5682],[113.9256,-8.5684],[113.9251,-8.5684],[113.9252,-8.5687],[113.925,-8.5682],[113.9246,-8.568],[113.9242,-8.5683],[113.9241,-8.5688],[113.9241,-8.5692],[113.9245,-8.5695],[113.9252,-8.5701],[113.9252,-8.5705],[113.925,-8.571],[113.9242,-8.5717],[113.9243,-8.5723],[113.9241,-8.5726],[113.9237,-8.5727],[113.9237,-8.5731],[113.9234,-8.5733],[113.923,-8.5737],[113.9225,-8.5736],[113.9219,-8.5732],[113.9216,-8.5734],[113.9212,-8.5735],[113.9213,-8.5738],[113.9211,-8.5736],[113.9203,-8.5738],[113.9195,-8.5736],[113.9185,-8.5738],[113.918,-8.5738],[113.9179,-8.5743],[113.9177,-8.5749],[113.9179,-8.5753],[113.9181,-8.5758],[113.9175,-8.5757],[113.9174,-8.5763],[113.9177,-8.5768],[113.9183,-8.5774],[113.9184,-8.5778],[113.918,-8.578],[113.9175,-8.5783],[113.917,-8.5783],[113.917,-8.5778],[113.916,-8.5775],[113.9154,-8.5772],[113.9148,-8.5773],[113.9144,-8.5773],[113.9137,-8.5777],[113.9133,-8.5779],[113.9129,-8.5779],[113.912,-8.5779],[113.9114,-8.5784],[113.9111,-8.5784],[113.9109,-8.5787],[113.9101,-8.5787],[113.9092,-8.5789],[113.909,-8.5785],[113.9085,-8.5785],[113.9081,-8.5785],[113.908,-8.578],[113.9077,-8.5774],[113.9074,-8.5767],[113.9071,-8.5762],[113.9067,-8.5761],[113.9061,-8.5763],[113.9053,-8.577],[113.9049,-8.5772],[113.9043,-8.577],[113.9042,-8.5763],[113.9042,-8.5758],[113.9038,-8.5754],[113.9034,-8.5755],[113.903,-8.5758],[113.9028,-8.5761],[113.9025,-8.576],[113.9023,-8.5755],[113.902,-8.5753],[113.9017,-8.5755],[113.9013,-8.5751],[113.9009,-8.5749],[113.9012,-8.5745],[113.9008,-8.5744],[113.9007,-8.5741],[113.9006,-8.5738],[113.9004,-8.5742],[113.8999,-8.5739],[113.8998,-8.5735],[113.8998,-8.5728],[113.9,-8.5724],[113.9002,-8.5718],[113.9004,-8.5715],[113.9002,-8.5709],[113.9002,-8.5705],[113.8995,-8.5701],[113.8998,-8.5689],[113.8972,-8.5661],[113.8942,-8.565],[113.8909,-8.564],[113.8898,-8.5634],[113.8865,-8.5621],[113.8848,-8.5613],[113.8827,-8.5602],[113.8813,-8.5601],[113.879,-8.5586],[113.8781,-8.5581],[113.8761,-8.557],[113.8756,-8.5571],[113.8752,-8.5575],[113.8749,-8.5573],[113.8741,-8.5577],[113.8737,-8.5576],[113.8733,-8.5575],[113.8731,-8.5571],[113.8728,-8.5569],[113.8724,-8.557],[113.8722,-8.5566],[113.8717,-8.5564],[113.8715,-8.5565],[113.8714,-8.5567],[113.8712,-8.557],[113.8708,-8.5573],[113.8705,-8.5571],[113.8704,-8.5573],[113.8703,-8.5577],[113.8701,-8.5581],[113.8699,-8.5585],[113.8695,-8.5589],[113.8695,-8.5592],[113.8696,-8.5597],[113.8692,-8.5598],[113.8693,-8.5594],[113.869,-8.5593],[113.8686,-8.5594],[113.8682,-8.5598],[113.8677,-8.5603],[113.8671,-8.5605],[113.8668,-8.5605],[113.8664,-8.5609],[113.8657,-8.5609],[113.8646,-8.5613],[113.864,-8.5614],[113.8632,-8.5611],[113.8625,-8.5603],[113.8619,-8.5599],[113.8614,-8.5599],[113.8611,-8.5602],[113.8611,-8.5599],[113.8608,-8.5593],[113.8603,-8.5591],[113.8596,-8.5593],[113.8595,-8.5597],[113.8592,-8.5595],[113.859,-8.5591],[113.8584,-8.5588],[113.858,-8.5589],[113.8581,-8.5595],[113.8578,-8.5597],[113.8576,-8.5593],[113.857,-8.5589],[113.8568,-8.5584],[113.8565,-8.5582],[113.8565,-8.5575],[113.8566,-8.5567],[113.8564,-8.5559],[113.856,-8.5556],[113.8562,-8.5549],[113.8561,-8.5544],[113.8559,-8.554],[113.8558,-8.5538],[113.8555,-8.5541],[113.8555,-8.5535],[113.8553,-8.5533],[113.8553,-8.553],[113.8551,-8.5527],[113.8547,-8.5526],[113.8542,-8.5526],[113.8541,-8.5522],[113.8537,-8.5523],[113.8536,-8.552],[113.8534,-8.5512],[113.8533,-8.5498]]],[[[113.895,-8.5804],[113.8948,-8.5803],[113.8947,-8.5801],[113.8946,-8.58],[113.8948,-8.5799],[113.8955,-8.5795],[113.8958,-8.5794],[113.896,-8.5792],[113.896,-8.5791],[113.8963,-8.5793],[113.8963,-8.5796],[113.8962,-8.5798],[113.8961,-8.5799],[113.896,-8.5799],[113.8958,-8.5801],[113.8956,-8.5803],[113.8954,-8.5804],[113.895,-8.5804]]],[[[113.9142,-8.582],[113.9146,-8.5819],[113.9147,-8.582],[113.9149,-8.5821],[113.915,-8.5821],[113.9151,-8.5821],[113.9152,-8.5823],[113.9153,-8.5825],[113.9153,-8.5826],[113.9153,-8.5827],[113.9152,-8.5827],[113.915,-8.5829],[113.9148,-8.5829],[113.9146,-8.583],[113.9146,-8.5831],[113.9145,-8.5831],[113.9144,-8.5832],[113.9143,-8.5834],[113.9142,-8.5836],[113.9141,-8.5837],[113.9142,-8.5838],[113.9144,-8.5838],[113.9145,-8.5838],[113.9146,-8.5839],[113.9146,-8.584],[113.9147,-8.5841],[113.9147,-8.5844],[113.9147,-8.5846],[113.9147,-8.5847],[113.9147,-8.5849],[113.9146,-8.585],[113.9145,-8.5851],[113.9143,-8.5851],[113.9142,-8.5851],[113.914,-8.5851],[113.9138,-8.585],[113.9137,-8.5851],[113.9135,-8.5852],[113.9134,-8.5852],[113.9133,-8.5852],[113.9131,-8.5851],[113.9129,-8.5849],[113.9128,-8.5848],[113.9126,-8.5846],[113.9126,-8.5844],[113.9125,-8.5841],[113.9124,-8.5839],[113.9123,-8.5838],[113.9123,-8.5837],[113.9122,-8.5836],[113.9121,-8.5836],[113.912,-8.5835],[113.912,-8.5834],[113.912,-8.5833],[113.9121,-8.5833],[113.9122,-8.5833],[113.9123,-8.5833],[113.9126,-8.5833],[113.9128,-8.5833],[113.913,-8.5834],[113.9132,-8.5834],[113.9132,-8.5835],[113.9133,-8.5836],[113.9134,-8.5836],[113.9135,-8.5836],[113.9135,-8.5835],[113.9135,-8.5834],[113.9135,-8.5832],[113.9135,-8.5831],[113.9135,-8.5829],[113.9135,-8.5826],[113.9137,-8.5824],[113.9138,-8.5822],[113.9139,-8.5822],[113.9142,-8.582]]],[[[113.8935,-8.5833],[113.8934,-8.5833],[113.8933,-8.5833],[113.8934,-8.5831],[113.8936,-8.5829],[113.8941,-8.5825],[113.8943,-8.5822],[113.8945,-8.5821],[113.8949,-8.5821],[113.895,-8.5821],[113.895,-8.5822],[113.895,-8.5823],[113.8949,-8.5823],[113.8947,-8.5823],[113.8945,-8.5824],[113.8939,-8.5831],[113.8937,-8.5833],[113.8935,-8.5833]]]]}},{"type":"Feature","properties":{"name":"Kawasan Konservasi Lainnya","fillColor":"#a3ff73","fillOpacity":0.55},"geometry":{"type":"MultiPolygon","coordinates":[[[[113.8365,-8.5522],[113.8354,-8.5508],[113.8351,-8.5499],[113.8368,-8.5488],[113.837,-8.5467],[113.8362,-8.5457],[113.8352,-8.5448],[113.8354,-8.5442],[113.8349,-8.5426],[113.8345,-8.5418],[113.8352,-8.541],[113.836,-8.5398],[113.836,-8.5385],[113.8368,-8.5369],[113.8386,-8.5366],[113.8384,-8.534],[113.8368,-8.5335],[113.8353,-8.5338],[113.8363,-8.5324],[113.8374,-8.5299],[113.8304,-8.5272],[113.8274,-8.5283],[113.8276,-8.5307],[113.8263,-8.5334],[113.8259,-8.535],[113.8253,-8.5372],[113.8251,-8.5402],[113.8258,-8.5414],[113.8247,-8.5429],[113.8244,-8.5415],[113.8234,-8.5417],[113.8223,-8.5429],[113.8218,-8.5416],[113.8211,-8.543],[113.8204,-8.5439],[113.8192,-8.5448],[113.8158,-8.546],[113.8157,-8.5494],[113.8154,-8.551],[113.8162,-8.5527],[113.8166,-8.5541],[113.816,-8.5554],[113.8152,-8.5569],[113.8144,-8.5584],[113.8123,-8.5571],[113.8113,-8.5571],[113.8112,-8.5552],[113.81,-8.556],[113.8082,-8.5561],[113.8078,-8.5552],[113.8073,-8.5547],[113.8069,-8.5534],[113.806,-8.554],[113.8068,-8.5525],[113.8072,-8.5505],[113.8071,-8.5488],[113.8084,-8.5471],[113.81,-8.5476],[113.8107,-8.5463],[113.8122,-8.5457],[113.812,-8.5445],[113.8124,-8.5423],[113.8144,-8.5421],[113.8151,-8.5404],[113.8143,-8.5397],[113.8129,-8.5381],[113.8143,-8.5371],[113.8162,-8.5369],[113.8159,-8.5345],[113.8141,-8.5332],[113.8124,-8.5336],[113.8116,-8.5336],[113.8103,-8.534],[113.8093,-8.5334],[113.8089,-8.5324],[113.8084,-8.5317],[113.808,-8.5309],[113.8087,-8.53],[113.8092,-8.5285],[113.8089,-8.5275],[113.8081,-8.5269],[113.8083,-8.5259],[113.8082,-8.5251],[113.8078,-8.525],[113.8085,-8.5234],[113.808,-8.523],[113.8075,-8.5222],[113.8081,-8.5212],[113.8073,-8.5194],[113.8057,-8.5207],[113.8047,-8.5202],[113.8058,-8.5183],[113.8069,-8.5176],[113.8085,-8.5176],[113.8106,-8.5161],[113.8112,-8.514],[113.8092,-8.5127],[113.8085,-8.5102],[113.8079,-8.5094],[113.806,-8.5093],[113.8061,-8.5078],[113.8066,-8.5066],[113.8083,-8.5052],[113.8106,-8.5052],[113.812,-8.5035],[113.8116,-8.5008],[113.8111,-8.4989],[113.8072,-8.4951],[113.7991,-8.4913],[113.794,-8.4889],[113.7916,-8.4878],[113.7894,-8.4896],[113.7885,-8.4914],[113.7869,-8.4922],[113.7871,-8.4943],[113.7874,-8.4957],[113.7879,-8.4965],[113.7878,-8.4978],[113.7863,-8.4987],[113.7864,-8.4975],[113.7864,-8.497],[113.7869,-8.4963],[113.7853,-8.4958],[113.7843,-8.4959],[113.7832,-8.4966],[113.7818,-8.4962],[113.7801,-8.4957],[113.7788,-8.4969],[113.7778,-8.498],[113.7761,-8.4985],[113.7753,-8.4999],[113.7744,-8.5008],[113.7731,-8.5006],[113.7723,-8.5016],[113.7714,-8.5032],[113.7702,-8.5037],[113.7689,-8.5039],[113.767,-8.5033],[113.7669,-8.5025],[113.7661,-8.5016],[113.7651,-8.5007],[113.7637,-8.5011],[113.7623,-8.5019],[113.7616,-8.5035],[113.7594,-8.502],[113.7552,-8.5078],[113.756,-8.5109],[113.7575,-8.5122],[113.7592,-8.5119],[113.7607,-8.5128],[113.7614,-8.5141],[113.7612,-8.5153],[113.7598,-8.515],[113.7587,-8.516],[113.7567,-8.518],[113.7545,-8.5192],[113.7523,-8.5191],[113.75,-8.5181],[113.7491,-8.5194],[113.7486,-8.5207],[113.7464,-8.5211],[113.7446,-8.5208],[113.7435,-8.5225],[113.7417,-8.5232],[113.7389,-8.5239],[113.7397,-8.5249],[113.737,-8.5257],[113.7343,-8.5251],[113.7334,-8.5231],[113.7334,-8.5224],[113.7342,-8.5208],[113.7343,-8.517],[113.7325,-8.5148],[113.7298,-8.5156],[113.727,-8.5178],[113.7268,-8.5192],[113.7257,-8.5205],[113.7251,-8.519],[113.7245,-8.5175],[113.7215,-8.5177],[113.7199,-8.519],[113.7195,-8.5196],[113.7196,-8.5203],[113.7179,-8.5212],[113.7184,-8.5222],[113.7177,-8.5222],[113.7169,-8.5232],[113.7165,-8.5243],[113.7168,-8.5252],[113.7168,-8.5256],[113.7162,-8.5272],[113.7152,-8.5276],[113.7141,-8.5278],[113.7119,-8.5274],[113.7118,-8.5258],[113.7122,-8.5243],[113.711,-8.5232],[113.7116,-8.5219],[113.7124,-8.5213],[113.7137,-8.5202],[113.7138,-8.5185],[113.7135,-8.5171],[113.7131,-8.5151],[113.7152,-8.5139],[113.717,-8.5129],[113.7192,-8.5128],[113.719,-8.5103],[113.7171,-8.5085],[113.718,-8.5057],[113.7201,-8.5032],[113.7214,-8.5009],[113.7203,-8.4992],[113.7221,-8.4973],[113.7216,-8.4944],[113.7199,-8.4918],[113.7188,-8.4901],[113.7194,-8.4872],[113.7175,-8.4847],[113.7106,-8.4816],[113.7051,-8.4818],[113.7024,-8.4836],[113.7008,-8.4852],[113.7015,-8.4881],[113.7033,-8.4894],[113.7028,-8.4901],[113.7004,-8.4914],[113.7001,-8.4926],[113.6986,-8.4931],[113.6975,-8.4944],[113.6958,-8.4951],[113.6948,-8.4959],[113.6945,-8.4973],[113.6942,-8.499],[113.6948,-8.4996],[113.6947,-8.5001],[113.6931,-8.501],[113.6916,-8.5023],[113.6909,-8.5039],[113.6896,-8.505],[113.6887,-8.504],[113.6875,-8.5035],[113.6868,-8.5022],[113.6868,-8.5012],[113.6868,-8.5004],[113.6872,-8.4983],[113.6867,-8.497],[113.6862,-8.4964],[113.6862,-8.4954],[113.6866,-8.4941],[113.6856,-8.493],[113.6851,-8.4914],[113.6841,-8.4914],[113.6819,-8.4921],[113.6812,-8.4931],[113.6807,-8.4928],[113.6795,-8.4927],[113.6789,-8.4922],[113.6757,-8.4915],[113.672,-8.4931],[113.6702,-8.4945],[113.67,-8.4968],[113.6687,-8.4976],[113.6653,-8.4967],[113.6613,-8.4977],[113.6603,-8.4961],[113.6584,-8.494],[113.6547,-8.4935],[113.6526,-8.4936],[113.6509,-8.4938],[113.6481,-8.4943],[113.6466,-8.4937],[113.6463,-8.4918],[113.6452,-8.4904],[113.6456,-8.4892],[113.6465,-8.489],[113.6481,-8.4879],[113.65,-8.4857],[113.6489,-8.4837],[113.6489,-8.4816],[113.6471,-8.4787],[113.6455,-8.4777],[113.6442,-8.4771],[113.6429,-8.4765],[113.6408,-8.4766],[113.6385,-8.4754],[113.6379,-8.4732],[113.6368,-8.4704],[113.6379,-8.4687],[113.6401,-8.468],[113.643,-8.4658],[113.6418,-8.4582],[113.6378,-8.4549],[113.635,-8.4562],[113.6334,-8.4562],[113.6312,-8.4558],[113.6288,-8.4557],[113.627,-8.4547],[113.6251,-8.454],[113.6253,-8.4531],[113.8365,-8.5522]]],[[[113.8236,-8.5431],[113.8237,-8.5431],[113.8238,-8.5432],[113.8238,-8.5433],[113.8238,-8.5434],[113.8238,-8.5435],[113.8238,-8.5436],[113.8237,-8.5436],[113.8236,-8.5436],[113.8235,-8.5436],[113.8235,-8.5435],[113.8235,-8.5433],[113.8235,-8.5432],[113.8235,-8.5431],[113.8236,-8.5431]]],[[[113.8351,-8.5397],[113.835,-8.5398],[113.8349,-8.5398],[113.8348,-8.5398],[113.8348,-8.5397],[113.8347,-8.5397],[113.8347,-8.5396],[113.8346,-8.5396],[113.8346,-8.5395],[113.8345,-8.5395],[113.8344,-8.5395],[113.8343,-8.5395],[113.8342,-8.5395],[113.8341,-8.5395],[113.8341,-8.5394],[113.8342,-8.5393],[113.8343,-8.5392],[113.8343,-8.5391],[113.8344,-8.5391],[113.8345,-8.539],[113.8346,-8.5389],[113.8347,-8.539],[113.8347,-8.5389],[113.8348,-8.5389],[113.8349,-8.5389],[113.835,-8.5389],[113.835,-8.539],[113.8351,-8.539],[113.8352,-8.5391],[113.8352,-8.5392],[113.8353,-8.5393],[113.8353,-8.5394],[113.8353,-8.5395],[113.8353,-8.5396],[113.8352,-8.5397],[113.8351,-8.5397]]],[[[113.8307,-8.5348],[113.8306,-8.5349],[113.8305,-8.5348],[113.8306,-8.5347],[113.8306,-8.5346],[113.8305,-8.5346],[113.8305,-8.5347],[113.8304,-8.5347],[113.8304,-8.5346],[113.8305,-8.5346],[113.8305,-8.5345],[113.8305,-8.5344],[113.8305,-8.5343],[113.8305,-8.5342],[113.8305,-8.5341],[113.8306,-8.5341],[113.8307,-8.5341],[113.8308,-8.5341],[113.8308,-8.5342],[113.8309,-8.5344],[113.8309,-8.5345],[113.8309,-8.5346],[113.8308,-8.5347],[113.8308,-8.5348],[113.8307,-8.5348]]],[[[113.8176,-8.5584],[113.8177,-8.5584],[113.8178,-8.5584],[113.8178,-8.5585],[113.8178,-8.5586],[113.8177,-8.5587],[113.8176,-8.5587],[113.8175,-8.5586],[113.8175,-8.5585],[113.8175,-8.5584],[113.8176,-8.5585],[113.8176,-8.5584]]],[[[113.8073,-8.5585],[113.8072,-8.5586],[113.8072,-8.5587],[113.8072,-8.5588],[113.8071,-8.5588],[113.8069,-8.5585],[113.8069,-8.5584],[113.8068,-8.5582],[113.807,-8.5581],[113.8071,-8.5581],[113.8072,-8.5582],[113.8073,-8.5583],[113.8073,-8.5584],[113.8073,-8.5585]]],[[[113.807,-8.5574],[113.807,-8.5575],[113.8069,-8.5576],[113.8068,-8.5576],[113.8068,-8.5575],[113.8067,-8.5575],[113.8067,-8.5574],[113.8067,-8.5573],[113.8068,-8.5572],[113.8069,-8.5572],[113.807,-8.5572],[113.807,-8.5573],[113.8071,-8.5573],[113.807,-8.5574]]],[[[113.8086,-8.5574],[113.8085,-8.5574],[113.8085,-8.5573],[113.8085,-8.5572],[113.8084,-8.5571],[113.8083,-8.557],[113.8084,-8.557],[113.8085,-8.5569],[113.8087,-8.5569],[113.8088,-8.5569],[113.8089,-8.557],[113.809,-8.557],[113.8091,-8.557],[113.8092,-8.5571],[113.8092,-8.5572],[113.8091,-8.5572],[113.809,-8.5573],[113.809,-8.5574],[113.8089,-8.5574],[113.8088,-8.5574],[113.8086,-8.5574]]],[[[113.8039,-8.5532],[113.804,-8.5533],[113.8041,-8.5534],[113.8042,-8.5535],[113.8042,-8.5536],[113.8041,-8.5536],[113.804,-8.5536],[113.804,-8.5535],[113.8039,-8.5534],[113.8038,-8.5534],[113.8037,-8.5534],[113.8036,-8.5534],[113.8035,-8.5534],[113.8035,-8.5533],[113.8036,-8.5533],[113.8036,-8.5532],[113.8036,-8.5531],[113.8037,-8.5531],[113.8038,-8.5531],[113.8039,-8.5532]]],[[[113.8011,-8.5491],[113.8012,-8.5492],[113.8012,-8.5493],[113.8013,-8.5494],[113.8014,-8.5495],[113.8015,-8.5495],[113.8015,-8.5496],[113.8016,-8.5496],[113.8016,-8.5497],[113.8015,-8.5498],[113.8014,-8.5499],[113.8013,-8.55],[113.8013,-8.5501],[113.8013,-8.5502],[113.8012,-8.5502],[113.801,-8.5502],[113.8009,-8.5502],[113.8008,-8.5503],[113.8007,-8.5503],[113.8006,-8.5503],[113.8005,-8.5503],[113.8005,-8.5502],[113.8004,-8.5501],[113.8003,-8.5501],[113.8003,-8.55],[113.8003,-8.5499],[113.8003,-8.5498],[113.8004,-8.5498],[113.8004,-8.5497],[113.8005,-8.5496],[113.8006,-8.5496],[113.8006,-8.5495],[113.8006,-8.5494],[113.8006,-8.5493],[113.8007,-8.5492],[113.8008,-8.5492],[113.8009,-8.5492],[113.8009,-8.5491],[113.801,-8.5491],[113.8011,-8.5491]]],[[[113.7436,-8.5462],[113.7433,-8.5465],[113.7432,-8.5466],[113.743,-8.5466],[113.7429,-8.5466],[113.7428,-8.5466],[113.7428,-8.5465],[113.7429,-8.5463],[113.743,-8.5461],[113.7431,-8.546],[113.7433,-8.5458],[113.744,-8.5451],[113.7442,-8.5452],[113.7443,-8.5453],[113.7439,-8.5457],[113.7438,-8.5458],[113.7437,-8.5459],[113.7436,-8.546],[113.7436,-8.5462]]],[[[113.7453,-8.5446],[113.7449,-8.5448],[113.7444,-8.5448],[113.7443,-8.5448],[113.7443,-8.5447],[113.7442,-8.5447],[113.7442,-8.5446],[113.7443,-8.5446],[113.7444,-8.5445],[113.7448,-8.5444],[113.7448,-8.5443],[113.7449,-8.5441],[113.7449,-8.544],[113.745,-8.544],[113.7451,-8.5439],[113.7452,-8.5437],[113.7453,-8.5437],[113.7454,-8.5437],[113.7458,-8.5437],[113.7461,-8.5437],[113.7462,-8.5436],[113.7462,-8.5435],[113.7462,-8.5434],[113.7462,-8.5433],[113.7461,-8.5433],[113.7462,-8.5431],[113.7463,-8.5431],[113.7464,-8.543],[113.7465,-8.5429],[113.7466,-8.5427],[113.7468,-8.5426],[113.7469,-8.5426],[113.7471,-8.5427],[113.7472,-8.5428],[113.7471,-8.5428],[113.747,-8.5429],[113.7471,-8.543],[113.747,-8.5431],[113.7469,-8.5432],[113.747,-8.5433],[113.747,-8.5435],[113.747,-8.5436],[113.747,-8.5437],[113.7471,-8.5438],[113.747,-8.5439],[113.747,-8.544],[113.747,-8.5442],[113.747,-8.5443],[113.747,-8.5444],[113.7469,-8.5444],[113.7468,-8.5444],[113.7465,-8.5444],[113.746,-8.5443],[113.7458,-8.5443],[113.7455,-8.5445],[113.7453,-8.5446]]],[[[113.7097,-8.5334],[113.7096,-8.5335],[113.7094,-8.5336],[113.7093,-8.5335],[113.7093,-8.5333],[113.7091,-8.5332],[113.709,-8.5331],[113.7088,-8.533],[113.7087,-8.5328],[113.7086,-8.5327],[113.7085,-8.5328],[113.7084,-8.5329],[113.7082,-8.5329],[113.7082,-8.5328],[113.7082,-8.5327],[113.708,-8.5326],[113.7079,-8.5326],[113.7078,-8.5325],[113.7076,-8.5324],[113.7074,-8.5324],[113.7073,-8.5323],[113.7073,-8.5322],[113.7072,-8.5323],[113.707,-8.5323],[113.7068,-8.5323],[113.7066,-8.5323],[113.7064,-8.5324],[113.7063,-8.5325],[113.7062,-8.5324],[113.7061,-8.5322],[113.7061,-8.5321],[113.706,-8.5321],[113.7057,-8.5322],[113.7055,-8.5323],[113.7053,-8.5324],[113.705,-8.5324],[113.7047,-8.5325],[113.7044,-8.5325],[113.7041,-8.5326],[113.7041,-8.5327],[113.704,-8.5328],[113.7039,-8.5328],[113.7039,-8.5327],[113.704,-8.5326],[113.7041,-8.5325],[113.7041,-8.5324],[113.7042,-8.5323],[113.7043,-8.5321],[113.7044,-8.5319],[113.7045,-8.5317],[113.7045,-8.5316],[113.7049,-8.5314],[113.7051,-8.5313],[113.7052,-8.5313],[113.7054,-8.5312],[113.7055,-8.5312],[113.7057,-8.5311],[113.7059,-8.531],[113.7062,-8.5309],[113.7064,-8.5309],[113.7065,-8.5309],[113.7066,-8.5309],[113.7066,-8.5311],[113.7067,-8.5311],[113.7069,-8.5311],[113.707,-8.5311],[113.7071,-8.5309],[113.7072,-8.5309],[113.7074,-8.5309],[113.7075,-8.531],[113.7078,-8.5311],[113.708,-8.5312],[113.7083,-8.5313],[113.7087,-8.5313],[113.7088,-8.5314],[113.7089,-8.5315],[113.7091,-8.5316],[113.7093,-8.5317],[113.7094,-8.5319],[113.7095,-8.532],[113.7096,-8.5321],[113.7097,-8.5323],[113.7098,-8.5325],[113.7099,-8.5327],[113.7099,-8.5328],[113.7099,-8.5329],[113.7099,-8.533],[113.7099,-8.5332],[113.7097,-8.5334]]],[[[113.7023,-8.532],[113.7021,-8.5321],[113.7021,-8.532],[113.7022,-8.532],[113.7022,-8.5319],[113.7023,-8.5318],[113.7024,-8.5317],[113.7026,-8.5316],[113.7028,-8.5316],[113.703,-8.5316],[113.7031,-8.5316],[113.7032,-8.5316],[113.7034,-8.5317],[113.7035,-8.5317],[113.7033,-8.5318],[113.7032,-8.5319],[113.7031,-8.532],[113.703,-8.532],[113.7029,-8.532],[113.7028,-8.5319],[113.7027,-8.5319],[113.7026,-8.5319],[113.7025,-8.5319],[113.7024,-8.5319],[113.7023,-8.532]]],[[[113.7127,-8.5286],[113.7127,-8.5287],[113.7127,-8.5288],[113.7126,-8.5288],[113.7126,-8.5287],[113.7125,-8.5286],[113.7126,-8.5285],[113.7126,-8.5284],[113.7127,-8.5284],[113.7127,-8.5285],[113.7127,-8.5286]]],[[[113.7559,-8.5224],[113.756,-8.5224],[113.756,-8.5225],[113.756,-8.5226],[113.7559,-8.5226],[113.7558,-8.5226],[113.7557,-8.5226],[113.7556,-8.5224],[113.7557,-8.5223],[113.7559,-8.5224]]],[[[113.7555,-8.5212],[113.7554,-8.5212],[113.7553,-8.5212],[113.755,-8.5211],[113.7548,-8.521],[113.7548,-8.5209],[113.7549,-8.5208],[113.755,-8.5207],[113.7551,-8.5207],[113.7553,-8.5207],[113.7554,-8.5208],[113.7555,-8.5209],[113.7555,-8.521],[113.7555,-8.5212]]],[[[113.7899,-8.5146],[113.7897,-8.5147],[113.7896,-8.5148],[113.7893,-8.5149],[113.789,-8.5149],[113.7889,-8.5149],[113.7887,-8.5148],[113.7887,-8.5146],[113.7887,-8.5145],[113.7888,-8.5144],[113.7888,-8.5143],[113.789,-8.5142],[113.7891,-8.5141],[113.7892,-8.514],[113.7893,-8.5138],[113.7895,-8.5137],[113.7896,-8.5135],[113.7897,-8.5135],[113.79,-8.5133],[113.7902,-8.5132],[113.7905,-8.5131],[113.7907,-8.513],[113.7909,-8.513],[113.791,-8.513],[113.7912,-8.5131],[113.7912,-8.5132],[113.7912,-8.5133],[113.7911,-8.5133],[113.7911,-8.5135],[113.791,-8.5135],[113.791,-8.5136],[113.7907,-8.5139],[113.7906,-8.5142],[113.7905,-8.5143],[113.7904,-8.5144],[113.7903,-8.5145],[113.7902,-8.5145],[113.7901,-8.5145],[113.7899,-8.5146]]],[[[113.665,-8.5068],[113.665,-8.5069],[113.6649,-8.507],[113.6649,-8.5071],[113.6648,-8.5071],[113.6647,-8.5071],[113.6647,-8.507],[113.6647,-8.5069],[113.6647,-8.5068],[113.6647,-8.5067],[113.6648,-8.5066],[113.6649,-8.5066],[113.665,-8.5066],[113.6651,-8.5066],[113.6652,-8.5065],[113.6653,-8.5065],[113.6653,-8.5066],[113.6654,-8.5066],[113.6653,-8.5067],[113.6652,-8.5067],[113.6651,-8.5067],[113.665,-8.5068]]],[[[113.6877,-8.5051],[113.6876,-8.5052],[113.6876,-8.5053],[113.6875,-8.5053],[113.6874,-8.5053],[113.6874,-8.5052],[113.6872,-8.5049],[113.6872,-8.5046],[113.6872,-8.5045],[113.6872,-8.5044],[113.6872,-8.5043],[113.6874,-8.5043],[113.6874,-8.5044],[113.6876,-8.5045],[113.6876,-8.5046],[113.6877,-8.5046],[113.6877,-8.5047],[113.6877,-8.5048],[113.6877,-8.5049],[113.6877,-8.5051]]],[[[113.6664,-8.5043],[113.6663,-8.5044],[113.6663,-8.5045],[113.6662,-8.5045],[113.6662,-8.5046],[113.6661,-8.5047],[113.666,-8.5047],[113.666,-8.5046],[113.666,-8.5045],[113.666,-8.5044],[113.6659,-8.5043],[113.6658,-8.5042],[113.6658,-8.5041],[113.6657,-8.504],[113.6657,-8.5039],[113.6658,-8.5038],[113.6658,-8.5037],[113.6659,-8.5037],[113.6659,-8.5036],[113.666,-8.5036],[113.666,-8.5037],[113.666,-8.5038],[113.666,-8.5039],[113.6659,-8.5039],[113.6659,-8.504],[113.666,-8.504],[113.666,-8.5041],[113.6661,-8.5041],[113.6662,-8.5041],[113.6663,-8.5041],[113.6663,-8.504],[113.6664,-8.504],[113.6665,-8.504],[113.6665,-8.5041],[113.6664,-8.5041],[113.6664,-8.5042],[113.6664,-8.5043]]],[[[113.6339,-8.5042],[113.6338,-8.5043],[113.6337,-8.5044],[113.6336,-8.5044],[113.6335,-8.5045],[113.6333,-8.5046],[113.6332,-8.5046],[113.6332,-8.5045],[113.6331,-8.5044],[113.6331,-8.5043],[113.6332,-8.5043],[113.6333,-8.5043],[113.6333,-8.5042],[113.6332,-8.504],[113.6331,-8.5039],[113.633,-8.5038],[113.6329,-8.5038],[113.6328,-8.5038],[113.6328,-8.5037],[113.6329,-8.5036],[113.6329,-8.5035],[113.6328,-8.5034],[113.6328,-8.5033],[113.6329,-8.5032],[113.633,-8.5031],[113.6331,-8.503],[113.6332,-8.503],[113.6333,-8.5029],[113.6334,-8.5029],[113.6335,-8.5029],[113.6337,-8.503],[113.6337,-8.5031],[113.6338,-8.5032],[113.6339,-8.5032],[113.6339,-8.5033],[113.634,-8.5033],[113.6341,-8.5034],[113.6341,-8.5035],[113.6341,-8.5036],[113.6341,-8.5037],[113.6341,-8.5038],[113.6342,-8.5039],[113.6343,-8.504],[113.6343,-8.5041],[113.6342,-8.5041],[113.634,-8.5042],[113.6339,-8.5042]]],[[[113.6604,-8.5034],[113.6604,-8.5033],[113.6604,-8.5032],[113.6604,-8.5031],[113.6605,-8.503],[113.6606,-8.5029],[113.6607,-8.5028],[113.6608,-8.5027],[113.6608,-8.5026],[113.6608,-8.5024],[113.6608,-8.5023],[113.6607,-8.5021],[113.6607,-8.502],[113.6606,-8.5018],[113.6606,-8.5017],[113.6606,-8.5016],[113.6606,-8.5015],[113.6605,-8.5013],[113.6605,-8.5012],[113.6606,-8.501],[113.6606,-8.5009],[113.6607,-8.5008],[113.6608,-8.5007],[113.6608,-8.5005],[113.6608,-8.5004],[113.6608,-8.5003],[113.6608,-8.5002],[113.6609,-8.5002],[113.6611,-8.5001],[113.6612,-8.5],[113.6613,-8.4999],[113.6614,-8.4999],[113.6615,-8.4999],[113.6616,-8.5001],[113.6616,-8.5002],[113.6617,-8.5003],[113.6617,-8.5004],[113.6617,-8.5005],[113.6617,-8.5006],[113.6618,-8.5008],[113.6618,-8.501],[113.6618,-8.5011],[113.6619,-8.5012],[113.6619,-8.5013],[113.6617,-8.5013],[113.6616,-8.5013],[113.6616,-8.5014],[113.6615,-8.5014],[113.6615,-8.5015],[113.6615,-8.5016],[113.6616,-8.5016],[113.6617,-8.5016],[113.6618,-8.5016],[113.6619,-8.5017],[113.6619,-8.5018],[113.6618,-8.5019],[113.6617,-8.5019],[113.6616,-8.502],[113.6615,-8.502],[113.6614,-8.5021],[113.6613,-8.5024],[113.6612,-8.5026],[113.6612,-8.5027],[113.6611,-8.5029],[113.661,-8.503],[113.6609,-8.503],[113.6609,-8.5031],[113.6608,-8.5031],[113.6607,-8.5032],[113.6606,-8.5033],[113.6606,-8.5034],[113.6605,-8.5034],[113.6604,-8.5034]]],[[[113.6648,-8.5004],[113.6646,-8.5003],[113.6645,-8.5002],[113.6645,-8.5001],[113.6646,-8.5],[113.6647,-8.5],[113.6648,-8.5],[113.6649,-8.5],[113.665,-8.5],[113.6651,-8.5],[113.6652,-8.5],[113.6653,-8.5001],[113.6653,-8.5002],[113.6652,-8.5003],[113.6652,-8.5004],[113.6651,-8.5004],[113.6649,-8.5005],[113.6648,-8.5004]]],[[[113.7136,-8.5046],[113.7135,-8.5046],[113.7135,-8.5047],[113.7133,-8.5047],[113.7132,-8.5047],[113.7132,-8.5046],[113.7132,-8.5045],[113.7132,-8.5044],[113.7133,-8.5043],[113.7134,-8.5042],[113.7136,-8.504],[113.7137,-8.504],[113.7141,-8.5038],[113.7142,-8.5037],[113.7142,-8.5036],[113.7142,-8.5035],[113.7143,-8.5033],[113.7144,-8.5033],[113.7146,-8.5033],[113.715,-8.5033],[113.7152,-8.5034],[113.7152,-8.5035],[113.7152,-8.5037],[113.7151,-8.5037],[113.715,-8.5038],[113.7149,-8.5039],[113.7149,-8.504],[113.7151,-8.5042],[113.7151,-8.5043],[113.715,-8.5044],[113.7149,-8.5045],[113.7147,-8.5045],[113.7146,-8.5045],[113.7143,-8.5044],[113.7142,-8.5044],[113.7141,-8.5044],[113.7138,-8.5045],[113.7136,-8.5046]]],[[[113.6625,-8.4988],[113.6626,-8.4988],[113.6626,-8.4989],[113.6626,-8.499],[113.6625,-8.4991],[113.6625,-8.4992],[113.6623,-8.4993],[113.6621,-8.4993],[113.6619,-8.4996],[113.6618,-8.4996],[113.6617,-8.4997],[113.6615,-8.4998],[113.6614,-8.4998],[113.6614,-8.4997],[113.6613,-8.4996],[113.6614,-8.4994],[113.6615,-8.4994],[113.6617,-8.4993],[113.6618,-8.4993],[113.6619,-8.4992],[113.662,-8.4991],[113.662,-8.4989],[113.6624,-8.4987],[113.6625,-8.4987],[113.6625,-8.4988]]],[[[113.6454,-8.4961],[113.6453,-8.4962],[113.6453,-8.4961],[113.6452,-8.4961],[113.6451,-8.4961],[113.645,-8.4961],[113.6449,-8.496],[113.645,-8.4959],[113.6451,-8.4959],[113.6451,-8.4958],[113.645,-8.4958],[113.645,-8.4957],[113.645,-8.4956],[113.6451,-8.4956],[113.6452,-8.4956],[113.6453,-8.4956],[113.6454,-8.4957],[113.6455,-8.4958],[113.6455,-8.4959],[113.6455,-8.496],[113.6454,-8.4961]]],[[[113.6457,-8.496],[113.6457,-8.4959],[113.6458,-8.4958],[113.6458,-8.4957],[113.6459,-8.4956],[113.646,-8.4956],[113.6461,-8.4957],[113.6461,-8.4958],[113.6461,-8.496],[113.646,-8.496],[113.6459,-8.496],[113.6458,-8.496],[113.6457,-8.496]]],[[[113.6237,-8.4719],[113.6238,-8.4719],[113.6239,-8.472],[113.624,-8.4722],[113.6241,-8.4722],[113.6241,-8.4723],[113.6241,-8.4727],[113.624,-8.4729],[113.6237,-8.4729],[113.6236,-8.4729],[113.6235,-8.4725],[113.6237,-8.4724],[113.6237,-8.4723],[113.6236,-8.4722],[113.6236,-8.4721],[113.6235,-8.472],[113.6236,-8.4719],[113.6237,-8.4719]]],[[[113.6235,-8.4715],[113.6236,-8.4715],[113.6237,-8.4716],[113.6238,-8.4716],[113.6238,-8.4717],[113.6237,-8.4717],[113.6236,-8.4717],[113.6235,-8.4717],[113.6235,-8.4718],[113.6234,-8.4718],[113.6233,-8.4718],[113.6233,-8.4717],[113.6234,-8.4716],[113.6234,-8.4715],[113.6235,-8.4715],[113.6234,-8.4715],[113.6234,-8.4714],[113.6234,-8.4713],[113.6235,-8.4715]]],[[[113.6239,-8.4695],[113.624,-8.4695],[113.6241,-8.4696],[113.6241,-8.4697],[113.624,-8.4696],[113.6239,-8.4696],[113.6238,-8.4696],[113.6237,-8.4696],[113.6238,-8.4695],[113.6239,-8.4695]]],[[[113.8007,-8.5603],[113.8006,-8.5602],[113.8006,-8.5601],[113.8006,-8.56],[113.8006,-8.5599],[113.8006,-8.5598],[113.8006,-8.5597],[113.8005,-8.5596],[113.8006,-8.5595],[113.8007,-8.5594],[113.8008,-8.5593],[113.8008,-8.5592],[113.8008,-8.5591],[113.8007,-8.5591],[113.8006,-8.5591],[113.8006,-8.559],[113.8006,-8.5589],[113.8007,-8.5588],[113.8008,-8.5588],[113.8009,-8.5588],[113.801,-8.5589],[113.8011,-8.5589],[113.8011,-8.559],[113.8011,-8.5591],[113.8012,-8.5592],[113.8012,-8.5593],[113.8013,-8.5593],[113.8012,-8.5594],[113.8012,-8.5595],[113.8012,-8.5597],[113.8011,-8.5597],[113.8011,-8.5598],[113.8011,-8.56],[113.801,-8.56],[113.801,-8.5601],[113.8009,-8.5602],[113.8008,-8.5603],[113.8007,-8.5603]]],[[[113.8169,-8.5589],[113.817,-8.5589],[113.8171,-8.559],[113.8173,-8.559],[113.8174,-8.5591],[113.8174,-8.5592],[113.8175,-8.5592],[113.8175,-8.5593],[113.8175,-8.5594],[113.8174,-8.5595],[113.8174,-8.5596],[113.8173,-8.5597],[113.8172,-8.5599],[113.8172,-8.56],[113.8171,-8.56],[113.817,-8.5599],[113.8169,-8.5599],[113.8169,-8.5598],[113.8168,-8.5598],[113.8167,-8.5598],[113.8167,-8.5597],[113.8167,-8.5596],[113.8167,-8.5595],[113.8166,-8.5594],[113.8166,-8.5593],[113.8166,-8.5592],[113.8167,-8.5591],[113.8167,-8.559],[113.8167,-8.5589],[113.8169,-8.5589]]],[[[113.814,-8.5599],[113.8139,-8.56],[113.8138,-8.5602],[113.8137,-8.5603],[113.8136,-8.5603],[113.8136,-8.5602],[113.8136,-8.5601],[113.8136,-8.56],[113.8137,-8.5598],[113.8138,-8.5597],[113.814,-8.5597],[113.8141,-8.5597],[113.814,-8.5599]]],[[[113.8164,-8.5589],[113.8164,-8.559],[113.8165,-8.559],[113.8165,-8.5591],[113.8165,-8.5592],[113.8164,-8.5593],[113.8164,-8.5594],[113.8163,-8.5595],[113.8162,-8.5596],[113.8161,-8.5596],[113.816,-8.5596],[113.8159,-8.5596],[113.8159,-8.5595],[113.8159,-8.5594],[113.8159,-8.5593],[113.816,-8.5592],[113.816,-8.5591],[113.816,-8.559],[113.8161,-8.559],[113.8162,-8.5589],[113.8163,-8.5589],[113.8164,-8.5589]]],[[[113.8131,-8.5613],[113.8131,-8.5612],[113.8132,-8.5613],[113.8132,-8.5614],[113.8132,-8.5615],[113.8132,-8.5616],[113.8131,-8.5615],[113.8131,-8.5613]]],[[[113.8115,-8.5616],[113.8114,-8.5616],[113.8113,-8.5616],[113.8113,-8.5615],[113.8114,-8.5614],[113.8115,-8.5614],[113.8115,-8.5613],[113.8116,-8.5613],[113.8115,-8.5616]]],[[[113.818,-8.5624],[113.818,-8.5623],[113.8179,-8.5622],[113.8179,-8.5621],[113.818,-8.562],[113.8181,-8.562],[113.8181,-8.5621],[113.8181,-8.5622],[113.8181,-8.5623],[113.818,-8.5623],[113.818,-8.5624]]]]}},{"type":"Feature","properties":{"name":"Pencadangan/Indikasi Kawasan Konservasi","fillColor":"#f60ada","fillOpacity":0.55},"geometry":{"type":"Polygon","coordinates":[[[114.0661,-7.1111],[114.0696,-7.1036],[114.0697,-7.1032],[114.0695,-7.1032],[114.0674,-7.0935],[114.0599,-7.0959],[114.0601,-7.0961],[114.0604,-7.0963],[114.0607,-7.0966],[114.0609,-7.0969],[114.061,-7.0972],[114.0612,-7.0975],[114.0615,-7.0979],[114.0616,-7.0982],[114.0618,-7.0984],[114.0619,-7.0986],[114.062,-7.0992],[114.0623,-7.0998],[114.0628,-7.1007],[114.0628,-7.1008],[114.063,-7.101],[114.0631,-7.1011],[114.0634,-7.1013],[114.0639,-7.1017],[114.0641,-7.102],[114.0641,-7.1021],[114.0641,-7.1025],[114.0641,-7.103],[114.0642,-7.1032],[114.0643,-7.1034],[114.0644,-7.1036],[114.0645,-7.1039],[114.0646,-7.1041],[114.0647,-7.1042],[114.0647,-7.1044],[114.0647,-7.1045],[114.0647,-7.1046],[114.0648,-7.1048],[114.0648,-7.105],[114.0647,-7.1054],[114.0646,-7.1056],[114.0642,-7.1062],[114.0641,-7.1064],[114.064,-7.1067],[114.0639,-7.1077],[114.0639,-7.108],[114.064,-7.1084],[114.0644,-7.1093],[114.0646,-7.1096],[114.0648,-7.1102],[114.0647,-7.1103],[114.0646,-7.1105],[114.0643,-7.1107],[114.0641,-7.1108],[114.0639,-7.1108],[114.0635,-7.1109],[114.0633,-7.1109],[114.063,-7.1109],[114.0623,-7.1111],[114.0621,-7.1113],[114.0618,-7.1114],[114.0616,-7.1115],[114.0614,-7.1114],[114.061,-7.1113],[114.0607,-7.1113],[114.0602,-7.1114],[114.0598,-7.1115],[114.0594,-7.1114],[114.0594,-7.1115],[114.0592,-7.1115],[114.059,-7.1116],[114.0587,-7.1118],[114.0584,-7.1119],[114.058,-7.112],[114.0574,-7.1121],[114.0569,-7.112],[114.0566,-7.112],[114.0561,-7.1121],[114.0557,-7.1122],[114.0553,-7.1124],[114.0551,-7.1124],[114.0534,-7.1125],[114.0523,-7.1127],[114.0519,-7.1127],[114.0516,-7.1126],[114.0514,-7.1126],[114.051,-7.1125],[114.0496,-7.1127],[114.049,-7.1129],[114.0479,-7.113],[114.0467,-7.113],[114.0457,-7.1129],[114.0451,-7.1129],[114.0447,-7.1128],[114.0441,-7.1127],[114.0433,-7.1127],[114.0428,-7.1126],[114.0423,-7.1124],[114.042,-7.1122],[114.0416,-7.112],[114.0414,-7.1119],[114.0411,-7.1117],[114.0406,-7.1116],[114.0396,-7.1114],[114.0384,-7.1112],[114.0373,-7.111],[114.0369,-7.1109],[114.0367,-7.1108],[114.0363,-7.1106],[114.0352,-7.1104],[114.0351,-7.1104],[114.0349,-7.1103],[114.0344,-7.1102],[114.0336,-7.11],[114.0324,-7.1098],[114.0302,-7.1092],[114.0291,-7.1089],[114.0278,-7.1087],[114.027,-7.1085],[114.0261,-7.1082],[114.025,-7.1078],[114.0242,-7.1076],[114.0234,-7.1075],[114.0221,-7.1074],[114.0217,-7.1074],[114.0214,-7.1074],[114.0212,-7.1074],[114.021,-7.1075],[114.0207,-7.1077],[114.0206,-7.1077],[114.0206,-7.1078],[114.0203,-7.1077],[114.0199,-7.1077],[114.0193,-7.1075],[114.0188,-7.1074],[114.0184,-7.1072],[114.018,-7.1067],[114.0179,-7.1066],[114.0177,-7.1065],[114.0174,-7.1065],[114.017,-7.1065],[114.0166,-7.1065],[114.016,-7.1061],[114.0157,-7.106],[114.0149,-7.1059],[114.0145,-7.1058],[114.0143,-7.1057],[114.0141,-7.1057],[114.0131,-7.1053],[114.0124,-7.1051],[114.012,-7.1051],[114.0115,-7.1052],[114.0112,-7.1053],[114.0111,-7.1054],[114.0108,-7.1056],[114.0105,-7.1057],[114.01,-7.1059],[114.0099,-7.106],[114.0094,-7.106],[114.0092,-7.106],[114.009,-7.106],[114.0086,-7.1062],[114.0077,-7.1063],[114.0075,-7.1063],[114.0073,-7.1062],[114.0071,-7.1061],[114.0067,-7.1061],[114.0065,-7.1061],[114.006,-7.106],[114.0059,-7.1059],[114.0056,-7.106],[114.0053,-7.1062],[114.0051,-7.1062],[114.005,-7.1062],[114.0042,-7.1061],[114.0036,-7.106],[114.0034,-7.1061],[114.003,-7.1061],[114.0028,-7.1062],[114.0024,-7.1062],[114.0016,-7.1062],[114.0005,-7.1062],[114.0001,-7.1062],[114.0,-7.1062],[113.9999,-7.1062],[113.9998,-7.1062],[113.9992,-7.1061],[113.9989,-7.106],[113.9989,-7.1071],[113.9989,-7.1075],[113.9989,-7.1126],[114.0206,-7.1134],[114.0237,-7.1136],[114.0361,-7.1177],[114.0584,-7.1177],[114.0603,-7.1177],[114.0643,-7.1132],[114.0661,-7.1111]]]}},{"type":"Feature","properties":{"name":"Pencadangan/Indikasi Kawasan Konservasi","fillColor":"#f60ada","fillOpacity":0.55},"geometry":{"type":"Polygon","coordinates":[[[114.0607,-7.0654],[114.0212,-7.0653],[114.0213,-7.069],[114.0213,-7.0709],[114.0217,-7.0709],[114.0222,-7.0709],[114.0234,-7.0712],[114.0245,-7.0714],[114.0253,-7.0715],[114.026,-7.0717],[114.0267,-7.0719],[114.027,-7.0719],[114.0272,-7.0719],[114.0274,-7.0719],[114.0288,-7.0718],[114.0293,-7.0718],[114.0298,-7.0718],[114.0301,-7.0719],[114.0307,-7.0719],[114.0314,-7.072],[114.0323,-7.0724],[114.0326,-7.0725],[114.0334,-7.0727],[114.0342,-7.0727],[114.0346,-7.0727],[114.0352,-7.0728],[114.0355,-7.073],[114.0358,-7.0732],[114.0359,-7.0733],[114.0362,-7.0734],[114.0363,-7.0733],[114.0365,-7.0733],[114.0369,-7.0732],[114.0375,-7.0732],[114.0379,-7.0733],[114.0384,-7.0736],[114.0386,-7.0737],[114.039,-7.0738],[114.0391,-7.0737],[114.0392,-7.0737],[114.0394,-7.0736],[114.0396,-7.0734],[114.0398,-7.0733],[114.0401,-7.0732],[114.0403,-7.0732],[114.0404,-7.0732],[114.0415,-7.0733],[114.0418,-7.0733],[114.043,-7.0735],[114.0431,-7.0735],[114.0435,-7.0736],[114.0438,-7.0737],[114.0445,-7.0737],[114.0453,-7.0738],[114.0459,-7.0739],[114.0462,-7.0739],[114.0468,-7.0738],[114.047,-7.0738],[114.049,-7.0744],[114.05,-7.0749],[114.0504,-7.0751],[114.0507,-7.0754],[114.051,-7.0757],[114.0513,-7.0759],[114.0518,-7.0764],[114.0525,-7.0773],[114.0529,-7.0776],[114.0534,-7.0782],[114.0537,-7.0786],[114.0539,-7.0789],[114.0543,-7.0799],[114.0547,-7.0811],[114.0549,-7.0816],[114.055,-7.0818],[114.0554,-7.0824],[114.0556,-7.0828],[114.0557,-7.083],[114.0559,-7.0833],[114.056,-7.0835],[114.0582,-7.0834],[114.0607,-7.0834],[114.0607,-7.0654]]]}},{"type":"Feature","properties":{"name":"Pencadangan/Indikasi Kawasan Konservasi","fillColor":"#f60ada","fillOpacity":0.55},"geometry":{"type":"Polygon","coordinates":[[[113.1895,-6.8889],[113.1826,-6.8896],[113.1833,-6.8931],[113.1833,-6.8935],[113.1837,-6.8935],[113.1841,-6.8935],[113.1845,-6.8936],[113.1845,-6.8935],[113.1845,-6.8933],[113.1841,-6.8907],[113.1885,-6.8902],[113.1887,-6.8932],[113.1887,-6.8934],[113.1888,-6.8934],[113.1888,-6.8933],[113.1889,-6.8933],[113.189,-6.8933],[113.1891,-6.8933],[113.1892,-6.8932],[113.1893,-6.8931],[113.1894,-6.893],[113.1895,-6.893],[113.1897,-6.893],[113.1898,-6.8931],[113.1895,-6.8889]]]}},{"type":"Feature","properties":{"name":"Pencadangan/Indikasi Kawasan Konservasi","fillColor":"#f60ada","fillOpacity":0.55},"geometry":{"type":"Polygon","coordinates":[[[113.2796,-6.8883],[113.2776,-6.8874],[113.2768,-6.8903],[113.2767,-6.8906],[113.2768,-6.8906],[113.2769,-6.8907],[113.277,-6.8907],[113.277,-6.8908],[113.2771,-6.8908],[113.2772,-6.8909],[113.2773,-6.8909],[113.2775,-6.891],[113.2777,-6.8911],[113.2777,-6.891],[113.2778,-6.8908],[113.2779,-6.8907],[113.2783,-6.8897],[113.2786,-6.889],[113.2796,-6.8895],[113.2796,-6.8883]]]}},{"type":"Feature","properties":{"name":"Pencadangan/Indikasi Kawasan Konservasi","fillColor":"#f60ada","fillOpacity":0.55},"geometry":{"type":"Polygon","coordinates":[[[113.8996,-7.6867],[113.8886,-7.6818],[113.8856,-7.6804],[113.8816,-7.6804],[113.8817,-7.6875],[113.8818,-7.6875],[113.8819,-7.6875],[113.882,-7.6874],[113.8821,-7.6874],[113.8821,-7.6875],[113.8822,-7.6875],[113.8822,-7.6876],[113.8822,-7.6877],[113.8823,-7.6878],[113.8823,-7.6877],[113.8823,-7.6876],[113.8823,-7.6875],[113.8823,-7.6874],[113.8823,-7.6873],[113.8824,-7.6873],[113.8825,-7.6874],[113.8826,-7.6874],[113.8827,-7.6874],[113.8827,-7.6875],[113.8828,-7.6875],[113.8829,-7.6875],[113.8831,-7.6876],[113.8832,-7.6876],[113.8833,-7.6875],[113.8834,-7.6875],[113.8835,-7.6875],[113.8837,-7.6875],[113.8841,-7.6876],[113.8842,-7.6876],[113.8843,-7.6876],[113.8844,-7.6876],[113.8845,-7.6876],[113.8846,-7.6876],[113.8847,-7.6876],[113.8848,-7.6877],[113.8849,-7.6877],[113.8849,-7.6878],[113.885,-7.6878],[113.8852,-7.6879],[113.8858,-7.6882],[113.8861,-7.6882],[113.8861,-7.6883],[113.8862,-7.6883],[113.8863,-7.6884],[113.8864,-7.6885],[113.8864,-7.6887],[113.8866,-7.6888],[113.8868,-7.6891],[113.8868,-7.6892],[113.8868,-7.6893],[113.8869,-7.6893],[113.887,-7.6894],[113.8871,-7.6895],[113.8872,-7.6897],[113.8873,-7.6898],[113.8874,-7.6898],[113.8874,-7.6899],[113.8875,-7.69],[113.8876,-7.6901],[113.8877,-7.6902],[113.8877,-7.6903],[113.8877,-7.6904],[113.8877,-7.6905],[113.8877,-7.6906],[113.8878,-7.6906],[113.8878,-7.6907],[113.888,-7.6909],[113.8881,-7.691],[113.8882,-7.691],[113.8882,-7.6911],[113.8883,-7.6912],[113.8883,-7.6913],[113.8883,-7.6915],[113.8884,-7.6915],[113.8884,-7.6916],[113.8885,-7.6916],[113.8886,-7.6916],[113.8886,-7.6917],[113.8888,-7.6917],[113.8888,-7.6918],[113.8889,-7.6918],[113.8889,-7.6919],[113.889,-7.6919],[113.889,-7.692],[113.8891,-7.692],[113.8892,-7.6921],[113.8893,-7.6921],[113.8894,-7.6921],[113.8894,-7.6922],[113.8895,-7.6922],[113.8896,-7.6922],[113.8898,-7.6922],[113.8899,-7.6922],[113.89,-7.6923],[113.8901,-7.6923],[113.8902,-7.6924],[113.8903,-7.6924],[113.8903,-7.6925],[113.8904,-7.6926],[113.8905,-7.6926],[113.8906,-7.6927],[113.8907,-7.6927],[113.8908,-7.6928],[113.8909,-7.6928],[113.8911,-7.6929],[113.8912,-7.693],[113.8913,-7.693],[113.8913,-7.6931],[113.8914,-7.6931],[113.8915,-7.6932],[113.8917,-7.6932],[113.8917,-7.6933],[113.8918,-7.6933],[113.8919,-7.6934],[113.8919,-7.6935],[113.892,-7.6935],[113.892,-7.6936],[113.8921,-7.6938],[113.8922,-7.6938],[113.8922,-7.6939],[113.8922,-7.694],[113.8923,-7.694],[113.8923,-7.6941],[113.8924,-7.6942],[113.8924,-7.6943],[113.8924,-7.6944],[113.8925,-7.6944],[113.8925,-7.6945],[113.8926,-7.6945],[113.8927,-7.6946],[113.8928,-7.6947],[113.8929,-7.6947],[113.893,-7.6948],[113.893,-7.6949],[113.8931,-7.6949],[113.8932,-7.6949],[113.8933,-7.695],[113.8934,-7.695],[113.8937,-7.6952],[113.8938,-7.6952],[113.8939,-7.6952],[113.8939,-7.6953],[113.8941,-7.6954],[113.8942,-7.6954],[113.8943,-7.6955],[113.8944,-7.6955],[113.8944,-7.6956],[113.8946,-7.6957],[113.8948,-7.6958],[113.895,-7.6959],[113.895,-7.696],[113.8951,-7.696],[113.8952,-7.696],[113.8952,-7.6961],[113.8953,-7.6961],[113.8954,-7.6962],[113.8955,-7.6963],[113.8956,-7.6964],[113.8957,-7.6964],[113.8957,-7.6965],[113.8958,-7.6965],[113.896,-7.6966],[113.8961,-7.6966],[113.8962,-7.6966],[113.8962,-7.6967],[113.8963,-7.6967],[113.8963,-7.6968],[113.8964,-7.6968],[113.8965,-7.6967],[113.8966,-7.6967],[113.8967,-7.6967],[113.8968,-7.6967],[113.8969,-7.6966],[113.897,-7.6966],[113.8972,-7.6966],[113.8972,-7.6965],[113.8973,-7.6965],[113.8974,-7.6965],[113.8975,-7.6965],[113.8976,-7.6965],[113.8977,-7.6965],[113.8978,-7.6967],[113.8979,-7.6968],[113.898,-7.6968],[113.898,-7.6969],[113.8981,-7.6969],[113.8981,-7.697],[113.8982,-7.6971],[113.8983,-7.6971],[113.8984,-7.6972],[113.8985,-7.6972],[113.8985,-7.6973],[113.8986,-7.6973],[113.8987,-7.6974],[113.8988,-7.6974],[113.8988,-7.6975],[113.8989,-7.6975],[113.899,-7.6975],[113.899,-7.6976],[113.8991,-7.6976],[113.8992,-7.6977],[113.8993,-7.6977],[113.8994,-7.6977],[113.8995,-7.6977],[113.8996,-7.6977],[113.8997,-7.6976],[113.8999,-7.6976],[113.9,-7.6977],[113.9001,-7.6977],[113.9002,-7.6977],[113.9003,-7.6977],[113.9004,-7.6977],[113.9007,-7.6978],[113.9008,-7.6979],[113.9009,-7.6979],[113.901,-7.698],[113.9011,-7.6981],[113.9018,-7.6983],[113.9019,-7.6983],[113.902,-7.6983],[113.9023,-7.6984],[113.9024,-7.6984],[113.9029,-7.6986],[113.9029,-7.6987],[113.903,-7.6987],[113.9031,-7.6989],[113.9032,-7.699],[113.9033,-7.699],[113.9033,-7.6991],[113.9034,-7.6991],[113.9039,-7.6992],[113.9044,-7.6993],[113.9046,-7.6993],[113.9046,-7.6994],[113.9047,-7.6994],[113.9048,-7.6994],[113.9049,-7.6994],[113.9049,-7.6993],[113.905,-7.6992],[113.9051,-7.6992],[113.9052,-7.6991],[113.9053,-7.699],[113.9054,-7.699],[113.9055,-7.699],[113.9057,-7.6989],[113.9059,-7.6989],[113.906,-7.6989],[113.9061,-7.6988],[113.9062,-7.6988],[113.9064,-7.6987],[113.9065,-7.6987],[113.9067,-7.6987],[113.9068,-7.6986],[113.9069,-7.6986],[113.907,-7.6985],[113.9071,-7.6985],[113.9072,-7.6984],[113.9073,-7.6983],[113.9074,-7.6982],[113.9074,-7.6981],[113.9075,-7.698],[113.9076,-7.698],[113.9076,-7.6979],[113.9077,-7.6979],[113.908,-7.6978],[113.9082,-7.6977],[113.9083,-7.6977],[113.9084,-7.6977],[113.9085,-7.6977],[113.9085,-7.6978],[113.9087,-7.6978],[113.9088,-7.6978],[113.9089,-7.6978],[113.909,-7.6978],[113.9091,-7.6978],[113.9092,-7.6978],[113.9094,-7.6978],[113.9094,-7.6977],[113.9095,-7.6977],[113.9096,-7.6976],[113.9097,-7.6975],[113.9097,-7.6974],[113.9098,-7.6974],[113.9099,-7.6973],[113.91,-7.6972],[113.9101,-7.6971],[113.9102,-7.697],[113.9103,-7.697],[113.9104,-7.6969],[113.9106,-7.6969],[113.9107,-7.6969],[113.9108,-7.6969],[113.9109,-7.6969],[113.9108,-7.6917],[113.8996,-7.6867]]]}},{"type":"Feature","properties":{"name":"Pencadangan/Indikasi Kawasan Konservasi","fillColor":"#f60ada","fillOpacity":0.55},"geometry":{"type":"Polygon","coordinates":[[[113.9437,-7.6707],[113.9378,-7.6764],[113.9392,-7.6764],[113.9392,-7.6772],[113.9394,-7.6772],[113.9397,-7.6772],[113.9399,-7.6772],[113.9401,-7.677],[113.9402,-7.6769],[113.9403,-7.6768],[113.9404,-7.6768],[113.9405,-7.6768],[113.9406,-7.6768],[113.9407,-7.6768],[113.9408,-7.6768],[113.9409,-7.6767],[113.941,-7.6766],[113.9412,-7.6765],[113.9413,-7.6764],[113.9414,-7.6764],[113.9414,-7.6763],[113.9415,-7.6762],[113.9417,-7.6761],[113.9418,-7.6761],[113.942,-7.6761],[113.9421,-7.6761],[113.9422,-7.676],[113.9424,-7.6759],[113.9426,-7.6759],[113.9427,-7.6758],[113.9428,-7.6758],[113.9429,-7.6758],[113.943,-7.6757],[113.9432,-7.6757],[113.9432,-7.6756],[113.9435,-7.6754],[113.9436,-7.6753],[113.9437,-7.6752],[113.9438,-7.6752],[113.9439,-7.6753],[113.944,-7.6753],[113.9444,-7.6755],[113.9445,-7.6755],[113.9446,-7.6755],[113.9447,-7.6757],[113.9449,-7.6759],[113.9451,-7.676],[113.9452,-7.6761],[113.9456,-7.6764],[113.9457,-7.6765],[113.9457,-7.6766],[113.9456,-7.6766],[113.9456,-7.6767],[113.9456,-7.6768],[113.9456,-7.6769],[113.9456,-7.677],[113.9456,-7.6771],[113.9457,-7.6773],[113.9457,-7.6774],[113.9458,-7.6775],[113.9458,-7.6776],[113.9458,-7.6777],[113.9458,-7.6778],[113.9459,-7.6779],[113.946,-7.6779],[113.9461,-7.678],[113.9463,-7.678],[113.9465,-7.6781],[113.9467,-7.6781],[113.9468,-7.6782],[113.9469,-7.6783],[113.947,-7.6783],[113.947,-7.6784],[113.947,-7.6785],[113.9471,-7.6785],[113.9471,-7.6786],[113.9472,-7.6787],[113.947,-7.6793],[113.9471,-7.6793],[113.9471,-7.6792],[113.9472,-7.6792],[113.9473,-7.6792],[113.9474,-7.6792],[113.9474,-7.6793],[113.9475,-7.6792],[113.9476,-7.6792],[113.9477,-7.6791],[113.9478,-7.6791],[113.9479,-7.6791],[113.9479,-7.6792],[113.948,-7.6792],[113.9481,-7.6792],[113.9482,-7.6792],[113.9483,-7.6792],[113.9484,-7.6792],[113.9485,-7.6792],[113.9486,-7.6792],[113.9487,-7.6792],[113.9487,-7.6793],[113.9488,-7.6793],[113.9488,-7.6794],[113.9489,-7.6794],[113.9489,-7.6795],[113.949,-7.6795],[113.9491,-7.6795],[113.9491,-7.6796],[113.9492,-7.6796],[113.9493,-7.6796],[113.9493,-7.6797],[113.9494,-7.6797],[113.9494,-7.6798],[113.9495,-7.6798],[113.9495,-7.6799],[113.9495,-7.68],[113.9494,-7.6801],[113.9494,-7.6802],[113.9495,-7.6803],[113.9495,-7.6804],[113.9496,-7.6805],[113.9496,-7.6806],[113.9495,-7.6806],[113.9495,-7.6807],[113.9495,-7.6808],[113.9496,-7.6809],[113.9496,-7.681],[113.9496,-7.6811],[113.9497,-7.6811],[113.9497,-7.6812],[113.9498,-7.6812],[113.9499,-7.6812],[113.95,-7.6812],[113.9501,-7.6812],[113.9502,-7.6812],[113.9503,-7.6812],[113.9504,-7.6812],[113.9505,-7.6812],[113.9505,-7.6811],[113.9506,-7.6811],[113.9507,-7.6811],[113.9508,-7.681],[113.9509,-7.681],[113.9509,-7.6809],[113.951,-7.6809],[113.951,-7.6808],[113.9511,-7.6807],[113.9512,-7.6807],[113.9513,-7.6807],[113.9513,-7.6806],[113.9514,-7.6806],[113.9515,-7.6806],[113.9516,-7.6806],[113.9516,-7.6805],[113.9517,-7.6805],[113.9517,-7.6804],[113.9518,-7.6804],[113.9519,-7.6803],[113.952,-7.6803],[113.952,-7.6802],[113.9521,-7.6802],[113.9522,-7.6802],[113.9522,-7.6801],[113.9523,-7.6801],[113.9523,-7.68],[113.9524,-7.68],[113.9525,-7.68],[113.9525,-7.6799],[113.9526,-7.6799],[113.9526,-7.6798],[113.9437,-7.6707]]]}},{"type":"Feature","properties":{"name":"Pencadangan/Indikasi Kawasan Konservasi","fillColor":"#f60ada","fillOpacity":0.55},"geometry":{"type":"Polygon","coordinates":[[[113.9843,-7.6466],[113.9844,-7.6466],[113.9844,-7.6465],[113.9845,-7.6465],[113.9846,-7.6465],[113.9846,-7.6464],[113.9823,-7.6453],[113.9787,-7.6427],[113.9751,-7.64],[113.9642,-7.6401],[113.9502,-7.6577],[113.9497,-7.6584],[113.9616,-7.6688],[113.9617,-7.6687],[113.9617,-7.6686],[113.9618,-7.6685],[113.9618,-7.6684],[113.9619,-7.6683],[113.962,-7.6681],[113.9621,-7.668],[113.9621,-7.6679],[113.9622,-7.6678],[113.9622,-7.6677],[113.9623,-7.6676],[113.9623,-7.6675],[113.9624,-7.6675],[113.9624,-7.6674],[113.9625,-7.6674],[113.9625,-7.6673],[113.9626,-7.6673],[113.9626,-7.6672],[113.9627,-7.6671],[113.9627,-7.667],[113.9628,-7.6669],[113.9628,-7.6668],[113.9629,-7.6668],[113.9629,-7.6667],[113.963,-7.6666],[113.9631,-7.6665],[113.9632,-7.6665],[113.9633,-7.6666],[113.9634,-7.6666],[113.9634,-7.6665],[113.9635,-7.6665],[113.9635,-7.6664],[113.9636,-7.6664],[113.9636,-7.6662],[113.9637,-7.666],[113.9637,-7.6658],[113.9638,-7.6656],[113.9639,-7.6654],[113.9639,-7.6653],[113.964,-7.6651],[113.964,-7.665],[113.9641,-7.6647],[113.9641,-7.6646],[113.9642,-7.6646],[113.9642,-7.6645],[113.9642,-7.6644],[113.9642,-7.6643],[113.9643,-7.6643],[113.9643,-7.6642],[113.9644,-7.664],[113.9644,-7.6639],[113.9644,-7.6638],[113.9645,-7.6637],[113.9646,-7.6636],[113.9648,-7.6633],[113.9649,-7.663],[113.965,-7.6628],[113.9652,-7.6626],[113.9652,-7.6625],[113.9653,-7.6625],[113.9654,-7.6624],[113.9655,-7.6624],[113.9655,-7.6626],[113.9656,-7.6627],[113.9657,-7.6627],[113.9657,-7.6628],[113.9658,-7.6628],[113.9658,-7.663],[113.9659,-7.663],[113.966,-7.663],[113.966,-7.6629],[113.966,-7.6628],[113.9661,-7.6628],[113.9662,-7.6628],[113.9663,-7.6628],[113.9663,-7.6627],[113.9662,-7.6627],[113.9661,-7.6627],[113.966,-7.6627],[113.966,-7.6626],[113.9659,-7.6626],[113.9658,-7.6626],[113.9658,-7.6625],[113.9657,-7.6625],[113.9657,-7.6624],[113.9657,-7.6623],[113.9657,-7.6622],[113.9658,-7.6621],[113.9659,-7.662],[113.966,-7.662],[113.9661,-7.662],[113.9662,-7.6619],[113.9662,-7.662],[113.9663,-7.662],[113.9664,-7.662],[113.9665,-7.662],[113.9666,-7.662],[113.9666,-7.6619],[113.9667,-7.6619],[113.9667,-7.6618],[113.9667,-7.6617],[113.9666,-7.6617],[113.9666,-7.6616],[113.9665,-7.6616],[113.9665,-7.6615],[113.9665,-7.6614],[113.9666,-7.6614],[113.9666,-7.6613],[113.9667,-7.6614],[113.9668,-7.6614],[113.9668,-7.6615],[113.9668,-7.6614],[113.9669,-7.6614],[113.967,-7.6614],[113.967,-7.6613],[113.9671,-7.6612],[113.9671,-7.6611],[113.9672,-7.6608],[113.9673,-7.6605],[113.9672,-7.6605],[113.9673,-7.6603],[113.9672,-7.6603],[113.9671,-7.6603],[113.9672,-7.6601],[113.9672,-7.6602],[113.9672,-7.6601],[113.9673,-7.6601],[113.9673,-7.66],[113.9674,-7.6599],[113.9674,-7.6598],[113.9676,-7.6594],[113.9677,-7.6589],[113.9677,-7.6588],[113.9678,-7.6588],[113.9678,-7.6587],[113.9678,-7.6586],[113.9678,-7.6585],[113.9677,-7.6584],[113.9676,-7.6584],[113.9675,-7.6583],[113.9675,-7.6582],[113.9676,-7.6581],[113.9676,-7.658],[113.9677,-7.658],[113.9678,-7.658],[113.9678,-7.6579],[113.9679,-7.6579],[113.968,-7.6578],[113.968,-7.6577],[113.968,-7.6575],[113.9682,-7.6569],[113.9683,-7.6566],[113.9683,-7.6565],[113.9684,-7.6563],[113.9685,-7.6561],[113.9686,-7.6559],[113.9688,-7.6557],[113.9688,-7.6556],[113.9688,-7.6555],[113.9689,-7.6554],[113.9689,-7.6553],[113.969,-7.6552],[113.9691,-7.6551],[113.9691,-7.655],[113.9691,-7.6549],[113.9692,-7.6549],[113.9692,-7.6548],[113.9693,-7.6547],[113.9693,-7.6546],[113.9694,-7.6546],[113.9694,-7.6545],[113.9695,-7.6545],[113.9695,-7.6544],[113.9696,-7.6544],[113.9696,-7.6543],[113.9697,-7.6542],[113.9698,-7.6542],[113.9698,-7.6541],[113.9699,-7.654],[113.97,-7.654],[113.97,-7.6539],[113.9701,-7.6538],[113.9702,-7.6537],[113.9703,-7.6536],[113.9703,-7.6535],[113.9704,-7.6535],[113.9705,-7.6534],[113.9706,-7.6533],[113.9706,-7.6532],[113.9707,-7.6532],[113.9707,-7.6531],[113.9708,-7.6531],[113.9708,-7.653],[113.9709,-7.6529],[113.971,-7.6529],[113.9711,-7.6528],[113.9717,-7.6521],[113.9722,-7.6516],[113.9723,-7.6516],[113.9723,-7.6515],[113.9724,-7.6515],[113.9724,-7.6514],[113.9725,-7.6514],[113.9725,-7.6513],[113.9726,-7.6513],[113.9727,-7.6512],[113.9728,-7.6511],[113.9729,-7.6511],[113.9729,-7.651],[113.973,-7.651],[113.9731,-7.651],[113.9732,-7.6509],[113.9734,-7.6508],[113.9735,-7.6507],[113.9736,-7.6507],[113.9737,-7.6507],[113.9738,-7.6507],[113.9739,-7.6507],[113.974,-7.6507],[113.974,-7.6508],[113.9741,-7.6508],[113.9742,-7.6507],[113.9743,-7.6507],[113.9744,-7.6507],[113.9745,-7.6507],[113.9746,-7.6507],[113.9747,-7.6507],[113.9748,-7.6507],[113.9749,-7.6506],[113.975,-7.6506],[113.9751,-7.6507],[113.9761,-7.6504],[113.9763,-7.6503],[113.9764,-7.6503],[113.977,-7.6502],[113.9771,-7.6501],[113.9778,-7.65],[113.9779,-7.65],[113.9781,-7.65],[113.9784,-7.65],[113.9786,-7.65],[113.9791,-7.6499],[113.9799,-7.6497],[113.9808,-7.6496],[113.981,-7.6495],[113.9811,-7.6495],[113.9811,-7.6494],[113.9812,-7.6494],[113.9812,-7.6493],[113.9813,-7.6493],[113.9814,-7.6492],[113.9815,-7.6492],[113.9816,-7.6492],[113.9816,-7.6491],[113.9817,-7.6491],[113.9818,-7.6491],[113.9818,-7.649],[113.9819,-7.649],[113.9821,-7.649],[113.9822,-7.6491],[113.9823,-7.6491],[113.9824,-7.6491],[113.9825,-7.649],[113.9824,-7.649],[113.9824,-7.6489],[113.9824,-7.6488],[113.9825,-7.6488],[113.9825,-7.6487],[113.9826,-7.6487],[113.9827,-7.6486],[113.9828,-7.6485],[113.9829,-7.6484],[113.983,-7.6479],[113.983,-7.6475],[113.9834,-7.6474],[113.9835,-7.6473],[113.9836,-7.6473],[113.9836,-7.6472],[113.9837,-7.6471],[113.9837,-7.647],[113.9838,-7.647],[113.9838,-7.6469],[113.9839,-7.6468],[113.9839,-7.6469],[113.9841,-7.6468],[113.9842,-7.6467],[113.9843,-7.6466]]]}},{"type":"Feature","properties":{"name":"Pencadangan/Indikasi Kawasan Konservasi","fillColor":"#f60ada","fillOpacity":0.55},"geometry":{"type":"Polygon","coordinates":[[[114.0603,-7.1177],[114.0584,-7.1177],[114.0361,-7.1177],[114.041,-7.1193],[114.0584,-7.1193],[114.0589,-7.1193],[114.0603,-7.1177]]]}},{"type":"Feature","properties":{"name":"Pencadangan/Indikasi Kawasan Konservasi","fillColor":"#f60ada","fillOpacity":0.55},"geometry":{"type":"Polygon","coordinates":[[[114.1718,-7.003],[114.1716,-7.003],[114.1714,-7.003],[114.1712,-7.003],[114.171,-7.003],[114.1709,-7.0031],[114.1708,-7.0031],[114.1708,-7.003],[114.1707,-7.0031],[114.1676,-7.0112],[114.1744,-7.0112],[114.1763,-7.0047],[114.1761,-7.0047],[114.1758,-7.0046],[114.1756,-7.0045],[114.1754,-7.0044],[114.1751,-7.0043],[114.1747,-7.004],[114.1745,-7.004],[114.1743,-7.0039],[114.1742,-7.0039],[114.1741,-7.0038],[114.1736,-7.0037],[114.1733,-7.0036],[114.1731,-7.0036],[114.1727,-7.0035],[114.1723,-7.0033],[114.1721,-7.0032],[114.172,-7.0031],[114.1718,-7.003]]]}},{"type":"Feature","properties":{"name":"Pencadangan/Indikasi Kawasan Konservasi","fillColor":"#f60ada","fillOpacity":0.55},"geometry":{"type":"Polygon","coordinates":[[[113.7583,-7.2182],[113.7583,-7.218],[113.7579,-7.2179],[113.7578,-7.2179],[113.7574,-7.2178],[113.7568,-7.2177],[113.7568,-7.2178],[113.7568,-7.2179],[113.7568,-7.218],[113.7568,-7.2181],[113.7567,-7.2188],[113.7566,-7.2193],[113.7565,-7.2207],[113.7544,-7.2207],[113.7544,-7.2203],[113.7544,-7.22],[113.7545,-7.2183],[113.7545,-7.218],[113.7545,-7.2178],[113.754,-7.2178],[113.7538,-7.2179],[113.7528,-7.2181],[113.7524,-7.2182],[113.7525,-7.2185],[113.7526,-7.2201],[113.7526,-7.2204],[113.7527,-7.2221],[113.7528,-7.2221],[113.7577,-7.222],[113.7583,-7.2182]]]}},{"type":"Feature","properties":{"name":"Pencadangan/Indikasi Kawasan Konservasi","fillColor":"#f60ada","fillOpacity":0.55},"geometry":{"type":"Polygon","coordinates":[[[113.8003,-7.2092],[113.797,-7.2099],[113.798,-7.2139],[113.798,-7.214],[113.7981,-7.2143],[113.7981,-7.2146],[113.7985,-7.2144],[113.7985,-7.2143],[113.7988,-7.2142],[113.7988,-7.2141],[113.7983,-7.2114],[113.7995,-7.2111],[113.8,-7.2137],[113.8002,-7.2137],[113.8007,-7.2138],[113.8009,-7.2139],[113.8009,-7.2137],[113.8003,-7.2092]]]}},{"type":"Feature","properties":{"name":"Pencadangan/Indikasi Kawasan Konservasi","fillColor":"#f60ada","fillOpacity":0.55},"geometry":{"type":"Polygon","coordinates":[[[113.8889,-7.1895],[113.8891,-7.1895],[113.8892,-7.1894],[113.8894,-7.1893],[113.8895,-7.1892],[113.8897,-7.189],[113.8898,-7.1889],[113.8903,-7.1886],[113.8906,-7.1883],[113.8908,-7.1882],[113.8909,-7.1881],[113.8911,-7.1881],[113.8912,-7.188],[113.8913,-7.188],[113.8914,-7.188],[113.8916,-7.188],[113.8917,-7.188],[113.8918,-7.188],[113.892,-7.1879],[113.8922,-7.1878],[113.8923,-7.1877],[113.8926,-7.1873],[113.8927,-7.1873],[113.8932,-7.1867],[113.8933,-7.1866],[113.8935,-7.1865],[113.8936,-7.1864],[113.8937,-7.1864],[113.8938,-7.1864],[113.8939,-7.1864],[113.8938,-7.1862],[113.8938,-7.1861],[113.8931,-7.1851],[113.8931,-7.185],[113.8926,-7.1841],[113.8924,-7.1838],[113.8921,-7.1833],[113.8917,-7.1826],[113.8915,-7.1822],[113.8909,-7.1813],[113.8909,-7.1812],[113.8908,-7.181],[113.8905,-7.1812],[113.8889,-7.182],[113.8874,-7.1828],[113.8858,-7.1836],[113.8842,-7.1844],[113.8827,-7.1852],[113.8812,-7.186],[113.8796,-7.1868],[113.8781,-7.1877],[113.8765,-7.1885],[113.8773,-7.1909],[113.8788,-7.1946],[113.8793,-7.1962],[113.8807,-7.1999],[113.8808,-7.2002],[113.8809,-7.1999],[113.881,-7.1996],[113.8811,-7.199],[113.8816,-7.1977],[113.8819,-7.1969],[113.882,-7.1969],[113.8821,-7.1968],[113.8823,-7.1964],[113.8824,-7.1961],[113.8824,-7.1958],[113.8825,-7.1956],[113.8826,-7.1955],[113.8826,-7.1954],[113.8827,-7.1952],[113.8828,-7.195],[113.8829,-7.1948],[113.8829,-7.1947],[113.8829,-7.1945],[113.8829,-7.1944],[113.8829,-7.1943],[113.883,-7.1942],[113.883,-7.1941],[113.883,-7.194],[113.883,-7.1939],[113.8831,-7.1939],[113.8832,-7.1937],[113.8833,-7.1935],[113.8834,-7.1933],[113.8835,-7.1932],[113.8836,-7.1931],[113.8837,-7.1931],[113.8838,-7.1931],[113.8839,-7.193],[113.8841,-7.193],[113.8842,-7.193],[113.8843,-7.1929],[113.8845,-7.1929],[113.8847,-7.1928],[113.8849,-7.1927],[113.885,-7.1926],[113.8852,-7.1925],[113.8855,-7.1923],[113.8857,-7.192],[113.8858,-7.1918],[113.8861,-7.1915],[113.8862,-7.1914],[113.8863,-7.1913],[113.8864,-7.1912],[113.8865,-7.1911],[113.8868,-7.1907],[113.8871,-7.1905],[113.8872,-7.1904],[113.8873,-7.1903],[113.8875,-7.1902],[113.8876,-7.1901],[113.8879,-7.19],[113.888,-7.1898],[113.8882,-7.1896],[113.8884,-7.1896],[113.8886,-7.1896],[113.8887,-7.1896],[113.8888,-7.1896],[113.8889,-7.1895]]]}},{"type":"Feature","properties":{"name":"Pencadangan/Indikasi Kawasan Konservasi","fillColor":"#f60ada","fillOpacity":0.55},"geometry":{"type":"Polygon","coordinates":[[[113.9179,-7.1763],[113.9172,-7.1728],[113.9167,-7.1701],[113.9165,-7.1692],[113.9159,-7.1694],[113.9143,-7.1701],[113.9127,-7.1708],[113.911,-7.1715],[113.9094,-7.1722],[113.9079,-7.1729],[113.9063,-7.1736],[113.9047,-7.1744],[113.9031,-7.1751],[113.9015,-7.1758],[113.8999,-7.1766],[113.8989,-7.177],[113.8993,-7.1777],[113.8994,-7.178],[113.9,-7.1789],[113.9002,-7.1792],[113.9009,-7.1804],[113.9013,-7.1811],[113.9016,-7.1815],[113.9016,-7.1816],[113.9024,-7.183],[113.9026,-7.1832],[113.9026,-7.1833],[113.9028,-7.1832],[113.903,-7.1829],[113.9034,-7.1825],[113.9036,-7.1823],[113.9038,-7.1823],[113.904,-7.1822],[113.9044,-7.182],[113.9048,-7.1819],[113.9048,-7.1817],[113.905,-7.1817],[113.9051,-7.1817],[113.9053,-7.1816],[113.9054,-7.1815],[113.9054,-7.1813],[113.9054,-7.1812],[113.9055,-7.1812],[113.9056,-7.1814],[113.9057,-7.1814],[113.9059,-7.1815],[113.906,-7.1815],[113.9061,-7.1816],[113.9062,-7.1816],[113.9063,-7.1816],[113.9065,-7.1816],[113.9066,-7.1816],[113.9067,-7.1816],[113.9069,-7.1817],[113.907,-7.1818],[113.9071,-7.1818],[113.9073,-7.1818],[113.9074,-7.1818],[113.9077,-7.1818],[113.9081,-7.1819],[113.9083,-7.1819],[113.9086,-7.1819],[113.9087,-7.1819],[113.9089,-7.1818],[113.909,-7.1818],[113.909,-7.1817],[113.9092,-7.1817],[113.9092,-7.1816],[113.9093,-7.1815],[113.9094,-7.1816],[113.9096,-7.1815],[113.9098,-7.1815],[113.9103,-7.1813],[113.9106,-7.1811],[113.9109,-7.1809],[113.9112,-7.1807],[113.9114,-7.1806],[113.9116,-7.1805],[113.9117,-7.1806],[113.912,-7.1806],[113.9123,-7.1805],[113.9132,-7.1802],[113.9134,-7.1801],[113.9137,-7.18],[113.9139,-7.1799],[113.914,-7.1798],[113.9141,-7.1797],[113.9144,-7.1795],[113.9145,-7.1793],[113.9145,-7.1792],[113.9146,-7.1791],[113.9146,-7.179],[113.9148,-7.1788],[113.915,-7.1786],[113.9152,-7.1786],[113.9156,-7.1786],[113.9159,-7.1785],[113.916,-7.1785],[113.9163,-7.1783],[113.9164,-7.1782],[113.9165,-7.1781],[113.9168,-7.1779],[113.917,-7.1778],[113.9171,-7.1778],[113.917,-7.1776],[113.9171,-7.1776],[113.9173,-7.1775],[113.9176,-7.1774],[113.9177,-7.1773],[113.9177,-7.1772],[113.9176,-7.177],[113.9179,-7.1769],[113.918,-7.1769],[113.9179,-7.1763]]]}},{"type":"Feature","properties":{"name":"Pencadangan/Indikasi Kawasan Konservasi","fillColor":"#f60ada","fillOpacity":0.55},"geometry":{"type":"Polygon","coordinates":[[[113.9296,-7.1639],[113.9272,-7.1648],[113.9256,-7.1654],[113.9237,-7.1662],[113.9223,-7.1667],[113.9217,-7.167],[113.9233,-7.174],[113.9234,-7.174],[113.9235,-7.1741],[113.9238,-7.1742],[113.924,-7.1742],[113.9242,-7.1744],[113.9246,-7.1746],[113.9248,-7.1747],[113.9252,-7.1746],[113.9252,-7.1745],[113.9254,-7.1745],[113.9254,-7.1743],[113.9255,-7.1743],[113.9256,-7.1744],[113.9258,-7.1744],[113.9261,-7.1745],[113.9263,-7.1746],[113.9266,-7.1748],[113.9267,-7.1749],[113.9269,-7.1753],[113.927,-7.1756],[113.9272,-7.1759],[113.9274,-7.1768],[113.9275,-7.177],[113.9276,-7.1772],[113.9277,-7.1774],[113.9278,-7.1778],[113.928,-7.1783],[113.9282,-7.179],[113.9283,-7.1792],[113.9285,-7.1794],[113.9286,-7.1795],[113.9286,-7.1796],[113.9287,-7.1798],[113.9288,-7.1798],[113.9289,-7.1799],[113.9291,-7.1801],[113.9291,-7.1802],[113.9291,-7.1804],[113.9289,-7.1807],[113.9288,-7.1808],[113.9286,-7.1813],[113.9287,-7.1815],[113.9287,-7.1816],[113.9286,-7.1819],[113.9287,-7.182],[113.9287,-7.1822],[113.9289,-7.1828],[113.929,-7.1829],[113.929,-7.1838],[113.929,-7.1844],[113.9291,-7.1847],[113.9293,-7.1853],[113.9293,-7.1854],[113.9294,-7.1855],[113.9295,-7.1858],[113.9296,-7.1859],[113.9297,-7.186],[113.9301,-7.1867],[113.9302,-7.187],[113.9304,-7.1872],[113.9306,-7.1877],[113.9307,-7.1878],[113.9308,-7.1879],[113.9309,-7.188],[113.9311,-7.1881],[113.9314,-7.1886],[113.9316,-7.1891],[113.9317,-7.1893],[113.9319,-7.1895],[113.932,-7.1897],[113.9321,-7.1899],[113.9322,-7.1904],[113.9323,-7.1906],[113.9325,-7.1909],[113.9326,-7.191],[113.9327,-7.1911],[113.9329,-7.1914],[113.9329,-7.1915],[113.933,-7.1917],[113.9332,-7.1917],[113.9333,-7.1916],[113.9332,-7.1916],[113.9333,-7.1912],[113.9332,-7.1912],[113.933,-7.1911],[113.9329,-7.1908],[113.933,-7.1907],[113.9334,-7.1911],[113.9334,-7.1912],[113.9338,-7.1913],[113.9342,-7.1917],[113.9342,-7.192],[113.9345,-7.192],[113.935,-7.1928],[113.9352,-7.1932],[113.9358,-7.1939],[113.936,-7.1943],[113.9363,-7.1945],[113.9368,-7.1949],[113.9372,-7.1945],[113.9373,-7.1946],[113.9376,-7.1958],[113.9377,-7.1961],[113.9379,-7.1961],[113.9382,-7.1968],[113.9384,-7.197],[113.9386,-7.1971],[113.9387,-7.197],[113.9389,-7.1974],[113.9392,-7.1979],[113.9393,-7.1982],[113.9395,-7.1985],[113.9398,-7.1988],[113.9398,-7.1991],[113.9399,-7.1993],[113.94,-7.1995],[113.9402,-7.1995],[113.9402,-7.2004],[113.9402,-7.2012],[113.9402,-7.2015],[113.9403,-7.2018],[113.9405,-7.2019],[113.9406,-7.2022],[113.9404,-7.2029],[113.9404,-7.2031],[113.9404,-7.2033],[113.9405,-7.2035],[113.9406,-7.2036],[113.9409,-7.2034],[113.9411,-7.2034],[113.941,-7.2039],[113.9406,-7.2056],[113.9404,-7.2057],[113.9405,-7.2058],[113.9406,-7.2059],[113.9402,-7.2075],[113.9399,-7.2085],[113.9398,-7.2092],[113.9397,-7.2099],[113.9395,-7.2109],[113.9395,-7.2113],[113.9394,-7.2117],[113.9393,-7.2127],[113.9393,-7.213],[113.9392,-7.2132],[113.9393,-7.2137],[113.9393,-7.2139],[113.9393,-7.2142],[113.9395,-7.2146],[113.9396,-7.2147],[113.9398,-7.215],[113.9399,-7.2151],[113.94,-7.2151],[113.9404,-7.2155],[113.9405,-7.2156],[113.9407,-7.2158],[113.9414,-7.2165],[113.9415,-7.2167],[113.9419,-7.2174],[113.9425,-7.2185],[113.9426,-7.2187],[113.9429,-7.219],[113.9431,-7.2192],[113.9434,-7.2194],[113.9437,-7.2198],[113.9437,-7.2199],[113.9438,-7.22],[113.944,-7.2201],[113.9441,-7.2201],[113.9442,-7.2201],[113.9444,-7.2201],[113.9445,-7.2202],[113.9447,-7.2203],[113.9448,-7.2203],[113.9449,-7.2203],[113.9452,-7.2201],[113.9453,-7.2202],[113.9453,-7.2203],[113.9456,-7.2203],[113.9457,-7.2204],[113.9458,-7.2205],[113.946,-7.2204],[113.9461,-7.2204],[113.9462,-7.2205],[113.9463,-7.2205],[113.9464,-7.2205],[113.9471,-7.2205],[113.9472,-7.2205],[113.9473,-7.2206],[113.9477,-7.221],[113.9478,-7.221],[113.9479,-7.221],[113.9481,-7.2208],[113.9482,-7.2208],[113.9485,-7.2212],[113.9488,-7.2212],[113.9489,-7.2213],[113.9491,-7.2214],[113.9493,-7.2217],[113.9493,-7.2218],[113.9495,-7.2217],[113.9496,-7.2217],[113.9497,-7.2217],[113.9497,-7.2219],[113.9498,-7.222],[113.95,-7.2221],[113.9501,-7.222],[113.9502,-7.222],[113.9503,-7.2218],[113.9504,-7.2218],[113.9506,-7.2221],[113.9509,-7.2227],[113.9511,-7.2228],[113.9512,-7.223],[113.9513,-7.2232],[113.9515,-7.2231],[113.9518,-7.2232],[113.9518,-7.2234],[113.9518,-7.2236],[113.9521,-7.2235],[113.9522,-7.2235],[113.9522,-7.2236],[113.9522,-7.2239],[113.9525,-7.2239],[113.9526,-7.224],[113.953,-7.2243],[113.9531,-7.2244],[113.9534,-7.2244],[113.9535,-7.2243],[113.9536,-7.2245],[113.9536,-7.2246],[113.9537,-7.2246],[113.9538,-7.2246],[113.9539,-7.2248],[113.954,-7.2248],[113.9542,-7.2248],[113.954,-7.2249],[113.9539,-7.2249],[113.9539,-7.2251],[113.9539,-7.2253],[113.9539,-7.2255],[113.954,-7.2259],[113.954,-7.2261],[113.954,-7.2263],[113.954,-7.2267],[113.954,-7.2269],[113.954,-7.2271],[113.954,-7.2275],[113.954,-7.2277],[113.9541,-7.2279],[113.9541,-7.2281],[113.9542,-7.2281],[113.9544,-7.2281],[113.9545,-7.2281],[113.9546,-7.2281],[113.9547,-7.2282],[113.9547,-7.2283],[113.9547,-7.2284],[113.9548,-7.2286],[113.9548,-7.2287],[113.9549,-7.229],[113.955,-7.2291],[113.9551,-7.2291],[113.9552,-7.2293],[113.9553,-7.2294],[113.9553,-7.2295],[113.9552,-7.2297],[113.9552,-7.2298],[113.9552,-7.2299],[113.9552,-7.2301],[113.9553,-7.2302],[113.9554,-7.2304],[113.9555,-7.2304],[113.9555,-7.2305],[113.9558,-7.2305],[113.9559,-7.2305],[113.956,-7.2306],[113.956,-7.2307],[113.956,-7.2308],[113.956,-7.2309],[113.9559,-7.231],[113.9558,-7.2311],[113.9556,-7.2312],[113.9555,-7.2313],[113.9554,-7.2313],[113.9553,-7.2315],[113.9557,-7.2319],[113.9575,-7.2331],[113.9592,-7.2318],[113.9641,-7.2262],[113.9516,-7.2143],[113.9537,-7.1977],[113.9296,-7.1639]]]}},{"type":"Feature","properties":{"name":"Pencadangan/Indikasi Kawasan Konservasi","fillColor":"#f60ada","fillOpacity":0.55},"geometry":{"type":"Polygon","coordinates":[[[113.9588,-7.0941],[113.9584,-7.0935],[113.9582,-7.0932],[113.9581,-7.0931],[113.9578,-7.0928],[113.9577,-7.0927],[113.9576,-7.0927],[113.9576,-7.0926],[113.9574,-7.0925],[113.9572,-7.0925],[113.9571,-7.0925],[113.957,-7.0925],[113.9565,-7.0924],[113.9561,-7.0923],[113.9479,-7.0948],[113.9566,-7.0989],[113.9588,-7.0941]]]}},{"type":"Feature","properties":{"name":"Pencadangan/Indikasi Kawasan Konservasi","fillColor":"#f60ada","fillOpacity":0.55},"geometry":{"type":"Polygon","coordinates":[[[112.9857,-6.8833],[112.9857,-6.8815],[112.979,-6.8815],[112.979,-6.8833],[112.9857,-6.8833]]]}},{"type":"Feature","properties":{"name":"Pencadangan/Indikasi Kawasan Konservasi","fillColor":"#f60ada","fillOpacity":0.55},"geometry":{"type":"Polygon","coordinates":[[[113.0012,-6.8807],[113.0012,-6.8787],[112.9933,-6.8787],[112.9933,-6.8791],[112.9933,-6.8833],[112.998,-6.8833],[112.998,-6.8832],[112.9982,-6.8831],[112.9984,-6.8831],[112.9985,-6.883],[112.9985,-6.8828],[112.9984,-6.8827],[112.9982,-6.8826],[112.9977,-6.8825],[112.9977,-6.8824],[112.9978,-6.8822],[112.998,-6.8821],[112.9982,-6.8821],[112.9984,-6.8822],[112.9987,-6.8821],[112.9989,-6.882],[112.9993,-6.8819],[112.9998,-6.8818],[113.0,-6.882],[113.0003,-6.8823],[113.0003,-6.8824],[113.0004,-6.8827],[113.0004,-6.8831],[113.0012,-6.8823],[113.0012,-6.8807]]]}},{"type":"Feature","properties":{"name":"Pencadangan/Indikasi Kawasan Konservasi","fillColor":"#f60ada","fillOpacity":0.55},"geometry":{"type":"Polygon","coordinates":[[[113.7982,-7.2407],[113.7982,-7.237],[113.7816,-7.237],[113.7946,-7.242],[113.7982,-7.2407]]]}},{"type":"Feature","properties":{"name":"Pencadangan/Indikasi Kawasan Konservasi","fillColor":"#f60ada","fillOpacity":0.55},"geometry":{"type":"Polygon","coordinates":[[[113.7759,-7.2313],[113.7759,-7.2305],[113.773,-7.2305],[113.7651,-7.2305],[113.7673,-7.2314],[113.773,-7.2337],[113.7759,-7.2349],[113.7759,-7.2313]]]}},{"type":"Feature","properties":{"name":"Pencadangan/Indikasi Kawasan Konservasi","fillColor":"#f60ada","fillOpacity":0.55},"geometry":{"type":"Polygon","coordinates":[[[114.4994,-7.1581],[114.4979,-7.1581],[114.4977,-7.1582],[114.4977,-7.1584],[114.4974,-7.1584],[114.4972,-7.1584],[114.4969,-7.1585],[114.4966,-7.1588],[114.4963,-7.1589],[114.4959,-7.1589],[114.4956,-7.1587],[114.4949,-7.1586],[114.4947,-7.1586],[114.4942,-7.1587],[114.494,-7.1587],[114.4938,-7.1588],[114.4932,-7.1589],[114.4921,-7.159],[114.4916,-7.1591],[114.4915,-7.1591],[114.4894,-7.1594],[114.4884,-7.1594],[114.488,-7.1595],[114.4877,-7.1596],[114.4873,-7.1594],[114.4869,-7.1595],[114.4862,-7.1594],[114.4857,-7.1593],[114.4849,-7.159],[114.4845,-7.1589],[114.4844,-7.1589],[114.4844,-7.1603],[114.4845,-7.1641],[114.4896,-7.1641],[114.4994,-7.1641],[114.4994,-7.1612],[114.4994,-7.1592],[114.4994,-7.1581]]]}},{"type":"Feature","properties":{"name":"Pencadangan/Indikasi Kawasan Konservasi","fillColor":"#f60ada","fillOpacity":0.55},"geometry":{"type":"Polygon","coordinates":[[[114.2837,-7.1222],[114.2834,-7.1215],[114.2833,-7.1214],[114.2833,-7.1212],[114.2832,-7.1208],[114.2831,-7.1207],[114.283,-7.1205],[114.2829,-7.1203],[114.2828,-7.1201],[114.2827,-7.12],[114.2826,-7.1199],[114.2823,-7.1193],[114.2823,-7.1192],[114.2821,-7.1189],[114.282,-7.1188],[114.2819,-7.1187],[114.2819,-7.1185],[114.2819,-7.1184],[114.2819,-7.1183],[114.2819,-7.1182],[114.282,-7.118],[114.282,-7.1178],[114.2819,-7.1177],[114.2818,-7.1177],[114.2815,-7.1176],[114.2814,-7.1175],[114.2813,-7.1175],[114.2811,-7.1171],[114.2809,-7.1168],[114.2807,-7.1166],[114.2807,-7.1163],[114.2806,-7.1162],[114.2804,-7.1161],[114.2803,-7.1159],[114.2802,-7.1159],[114.2802,-7.1156],[114.28,-7.1155],[114.2799,-7.1154],[114.2797,-7.1152],[114.2796,-7.1151],[114.2796,-7.115],[114.2795,-7.1148],[114.2793,-7.1146],[114.2792,-7.1144],[114.2789,-7.1141],[114.2786,-7.1138],[114.2785,-7.1136],[114.2784,-7.1134],[114.2783,-7.1133],[114.2777,-7.1124],[114.2776,-7.1123],[114.2774,-7.112],[114.2772,-7.1118],[114.2772,-7.1117],[114.2771,-7.1116],[114.277,-7.1114],[114.2769,-7.1114],[114.2766,-7.111],[114.2765,-7.1107],[114.2764,-7.1105],[114.2763,-7.1104],[114.2763,-7.1103],[114.2763,-7.1102],[114.2762,-7.1099],[114.2761,-7.1098],[114.276,-7.1096],[114.2758,-7.109],[114.2757,-7.1087],[114.2756,-7.1084],[114.2754,-7.1077],[114.2754,-7.1076],[114.2754,-7.1073],[114.2751,-7.1054],[114.2748,-7.1046],[114.2743,-7.1027],[114.2737,-7.1028],[114.2673,-7.1039],[114.268,-7.1059],[114.2756,-7.1286],[114.2837,-7.1222]]]}},{"type":"Feature","properties":{"name":"Pencadangan/Indikasi Kawasan Konservasi","fillColor":"#f60ada","fillOpacity":0.55},"geometry":{"type":"Polygon","coordinates":[[[114.4778,-8.028],[114.4719,-8.028],[114.4643,-8.0378],[114.462,-8.0408],[114.4604,-8.0428],[114.4611,-8.0428],[114.4695,-8.0428],[114.4719,-8.0428],[114.4756,-8.0381],[114.4758,-8.0369],[114.4763,-8.0345],[114.4778,-8.028]]]}},{"type":"Feature","properties":{"name":"Pencadangan/Indikasi Kawasan Konservasi","fillColor":"#f60ada","fillOpacity":0.55},"geometry":{"type":"Polygon","coordinates":[[[114.4569,-8.028],[114.4476,-8.0281],[114.4451,-8.0421],[114.4482,-8.0422],[114.4542,-8.0425],[114.4569,-8.028]]]}},{"type":"Feature","properties":{"name":"Pencadangan/Indikasi Kawasan Konservasi","fillColor":"#f60ada","fillOpacity":0.55},"geometry":{"type":"Polygon","coordinates":[[[112.633,-5.8443],[112.6329,-5.8443],[112.6328,-5.8444],[112.6327,-5.8444],[112.6324,-5.8445],[112.6323,-5.8445],[112.6322,-5.8446],[112.632,-5.8446],[112.632,-5.8447],[112.632,-5.8448],[112.632,-5.8449],[112.632,-5.845],[112.6319,-5.845],[112.6318,-5.8451],[112.6317,-5.8451],[112.6316,-5.8452],[112.6317,-5.8452],[112.6318,-5.8452],[112.6319,-5.8452],[112.632,-5.8453],[112.6321,-5.8453],[112.6321,-5.8454],[112.6322,-5.8454],[112.6322,-5.8455],[112.6322,-5.8456],[112.6321,-5.8457],[112.6321,-5.8458],[112.6321,-5.8459],[112.6321,-5.846],[112.6321,-5.8461],[112.632,-5.8462],[112.632,-5.8463],[112.6319,-5.8464],[112.6317,-5.8464],[112.6316,-5.8465],[112.6314,-5.8465],[112.6313,-5.8466],[112.6312,-5.8467],[112.6312,-5.8468],[112.6313,-5.8469],[112.6314,-5.847],[112.6315,-5.847],[112.6316,-5.847],[112.6317,-5.847],[112.6318,-5.8471],[112.632,-5.8472],[112.632,-5.8473],[112.632,-5.8474],[112.6319,-5.8475],[112.6318,-5.8475],[112.6318,-5.8476],[112.6317,-5.8477],[112.6316,-5.8477],[112.6315,-5.8477],[112.6314,-5.8476],[112.6313,-5.8476],[112.6313,-5.8477],[112.6312,-5.8477],[112.6313,-5.8478],[112.6313,-5.8479],[112.6314,-5.848],[112.6315,-5.8481],[112.6315,-5.8482],[112.6316,-5.8482],[112.6317,-5.8483],[112.6317,-5.8484],[112.6317,-5.8485],[112.6317,-5.8486],[112.6316,-5.8486],[112.6315,-5.8487],[112.6315,-5.8488],[112.6313,-5.8489],[112.6311,-5.849],[112.631,-5.8491],[112.6309,-5.8491],[112.6308,-5.8491],[112.6308,-5.8492],[112.6307,-5.8492],[112.6305,-5.8493],[112.6304,-5.8493],[112.6303,-5.8493],[112.6303,-5.8494],[112.6302,-5.8494],[112.6301,-5.8494],[112.63,-5.8495],[112.6299,-5.8495],[112.6298,-5.8496],[112.6297,-5.8496],[112.6296,-5.8497],[112.6295,-5.8497],[112.6294,-5.8497],[112.6294,-5.8498],[112.6293,-5.8498],[112.6292,-5.8499],[112.6291,-5.8499],[112.6291,-5.85],[112.629,-5.85],[112.6289,-5.85],[112.6289,-5.8501],[112.6288,-5.8501],[112.6287,-5.8501],[112.6287,-5.8502],[112.6286,-5.8503],[112.6285,-5.8503],[112.6285,-5.8504],[112.6284,-5.8504],[112.6283,-5.8505],[112.6282,-5.8506],[112.6281,-5.8507],[112.628,-5.8507],[112.6279,-5.8508],[112.6279,-5.8509],[112.6278,-5.8509],[112.6278,-5.851],[112.6277,-5.851],[112.6275,-5.8512],[112.6275,-5.8513],[112.6273,-5.8515],[112.6272,-5.8515],[112.6271,-5.8515],[112.6271,-5.8516],[112.627,-5.8516],[112.6268,-5.8519],[112.6268,-5.852],[112.6266,-5.8522],[112.6265,-5.8523],[112.6264,-5.8523],[112.6263,-5.8523],[112.6262,-5.8522],[112.6261,-5.8521],[112.6261,-5.8522],[112.6261,-5.8523],[112.6262,-5.8524],[112.6262,-5.8525],[112.6263,-5.8526],[112.6264,-5.8527],[112.6265,-5.8527],[112.6266,-5.8528],[112.6266,-5.8529],[112.6266,-5.853],[112.6266,-5.8532],[112.6266,-5.8533],[112.6266,-5.8534],[112.6267,-5.8535],[112.6267,-5.8536],[112.6267,-5.8537],[112.6267,-5.8538],[112.6268,-5.8538],[112.6268,-5.8539],[112.6269,-5.8539],[112.6269,-5.854],[112.627,-5.854],[112.627,-5.8541],[112.627,-5.8542],[112.6271,-5.8542],[112.6271,-5.8543],[112.6271,-5.8544],[112.6271,-5.8545],[112.6271,-5.8546],[112.6272,-5.8546],[112.6272,-5.8547],[112.6272,-5.8548],[112.6273,-5.8548],[112.6273,-5.8549],[112.6274,-5.855],[112.6274,-5.8551],[112.6275,-5.8551],[112.6276,-5.8551],[112.6276,-5.8552],[112.6277,-5.8552],[112.6278,-5.8552],[112.6278,-5.8553],[112.6278,-5.8554],[112.6279,-5.8555],[112.6279,-5.8556],[112.628,-5.8556],[112.628,-5.8557],[112.628,-5.8558],[112.6281,-5.8558],[112.6281,-5.8559],[112.6281,-5.856],[112.6281,-5.8561],[112.6282,-5.8561],[112.6282,-5.8562],[112.6282,-5.8563],[112.6282,-5.8564],[112.6282,-5.8565],[112.6281,-5.8565],[112.6281,-5.8566],[112.6281,-5.8567],[112.6281,-5.8568],[112.6281,-5.8569],[112.628,-5.8569],[112.628,-5.857],[112.6279,-5.8571],[112.6279,-5.8572],[112.6279,-5.8573],[112.6278,-5.8573],[112.6278,-5.8574],[112.6277,-5.8575],[112.6277,-5.8576],[112.6276,-5.8577],[112.6276,-5.8578],[112.6276,-5.8579],[112.6275,-5.8579],[112.6275,-5.858],[112.6276,-5.8588],[112.6276,-5.8589],[112.6277,-5.859],[112.6284,-5.8625],[112.6284,-5.8626],[112.6284,-5.8627],[112.629,-5.8649],[112.6297,-5.869],[112.6301,-5.8713],[112.6299,-5.8758],[112.6299,-5.876],[112.6299,-5.8762],[112.6299,-5.8764],[112.63,-5.8769],[112.6299,-5.8777],[112.6298,-5.8792],[112.6313,-5.8793],[112.6331,-5.8794],[112.6343,-5.8795],[112.6358,-5.8797],[112.6376,-5.88],[112.6387,-5.8801],[112.6395,-5.8802],[112.6403,-5.8803],[112.6408,-5.8711],[112.6408,-5.8709],[112.6408,-5.8708],[112.6408,-5.8707],[112.6408,-5.8706],[112.6408,-5.8705],[112.6408,-5.8704],[112.6408,-5.8703],[112.6408,-5.8702],[112.6408,-5.8701],[112.6408,-5.87],[112.6407,-5.8699],[112.6407,-5.8697],[112.6384,-5.8602],[112.6382,-5.8591],[112.6369,-5.8589],[112.6355,-5.8587],[112.6339,-5.8501],[112.6339,-5.8499],[112.6337,-5.8484],[112.6336,-5.8483],[112.6334,-5.8472],[112.633,-5.8443]]]}},{"type":"Feature","properties":{"name":"Pencadangan/Indikasi Kawasan Konservasi","fillColor":"#f60ada","fillOpacity":0.55},"geometry":{"type":"Polygon","coordinates":[[[112.7363,-5.7327],[112.7341,-5.7347],[112.7322,-5.7365],[112.7288,-5.7392],[112.7287,-5.7393],[112.7286,-5.7393],[112.7285,-5.7394],[112.7285,-5.7395],[112.7284,-5.7395],[112.7283,-5.7396],[112.7282,-5.7397],[112.7282,-5.7398],[112.7281,-5.7398],[112.728,-5.7399],[112.7276,-5.7404],[112.7275,-5.7403],[112.7274,-5.7403],[112.7274,-5.7402],[112.7273,-5.7402],[112.7272,-5.7401],[112.7271,-5.7401],[112.7271,-5.74],[112.7271,-5.7401],[112.727,-5.7401],[112.7269,-5.7401],[112.7268,-5.7402],[112.7267,-5.7402],[112.7266,-5.7402],[112.7266,-5.7403],[112.7265,-5.7403],[112.7265,-5.7404],[112.7264,-5.7404],[112.7264,-5.7405],[112.7264,-5.7406],[112.7263,-5.7406],[112.7263,-5.7407],[112.7263,-5.7408],[112.7263,-5.7409],[112.7263,-5.741],[112.7263,-5.7411],[112.7263,-5.7412],[112.7263,-5.7413],[112.7262,-5.7413],[112.7261,-5.7413],[112.726,-5.7413],[112.7259,-5.7413],[112.7258,-5.7414],[112.7257,-5.7414],[112.7257,-5.7415],[112.7256,-5.7415],[112.7255,-5.7415],[112.7255,-5.7416],[112.7254,-5.7416],[112.7253,-5.7416],[112.7252,-5.7416],[112.7252,-5.7417],[112.7251,-5.7417],[112.7251,-5.7418],[112.7251,-5.7419],[112.725,-5.7419],[112.7249,-5.7419],[112.7249,-5.742],[112.7248,-5.742],[112.7247,-5.7423],[112.7246,-5.7425],[112.7246,-5.7426],[112.7246,-5.7428],[112.7245,-5.743],[112.7245,-5.7431],[112.7245,-5.7433],[112.7245,-5.7434],[112.7246,-5.7437],[112.7247,-5.7441],[112.7249,-5.7443],[112.725,-5.7443],[112.725,-5.7444],[112.7251,-5.7444],[112.7252,-5.7446],[112.7252,-5.7447],[112.7251,-5.7447],[112.725,-5.7447],[112.7249,-5.7448],[112.7248,-5.7448],[112.7248,-5.7449],[112.7248,-5.745],[112.725,-5.7451],[112.7251,-5.7451],[112.7251,-5.7452],[112.7252,-5.7452],[112.7252,-5.7453],[112.7252,-5.7454],[112.7253,-5.7455],[112.7254,-5.7456],[112.7255,-5.7457],[112.7255,-5.7458],[112.7255,-5.7459],[112.7255,-5.7461],[112.7255,-5.7466],[112.7254,-5.7478],[112.7254,-5.7481],[112.7254,-5.7486],[112.7254,-5.749],[112.7255,-5.7493],[112.7255,-5.7494],[112.7255,-5.7495],[112.7255,-5.7497],[112.7255,-5.7499],[112.7254,-5.7501],[112.7254,-5.7504],[112.7253,-5.7507],[112.7253,-5.7508],[112.7253,-5.7509],[112.7251,-5.7515],[112.7253,-5.7516],[112.7252,-5.7517],[112.7252,-5.7518],[112.7251,-5.7517],[112.7251,-5.7518],[112.7251,-5.7519],[112.725,-5.7519],[112.725,-5.7521],[112.7249,-5.7522],[112.7249,-5.7523],[112.7249,-5.7524],[112.7248,-5.7525],[112.7248,-5.7526],[112.7248,-5.7528],[112.7247,-5.753],[112.7247,-5.7533],[112.7247,-5.7534],[112.7248,-5.7534],[112.7247,-5.7536],[112.7247,-5.7538],[112.7248,-5.7538],[112.7247,-5.7542],[112.7245,-5.7541],[112.7245,-5.7542],[112.7245,-5.7544],[112.7245,-5.7546],[112.7247,-5.7546],[112.7247,-5.7548],[112.7245,-5.7547],[112.7245,-5.7548],[112.7245,-5.755],[112.7245,-5.7552],[112.7245,-5.7554],[112.7246,-5.7558],[112.7245,-5.7558],[112.7246,-5.756],[112.7245,-5.7561],[112.7245,-5.7562],[112.7246,-5.7562],[112.7245,-5.7564],[112.7244,-5.7564],[112.7244,-5.7567],[112.7245,-5.7568],[112.7246,-5.7569],[112.7247,-5.7571],[112.7248,-5.7573],[112.7248,-5.7575],[112.7248,-5.7577],[112.7247,-5.7579],[112.7247,-5.758],[112.7247,-5.7581],[112.7246,-5.7582],[112.7245,-5.7583],[112.7245,-5.7584],[112.7245,-5.7585],[112.7244,-5.7587],[112.7244,-5.7589],[112.7243,-5.759],[112.7243,-5.7591],[112.7243,-5.7592],[112.7243,-5.7593],[112.7243,-5.7594],[112.7242,-5.7595],[112.7242,-5.7597],[112.7242,-5.7598],[112.7281,-5.757],[112.7282,-5.757],[112.7286,-5.7567],[112.7483,-5.7425],[112.7603,-5.734],[112.7546,-5.734],[112.7526,-5.734],[112.7484,-5.734],[112.7448,-5.734],[112.743,-5.734],[112.7416,-5.734],[112.7379,-5.734],[112.7363,-5.7327]]]}},{"type":"Feature","properties":{"name":"Pencadangan/Indikasi Kawasan Konservasi","fillColor":"#f60ada","fillOpacity":0.55},"geometry":{"type":"Polygon","coordinates":[[[112.9008,-6.8902],[112.9008,-6.8908],[112.9007,-6.8908],[112.9007,-6.8909],[112.9007,-6.891],[112.9007,-6.8911],[112.9006,-6.8912],[112.9006,-6.8913],[112.9006,-6.8914],[112.9006,-6.8915],[112.9005,-6.8916],[112.9005,-6.8917],[112.9004,-6.8918],[112.9004,-6.8919],[112.9003,-6.892],[112.9002,-6.8921],[112.9,-6.8921],[112.8999,-6.8922],[112.8998,-6.8923],[112.8997,-6.8924],[112.8997,-6.8925],[112.8997,-6.8926],[112.8997,-6.8927],[112.8997,-6.8928],[112.8997,-6.8929],[112.8998,-6.8929],[112.8998,-6.893],[112.8999,-6.8931],[112.8999,-6.8932],[112.8998,-6.8933],[112.8998,-6.8934],[112.8998,-6.8937],[112.8998,-6.894],[112.8999,-6.894],[112.9,-6.894],[112.9001,-6.894],[112.9002,-6.894],[112.9002,-6.8941],[112.9003,-6.8942],[112.9004,-6.8942],[112.9004,-6.8941],[112.9005,-6.894],[112.9007,-6.894],[112.9008,-6.8939],[112.9008,-6.8937],[112.9009,-6.8936],[112.901,-6.8936],[112.9011,-6.8936],[112.9011,-6.8937],[112.9012,-6.8938],[112.9013,-6.8938],[112.9014,-6.8938],[112.9016,-6.8939],[112.9017,-6.8938],[112.9018,-6.8938],[112.9024,-6.8937],[112.9027,-6.8937],[112.903,-6.8937],[112.903,-6.8936],[112.9031,-6.8936],[112.9032,-6.8936],[112.9033,-6.8936],[112.9033,-6.8934],[112.9033,-6.8933],[112.9034,-6.8932],[112.9034,-6.8931],[112.9038,-6.893],[112.9039,-6.8928],[112.9038,-6.8928],[112.9038,-6.8927],[112.9039,-6.8926],[112.9039,-6.8925],[112.9037,-6.8923],[112.9036,-6.8922],[112.9036,-6.8921],[112.9037,-6.892],[112.9036,-6.892],[112.9038,-6.8918],[112.9038,-6.8919],[112.9038,-6.8918],[112.904,-6.8917],[112.9041,-6.8918],[112.9042,-6.8918],[112.9042,-6.8919],[112.9043,-6.8918],[112.9043,-6.8919],[112.9044,-6.8919],[112.9044,-6.892],[112.9045,-6.8921],[112.9047,-6.8921],[112.9048,-6.8921],[112.9049,-6.8921],[112.9049,-6.8922],[112.9051,-6.8923],[112.9052,-6.8924],[112.9052,-6.8925],[112.9053,-6.8925],[112.9055,-6.8926],[112.9056,-6.8927],[112.9058,-6.8927],[112.906,-6.8928],[112.9061,-6.8929],[112.9062,-6.8929],[112.9063,-6.8929],[112.9064,-6.8929],[112.9064,-6.8902],[112.9051,-6.8902],[112.901,-6.8902],[112.9008,-6.8902]]]}},{"type":"Feature","properties":{"name":"Pencadangan/Indikasi Kawasan Konservasi","fillColor":"#f60ada","fillOpacity":0.55},"geometry":{"type":"Polygon","coordinates":[[[112.8961,-6.8879],[112.8917,-6.8879],[112.8892,-6.8879],[112.8757,-6.8879],[112.8757,-6.8895],[112.8724,-6.8895],[112.8723,-6.8895],[112.8723,-6.8926],[112.8722,-6.8926],[112.8722,-6.8927],[112.8721,-6.8928],[112.8721,-6.8929],[112.8719,-6.893],[112.8718,-6.893],[112.8717,-6.8929],[112.8716,-6.8929],[112.8715,-6.8929],[112.8714,-6.893],[112.8712,-6.8931],[112.8711,-6.8932],[112.8709,-6.8932],[112.8708,-6.8933],[112.8706,-6.8934],[112.8706,-6.8936],[112.8707,-6.8937],[112.8708,-6.8938],[112.8708,-6.8939],[112.8708,-6.894],[112.871,-6.8941],[112.8711,-6.8944],[112.8712,-6.8946],[112.8713,-6.8947],[112.8714,-6.8949],[112.8715,-6.895],[112.8716,-6.8951],[112.8718,-6.8953],[112.8719,-6.8953],[112.872,-6.8954],[112.8721,-6.8955],[112.8725,-6.8958],[112.8727,-6.896],[112.8729,-6.8962],[112.8732,-6.8964],[112.8733,-6.8965],[112.8734,-6.8966],[112.8735,-6.8968],[112.8736,-6.8971],[112.8737,-6.8973],[112.8738,-6.8974],[112.8739,-6.8975],[112.874,-6.8976],[112.8741,-6.8977],[112.8745,-6.8979],[112.8749,-6.8979],[112.875,-6.898],[112.8751,-6.8981],[112.8753,-6.8981],[112.8755,-6.8981],[112.8756,-6.8981],[112.8758,-6.898],[112.8761,-6.8979],[112.8764,-6.8978],[112.8768,-6.8976],[112.8771,-6.8973],[112.8773,-6.8972],[112.8776,-6.8972],[112.8778,-6.8971],[112.8781,-6.8971],[112.8783,-6.897],[112.8785,-6.897],[112.8787,-6.8969],[112.8788,-6.8969],[112.879,-6.8968],[112.8791,-6.8967],[112.8791,-6.8966],[112.8791,-6.8964],[112.8791,-6.8961],[112.879,-6.8959],[112.879,-6.8957],[112.879,-6.8955],[112.8789,-6.8953],[112.8787,-6.8951],[112.8786,-6.8951],[112.8784,-6.8949],[112.8784,-6.8948],[112.8783,-6.8946],[112.8783,-6.8944],[112.8783,-6.894],[112.8782,-6.8937],[112.8782,-6.8934],[112.8782,-6.8931],[112.8782,-6.8929],[112.8781,-6.8928],[112.8781,-6.8926],[112.878,-6.8924],[112.8779,-6.8922],[112.8777,-6.8919],[112.8777,-6.8917],[112.8777,-6.8916],[112.8779,-6.8916],[112.8781,-6.8916],[112.8783,-6.8916],[112.8785,-6.8916],[112.8787,-6.8916],[112.879,-6.8915],[112.8792,-6.8913],[112.8792,-6.8912],[112.8792,-6.8911],[112.8792,-6.891],[112.8793,-6.891],[112.8795,-6.8909],[112.8797,-6.8909],[112.8799,-6.8909],[112.88,-6.8909],[112.8802,-6.891],[112.8804,-6.891],[112.8805,-6.891],[112.8807,-6.8909],[112.881,-6.8909],[112.8811,-6.8909],[112.8812,-6.891],[112.8813,-6.891],[112.8814,-6.891],[112.8816,-6.8909],[112.8818,-6.8909],[112.8821,-6.8909],[112.8823,-6.8908],[112.8825,-6.8908],[112.8827,-6.8908],[112.8829,-6.8908],[112.8831,-6.8909],[112.8832,-6.8909],[112.8834,-6.891],[112.8836,-6.891],[112.8837,-6.891],[112.8837,-6.8911],[112.8839,-6.8912],[112.884,-6.8912],[112.8841,-6.8912],[112.8842,-6.8912],[112.8843,-6.8911],[112.8844,-6.891],[112.8845,-6.8909],[112.8846,-6.8908],[112.8848,-6.8906],[112.8849,-6.8907],[112.885,-6.8908],[112.8851,-6.891],[112.8852,-6.891],[112.8852,-6.8911],[112.8853,-6.8914],[112.8854,-6.8915],[112.8855,-6.8915],[112.8856,-6.8916],[112.8857,-6.8916],[112.8863,-6.8917],[112.8866,-6.8918],[112.8868,-6.8917],[112.8872,-6.8917],[112.8874,-6.8916],[112.8876,-6.8916],[112.8877,-6.8915],[112.8879,-6.8915],[112.888,-6.8915],[112.8881,-6.8914],[112.8882,-6.8913],[112.8885,-6.8912],[112.8886,-6.8911],[112.8887,-6.891],[112.8889,-6.8909],[112.8892,-6.8909],[112.8894,-6.8908],[112.8896,-6.8908],[112.8898,-6.8909],[112.89,-6.8909],[112.8902,-6.8909],[112.8904,-6.8909],[112.8905,-6.891],[112.8906,-6.8911],[112.8907,-6.8912],[112.8909,-6.8912],[112.8911,-6.8912],[112.8913,-6.8911],[112.8916,-6.891],[112.8922,-6.891],[112.8923,-6.891],[112.8928,-6.8909],[112.893,-6.8909],[112.8933,-6.8908],[112.8935,-6.8909],[112.8936,-6.8909],[112.8936,-6.8911],[112.8936,-6.8912],[112.8937,-6.8915],[112.8937,-6.8916],[112.8937,-6.8918],[112.8938,-6.8918],[112.8939,-6.8918],[112.894,-6.8917],[112.8941,-6.8917],[112.8942,-6.8918],[112.8944,-6.8919],[112.8946,-6.8919],[112.8948,-6.892],[112.8949,-6.892],[112.8951,-6.8921],[112.8952,-6.8921],[112.8954,-6.8921],[112.8956,-6.8921],[112.8959,-6.8921],[112.8961,-6.8921],[112.8961,-6.8919],[112.8961,-6.8879]]]}},{"type":"Feature","properties":{"name":"Pencadangan/Indikasi Kawasan Konservasi","fillColor":"#f60ada","fillOpacity":0.55},"geometry":{"type":"Polygon","coordinates":[[[112.9857,-6.8833],[112.979,-6.8833],[112.979,-6.8856],[112.979,-6.8858],[112.979,-6.8862],[112.9791,-6.8863],[112.9794,-6.8863],[112.9796,-6.8863],[112.9797,-6.8862],[112.9798,-6.8862],[112.98,-6.8862],[112.9803,-6.8862],[112.9805,-6.8862],[112.9807,-6.8861],[112.9809,-6.8861],[112.981,-6.8861],[112.9812,-6.8861],[112.9814,-6.886],[112.9815,-6.886],[112.9815,-6.8858],[112.9815,-6.8857],[112.9815,-6.8856],[112.9815,-6.8855],[112.9816,-6.8855],[112.9817,-6.8856],[112.9818,-6.8856],[112.982,-6.8856],[112.9822,-6.8857],[112.9824,-6.8857],[112.9827,-6.886],[112.9833,-6.8864],[112.9836,-6.8865],[112.9838,-6.8866],[112.9839,-6.8866],[112.9843,-6.8867],[112.9848,-6.8868],[112.985,-6.8868],[112.9854,-6.8869],[112.9856,-6.8869],[112.9857,-6.8869],[112.9857,-6.8868],[112.9857,-6.8833]]]}},{"type":"Feature","properties":{"name":"Pencadangan/Indikasi Kawasan Konservasi","fillColor":"#f60ada","fillOpacity":0.55},"geometry":{"type":"Polygon","coordinates":[[[112.9965,-6.8846],[112.9965,-6.8845],[112.9965,-6.8843],[112.9968,-6.8843],[112.9968,-6.8842],[112.9975,-6.884],[112.9977,-6.8837],[112.998,-6.8834],[112.998,-6.8833],[112.9933,-6.8833],[112.9933,-6.8836],[112.9933,-6.8845],[112.9933,-6.8846],[112.9934,-6.8847],[112.9935,-6.8849],[112.9937,-6.8849],[112.9937,-6.8848],[112.9938,-6.8847],[112.9939,-6.8848],[112.994,-6.8849],[112.9942,-6.885],[112.9943,-6.8851],[112.9945,-6.8854],[112.9945,-6.8856],[112.9946,-6.8857],[112.9946,-6.8858],[112.9947,-6.8858],[112.9948,-6.8857],[112.9948,-6.8856],[112.9949,-6.8855],[112.995,-6.8855],[112.995,-6.8854],[112.9951,-6.8853],[112.9951,-6.8852],[112.9952,-6.8852],[112.9953,-6.8852],[112.9954,-6.8852],[112.9956,-6.8853],[112.9957,-6.8855],[112.9958,-6.8855],[112.996,-6.8855],[112.9961,-6.8855],[112.9963,-6.8855],[112.9964,-6.8854],[112.9964,-6.8853],[112.9965,-6.8852],[112.9965,-6.885],[112.9965,-6.8848],[112.9965,-6.8846]]]}},{"type":"Feature","properties":{"name":"Pencadangan/Indikasi Kawasan Konservasi","fillColor":"#f60ada","fillOpacity":0.55},"geometry":{"type":"Polygon","coordinates":[[[112.7543,-7.1695],[112.7541,-7.1697],[112.7539,-7.1698],[112.7535,-7.17],[112.7534,-7.17],[112.7533,-7.17],[112.7532,-7.1699],[112.7531,-7.1699],[112.7526,-7.17],[112.7525,-7.17],[112.7525,-7.1701],[112.7524,-7.1701],[112.7524,-7.1702],[112.7521,-7.1705],[112.7519,-7.1709],[112.7518,-7.171],[112.7517,-7.171],[112.7516,-7.1708],[112.7515,-7.1707],[112.7513,-7.1707],[112.7513,-7.1706],[112.7512,-7.1706],[112.7511,-7.1706],[112.751,-7.1706],[112.7509,-7.1707],[112.7509,-7.1708],[112.7509,-7.1709],[112.751,-7.171],[112.7511,-7.1711],[112.7511,-7.1712],[112.751,-7.1712],[112.751,-7.1711],[112.7509,-7.1711],[112.7508,-7.171],[112.7507,-7.1708],[112.7506,-7.1707],[112.7504,-7.1706],[112.7503,-7.1705],[112.7502,-7.1703],[112.7501,-7.1703],[112.75,-7.1703],[112.7498,-7.1702],[112.7497,-7.1702],[112.7496,-7.1702],[112.7495,-7.1702],[112.7494,-7.1701],[112.7493,-7.17],[112.7492,-7.17],[112.7492,-7.1699],[112.7491,-7.1699],[112.7488,-7.1735],[112.7543,-7.1736],[112.7543,-7.1695]]]}},{"type":"Feature","properties":{"name":"Pencadangan/Indikasi Kawasan Konservasi","fillColor":"#f60ada","fillOpacity":0.55},"geometry":{"type":"Polygon","coordinates":[[[113.0043,-6.8841],[113.0043,-6.8839],[113.0043,-6.8838],[113.0044,-6.8836],[113.0044,-6.8835],[113.0044,-6.8834],[113.0044,-6.8833],[113.0003,-6.8833],[112.9999,-6.8841],[112.9997,-6.8845],[112.9995,-6.8848],[112.9992,-6.8854],[112.9992,-6.8857],[112.9994,-6.8863],[113.0003,-6.8873],[113.0014,-6.8873],[113.0015,-6.8873],[113.0021,-6.8873],[113.0026,-6.8871],[113.0028,-6.8866],[113.0029,-6.8862],[113.0029,-6.886],[113.0029,-6.8859],[113.0028,-6.8857],[113.0028,-6.885],[113.0028,-6.8848],[113.0029,-6.8846],[113.003,-6.8843],[113.0031,-6.8841],[113.0033,-6.8841],[113.0033,-6.8842],[113.0035,-6.8843],[113.0035,-6.8844],[113.0035,-6.8846],[113.0034,-6.8849],[113.0034,-6.885],[113.0034,-6.8853],[113.0035,-6.8856],[113.004,-6.8856],[113.0043,-6.8854],[113.0045,-6.8849],[113.0045,-6.8848],[113.0046,-6.8847],[113.0047,-6.8845],[113.0047,-6.8843],[113.0046,-6.8843],[113.0044,-6.8842],[113.0044,-6.8841],[113.0043,-6.8841]]]}},{"type":"Feature","properties":{"name":"Pencadangan/Indikasi Kawasan Konservasi","fillColor":"#f60ada","fillOpacity":0.55},"geometry":{"type":"Polygon","coordinates":[[[114.4753,-8.0393],[114.4756,-8.0381],[114.4719,-8.0428],[114.4746,-8.0429],[114.4753,-8.0393]]]}},{"type":"Feature","properties":{"name":"Pencadangan/Indikasi Kawasan Konservasi","fillColor":"#f60ada","fillOpacity":0.55},"geometry":{"type":"Polygon","coordinates":[[[114.4395,-8.0352],[114.434,-8.0352],[114.4339,-8.0357],[114.4339,-8.0358],[114.4338,-8.036],[114.4338,-8.0362],[114.4336,-8.0366],[114.4335,-8.037],[114.4335,-8.0372],[114.4334,-8.0374],[114.4331,-8.0377],[114.4329,-8.0377],[114.4326,-8.0378],[114.4325,-8.0378],[114.4324,-8.0379],[114.4322,-8.038],[114.4321,-8.0381],[114.4319,-8.0383],[114.4317,-8.0387],[114.4316,-8.0387],[114.4315,-8.0389],[114.4314,-8.0391],[114.4311,-8.0395],[114.431,-8.0399],[114.4308,-8.0403],[114.4307,-8.0407],[114.4306,-8.0412],[114.4305,-8.0416],[114.4304,-8.0421],[114.4302,-8.0425],[114.4303,-8.043],[114.4302,-8.0431],[114.4302,-8.0432],[114.4302,-8.0433],[114.4301,-8.0433],[114.4299,-8.0436],[114.4299,-8.0437],[114.4299,-8.0438],[114.4298,-8.0438],[114.4297,-8.0439],[114.4296,-8.0441],[114.4295,-8.0443],[114.4293,-8.0446],[114.4291,-8.0451],[114.429,-8.0454],[114.429,-8.0455],[114.429,-8.0457],[114.429,-8.046],[114.429,-8.0463],[114.4289,-8.0464],[114.4289,-8.0467],[114.4289,-8.0469],[114.429,-8.0473],[114.4291,-8.0474],[114.4293,-8.0476],[114.4294,-8.0477],[114.4295,-8.0477],[114.4296,-8.0479],[114.4298,-8.0483],[114.4298,-8.0484],[114.43,-8.0487],[114.4301,-8.0491],[114.4301,-8.0492],[114.4301,-8.0496],[114.4301,-8.05],[114.4301,-8.0501],[114.4301,-8.0505],[114.4301,-8.0509],[114.4301,-8.0511],[114.4301,-8.0512],[114.4301,-8.0513],[114.4301,-8.0514],[114.4302,-8.0519],[114.4302,-8.052],[114.4302,-8.0522],[114.4302,-8.0523],[114.4395,-8.0523],[114.4395,-8.0352]]]}},{"type":"Feature","properties":{"name":"Pencadangan/Indikasi Kawasan Konservasi","fillColor":"#f60ada","fillOpacity":0.55},"geometry":{"type":"Polygon","coordinates":[[[114.4476,-8.0281],[114.4434,-8.0281],[114.4434,-8.0368],[114.4434,-8.042],[114.4451,-8.0421],[114.4476,-8.0281]]]}},{"type":"Feature","properties":{"name":"Pencadangan/Indikasi Kawasan Konservasi","fillColor":"#f60ada","fillOpacity":0.55},"geometry":{"type":"MultiPolygon","coordinates":[[[[114.4719,-8.028],[114.4603,-8.028],[114.4569,-8.028],[114.4542,-8.0425],[114.4604,-8.0428],[114.462,-8.0408],[114.4643,-8.0378],[114.4719,-8.028]]],[[[114.4606,-8.0381],[114.4603,-8.0378],[114.4597,-8.037],[114.4597,-8.0366],[114.4599,-8.0364],[114.4601,-8.0363],[114.4607,-8.0363],[114.461,-8.0363],[114.4619,-8.0366],[114.4628,-8.0367],[114.4628,-8.0368],[114.4627,-8.0371],[114.4626,-8.0372],[114.4623,-8.0376],[114.4619,-8.0379],[114.4613,-8.0381],[114.461,-8.0382],[114.4609,-8.0382],[114.4606,-8.0381]]]]}},{"type":"Feature","properties":{"name":"Pencadangan/Indikasi Kawasan Konservasi","fillColor":"#f60ada","fillOpacity":0.55},"geometry":{"type":"MultiPolygon","coordinates":[[[[112.8673,-5.734],[112.7637,-5.734],[112.7242,-5.7598],[112.7245,-5.7606],[112.7262,-5.762],[112.7266,-5.7618],[112.7273,-5.7618],[112.7277,-5.7618],[112.7282,-5.7619],[112.7287,-5.7617],[112.7292,-5.7615],[112.7295,-5.7612],[112.7299,-5.7608],[112.73,-5.7602],[112.7303,-5.7596],[112.7308,-5.7595],[112.7314,-5.7596],[112.7315,-5.7601],[112.7313,-5.7606],[112.7315,-5.761],[112.7318,-5.7614],[112.732,-5.7618],[112.732,-5.7623],[112.7323,-5.7627],[112.7325,-5.7632],[112.7328,-5.7638],[112.7332,-5.7641],[112.7336,-5.7646],[112.7342,-5.7648],[112.7348,-5.7649],[112.7353,-5.765],[112.7356,-5.7654],[112.7359,-5.7659],[112.736,-5.7664],[112.7356,-5.767],[112.7353,-5.7671],[112.7349,-5.7674],[112.7346,-5.7678],[112.7341,-5.768],[112.7335,-5.7683],[112.7333,-5.7687],[112.7332,-5.7694],[112.7329,-5.7698],[112.7329,-5.7705],[112.7325,-5.7708],[112.7318,-5.7708],[112.7313,-5.7709],[112.7307,-5.7711],[112.7304,-5.7715],[112.7305,-5.7721],[112.7307,-5.7725],[112.731,-5.773],[112.7312,-5.7734],[112.7312,-5.7741],[112.7313,-5.7747],[112.7316,-5.7757],[112.7322,-5.7767],[112.7342,-5.7779],[112.7351,-5.7793],[112.7352,-5.781],[112.7354,-5.7815],[112.7362,-5.7821],[112.7375,-5.7817],[112.738,-5.7818],[112.7384,-5.7818],[112.7389,-5.7821],[112.7392,-5.7825],[112.7393,-5.7832],[112.7397,-5.7837],[112.74,-5.7841],[112.7401,-5.7847],[112.7403,-5.7852],[112.7403,-5.7857],[112.7403,-5.7864],[112.7404,-5.7869],[112.7406,-5.7875],[112.741,-5.788],[112.7414,-5.7883],[112.7414,-5.7888],[112.7413,-5.7893],[112.7408,-5.7896],[112.7403,-5.7895],[112.7398,-5.7893],[112.7394,-5.7897],[112.739,-5.7902],[112.7388,-5.7906],[112.7385,-5.7911],[112.7382,-5.7914],[112.7377,-5.7917],[112.7374,-5.792],[112.7371,-5.7924],[112.7369,-5.7928],[112.7365,-5.7933],[112.7362,-5.7939],[112.7355,-5.7948],[112.7354,-5.796],[112.7358,-5.7968],[112.7356,-5.7975],[112.7337,-5.7996],[112.7325,-5.7999],[112.7328,-5.8005],[112.7324,-5.8008],[112.7324,-5.8022],[112.7328,-5.8031],[112.7321,-5.804],[112.7317,-5.8045],[112.731,-5.8041],[112.7307,-5.805],[112.7308,-5.8059],[112.7303,-5.8073],[112.7303,-5.8087],[112.7305,-5.8102],[112.7312,-5.811],[112.7314,-5.8122],[112.7308,-5.8127],[112.7297,-5.8136],[112.7295,-5.8141],[112.7288,-5.8143],[112.7283,-5.8152],[112.7285,-5.8162],[112.7279,-5.8167],[112.7276,-5.8177],[112.7277,-5.8185],[112.7279,-5.8193],[112.7281,-5.8198],[112.7283,-5.8203],[112.7287,-5.8209],[112.7293,-5.8216],[112.7307,-5.8227],[112.7318,-5.8231],[112.7327,-5.8244],[112.7332,-5.8259],[112.7335,-5.8272],[112.7328,-5.8283],[112.7329,-5.8292],[112.7331,-5.8297],[112.7334,-5.8303],[112.7336,-5.8308],[112.734,-5.831],[112.7336,-5.8313],[112.7333,-5.8316],[112.733,-5.8322],[112.7326,-5.8324],[112.732,-5.833],[112.7317,-5.8336],[112.731,-5.8335],[112.7305,-5.8338],[112.73,-5.8335],[112.7296,-5.8338],[112.7292,-5.8341],[112.7285,-5.8341],[112.728,-5.8342],[112.7273,-5.8342],[112.7269,-5.8342],[112.7263,-5.8341],[112.7258,-5.8344],[112.7254,-5.8347],[112.725,-5.8348],[112.7245,-5.8343],[112.7239,-5.8341],[112.7236,-5.8338],[112.7233,-5.8334],[112.7228,-5.8331],[112.7223,-5.8328],[112.7216,-5.8328],[112.721,-5.833],[112.7209,-5.8336],[112.7208,-5.8341],[112.7205,-5.8345],[112.7205,-5.8349],[112.7205,-5.8357],[112.7202,-5.8366],[112.7198,-5.8375],[112.7207,-5.8384],[112.7201,-5.8392],[112.7202,-5.8401],[112.7192,-5.8419],[112.7175,-5.8433],[112.717,-5.8429],[112.7168,-5.8425],[112.7165,-5.843],[112.7161,-5.8436],[112.7156,-5.8439],[112.7152,-5.8441],[112.7147,-5.8445],[112.7144,-5.8448],[112.7141,-5.8453],[112.7138,-5.8456],[112.7135,-5.8461],[112.7132,-5.8465],[112.7128,-5.8468],[112.7123,-5.847],[112.7118,-5.8473],[112.7112,-5.8476],[112.7108,-5.8476],[112.7102,-5.8478],[112.7097,-5.848],[112.7088,-5.8476],[112.7081,-5.8475],[112.7071,-5.8471],[112.706,-5.8468],[112.7063,-5.8461],[112.7053,-5.846],[112.7041,-5.8462],[112.7026,-5.8472],[112.702,-5.8484],[112.702,-5.8493],[112.702,-5.8514],[112.7015,-5.8518],[112.6991,-5.8525],[112.6973,-5.8517],[112.6959,-5.8511],[112.6949,-5.8507],[112.6942,-5.8512],[112.6935,-5.8517],[112.6926,-5.8527],[112.6922,-5.8533],[112.6924,-5.8539],[112.6925,-5.8543],[112.6918,-5.8546],[112.6912,-5.8549],[112.6902,-5.8548],[112.6897,-5.8549],[112.6888,-5.8545],[112.6885,-5.8538],[112.6879,-5.8539],[112.6872,-5.8544],[112.6866,-5.855],[112.6858,-5.8551],[112.6853,-5.8557],[112.6846,-5.8556],[112.6842,-5.8549],[112.6835,-5.854],[112.6828,-5.8534],[112.6821,-5.8531],[112.6813,-5.8533],[112.6801,-5.8532],[112.6793,-5.8529],[112.6791,-5.8521],[112.6789,-5.8519],[112.6779,-5.8518],[112.6772,-5.8521],[112.6766,-5.8525],[112.6758,-5.8527],[112.6748,-5.8532],[112.6739,-5.8537],[112.673,-5.8542],[112.6724,-5.8547],[112.6721,-5.8551],[112.6715,-5.8552],[112.6708,-5.8553],[112.6701,-5.8554],[112.6692,-5.8549],[112.6684,-5.8543],[112.6673,-5.8524],[112.6667,-5.8515],[112.6664,-5.8511],[112.6661,-5.8508],[112.6654,-5.8506],[112.6648,-5.8507],[112.6652,-5.8513],[112.6651,-5.8518],[112.6649,-5.8521],[112.6645,-5.8524],[112.6638,-5.8526],[112.6635,-5.8522],[112.6631,-5.8523],[112.6625,-5.8521],[112.6621,-5.8515],[112.6616,-5.8512],[112.6615,-5.8514],[112.6614,-5.8516],[112.6609,-5.8517],[112.6606,-5.8525],[112.6603,-5.8526],[112.6596,-5.8525],[112.658,-5.8527],[112.6574,-5.8531],[112.6563,-5.8554],[112.6561,-5.8557],[112.6568,-5.8542],[112.6572,-5.8531],[112.6568,-5.8528],[112.6563,-5.8525],[112.6562,-5.8522],[112.6558,-5.8521],[112.6553,-5.8522],[112.6548,-5.8524],[112.6544,-5.8521],[112.6539,-5.852],[112.6534,-5.8521],[112.6526,-5.8522],[112.6521,-5.8524],[112.6476,-5.8606],[112.6407,-5.8699],[112.6408,-5.8706],[112.6422,-5.8806],[112.6958,-5.8932],[112.7546,-5.8786],[112.8673,-5.734]]],[[[112.7687,-5.7952],[112.7688,-5.7953],[112.7689,-5.7954],[112.7691,-5.7954],[112.7692,-5.7954],[112.7693,-5.7954],[112.7695,-5.7955],[112.7696,-5.7955],[112.7699,-5.7956],[112.77,-5.7956],[112.7702,-5.7955],[112.7704,-5.7955],[112.7706,-5.7955],[112.7708,-5.7956],[112.7709,-5.7956],[112.771,-5.7957],[112.7711,-5.7959],[112.7712,-5.796],[112.7714,-5.7961],[112.7715,-5.7963],[112.7716,-5.7965],[112.7716,-5.7968],[112.7717,-5.797],[112.7718,-5.7972],[112.7719,-5.7974],[112.7719,-5.7976],[112.772,-5.7978],[112.7721,-5.7978],[112.7722,-5.7979],[112.7722,-5.798],[112.7722,-5.7982],[112.7721,-5.7983],[112.772,-5.7984],[112.7719,-5.7986],[112.7719,-5.7989],[112.7719,-5.7992],[112.772,-5.7995],[112.7721,-5.8002],[112.7724,-5.8009],[112.7726,-5.8013],[112.7727,-5.8014],[112.7729,-5.8018],[112.7731,-5.8021],[112.7732,-5.8022],[112.7734,-5.8024],[112.7735,-5.8026],[112.7737,-5.8026],[112.7738,-5.8026],[112.7739,-5.8026],[112.7741,-5.8026],[112.7743,-5.8026],[112.7744,-5.8025],[112.7745,-5.8025],[112.7746,-5.8025],[112.7748,-5.8026],[112.7751,-5.8027],[112.7753,-5.8028],[112.7755,-5.8029],[112.7756,-5.8031],[112.7759,-5.8032],[112.7761,-5.8034],[112.7762,-5.8035],[112.7762,-5.8036],[112.7761,-5.8036],[112.776,-5.8037],[112.7758,-5.8038],[112.7756,-5.8038],[112.7755,-5.8039],[112.7754,-5.804],[112.7752,-5.8041],[112.7751,-5.8042],[112.775,-5.8043],[112.775,-5.8044],[112.7749,-5.8044],[112.7749,-5.8046],[112.7749,-5.8047],[112.7749,-5.8048],[112.775,-5.8049],[112.7751,-5.805],[112.775,-5.805],[112.7748,-5.8049],[112.7747,-5.8048],[112.7747,-5.8047],[112.7746,-5.8046],[112.7744,-5.8045],[112.7741,-5.8044],[112.774,-5.8043],[112.7735,-5.8039],[112.7733,-5.8037],[112.7731,-5.8036],[112.773,-5.8036],[112.7728,-5.8036],[112.7726,-5.8036],[112.7724,-5.8036],[112.7722,-5.8036],[112.7721,-5.8036],[112.7718,-5.8037],[112.7716,-5.8037],[112.7713,-5.8039],[112.7711,-5.804],[112.771,-5.8041],[112.7709,-5.8041],[112.7709,-5.804],[112.7708,-5.804],[112.7707,-5.8039],[112.7706,-5.8039],[112.7705,-5.8039],[112.7704,-5.8038],[112.7703,-5.8036],[112.7703,-5.8034],[112.7704,-5.8032],[112.7704,-5.803],[112.7704,-5.8028],[112.7704,-5.8026],[112.7703,-5.8024],[112.7702,-5.8022],[112.7701,-5.802],[112.7701,-5.8018],[112.7701,-5.8015],[112.77,-5.8013],[112.7699,-5.801],[112.7697,-5.8007],[112.7696,-5.8004],[112.7693,-5.8001],[112.7691,-5.7998],[112.7689,-5.7995],[112.7688,-5.7992],[112.7687,-5.799],[112.7685,-5.7988],[112.7684,-5.7985],[112.7682,-5.7982],[112.7682,-5.7981],[112.7682,-5.7979],[112.7681,-5.7978],[112.7681,-5.7977],[112.7681,-5.7976],[112.768,-5.7975],[112.7679,-5.7975],[112.7678,-5.7974],[112.7676,-5.7972],[112.7676,-5.7971],[112.7676,-5.797],[112.7676,-5.7969],[112.7677,-5.7968],[112.7677,-5.7967],[112.7677,-5.7966],[112.7677,-5.7965],[112.7677,-5.7964],[112.7676,-5.7963],[112.7676,-5.7961],[112.7676,-5.796],[112.7677,-5.796],[112.7678,-5.7959],[112.7678,-5.7958],[112.7678,-5.7957],[112.7678,-5.7956],[112.7678,-5.7955],[112.7677,-5.7954],[112.7677,-5.7952],[112.7678,-5.7952],[112.7679,-5.7952],[112.768,-5.7952],[112.7681,-5.7952],[112.7682,-5.7952],[112.7683,-5.7952],[112.7685,-5.7952],[112.7686,-5.7952],[112.7687,-5.7952]]],[[[112.7781,-5.8025],[112.7782,-5.8025],[112.7783,-5.8025],[112.7784,-5.8025],[112.7784,-5.8027],[112.7784,-5.8028],[112.7783,-5.8028],[112.7778,-5.803],[112.7776,-5.803],[112.7775,-5.803],[112.7775,-5.8029],[112.7777,-5.8027],[112.7779,-5.8026],[112.7781,-5.8025]]],[[[112.7678,-5.8133],[112.7678,-5.8128],[112.7679,-5.8123],[112.7681,-5.8118],[112.7685,-5.8112],[112.7688,-5.8108],[112.7689,-5.8108],[112.7689,-5.811],[112.7687,-5.8119],[112.7684,-5.8126],[112.7683,-5.813],[112.7682,-5.8132],[112.7681,-5.8133],[112.7681,-5.8134],[112.768,-5.8135],[112.7679,-5.8135],[112.7678,-5.8133]]],[[[112.6851,-5.8611],[112.6851,-5.861],[112.6851,-5.8609],[112.6851,-5.8608],[112.6851,-5.8607],[112.6852,-5.8606],[112.6852,-5.8605],[112.6853,-5.8604],[112.6853,-5.8603],[112.6854,-5.8602],[112.6854,-5.8601],[112.6855,-5.86],[112.6856,-5.8599],[112.6856,-5.8598],[112.6857,-5.8597],[112.6858,-5.8597],[112.6859,-5.8596],[112.6859,-5.8595],[112.6859,-5.8594],[112.6859,-5.8593],[112.686,-5.8591],[112.686,-5.859],[112.686,-5.8589],[112.686,-5.8588],[112.686,-5.8587],[112.6861,-5.8586],[112.6864,-5.8586],[112.6866,-5.8586],[112.6867,-5.8586],[112.687,-5.8586],[112.6874,-5.8587],[112.6875,-5.8587],[112.6876,-5.8587],[112.6876,-5.8588],[112.6877,-5.8588],[112.6877,-5.8589],[112.6877,-5.859],[112.6877,-5.8591],[112.6877,-5.8592],[112.6877,-5.8593],[112.6878,-5.8593],[112.6878,-5.8594],[112.6878,-5.8595],[112.6878,-5.8596],[112.6878,-5.8597],[112.6878,-5.8598],[112.6878,-5.8599],[112.6878,-5.86],[112.6878,-5.8601],[112.6878,-5.8602],[112.6879,-5.8603],[112.688,-5.8603],[112.6881,-5.8603],[112.6881,-5.8604],[112.6881,-5.8605],[112.6882,-5.8605],[112.6883,-5.8605],[112.6884,-5.8606],[112.6884,-5.8607],[112.6884,-5.8608],[112.6885,-5.8608],[112.6885,-5.8609],[112.6886,-5.8609],[112.6887,-5.861],[112.6888,-5.861],[112.6888,-5.8611],[112.6889,-5.8612],[112.689,-5.8613],[112.689,-5.8614],[112.6891,-5.8614],[112.6891,-5.8615],[112.6891,-5.8616],[112.6891,-5.8617],[112.6891,-5.8618],[112.6891,-5.8619],[112.6891,-5.862],[112.6891,-5.8621],[112.6891,-5.8622],[112.6891,-5.8623],[112.6892,-5.8623],[112.6892,-5.8624],[112.6892,-5.8623],[112.6893,-5.8623],[112.6894,-5.8624],[112.6895,-5.8624],[112.6896,-5.8623],[112.6897,-5.8623],[112.6897,-5.8624],[112.6898,-5.8624],[112.6899,-5.8624],[112.69,-5.8623],[112.69,-5.8624],[112.6901,-5.8624],[112.6901,-5.8625],[112.6901,-5.8626],[112.6901,-5.8627],[112.69,-5.8628],[112.69,-5.8629],[112.6899,-5.8629],[112.69,-5.8631],[112.69,-5.8632],[112.69,-5.8633],[112.69,-5.8634],[112.69,-5.8635],[112.69,-5.8636],[112.69,-5.8637],[112.69,-5.8638],[112.6901,-5.8639],[112.6901,-5.864],[112.6901,-5.8641],[112.6901,-5.8642],[112.6901,-5.8643],[112.69,-5.8643],[112.6901,-5.8644],[112.69,-5.8644],[112.69,-5.8645],[112.6899,-5.8645],[112.6898,-5.8646],[112.6897,-5.8646],[112.6896,-5.8646],[112.6896,-5.8647],[112.6895,-5.8647],[112.6894,-5.8648],[112.6893,-5.8649],[112.6893,-5.8651],[112.6893,-5.8653],[112.6892,-5.8654],[112.6892,-5.8655],[112.6892,-5.8656],[112.6892,-5.8658],[112.6892,-5.8659],[112.6892,-5.866],[112.6892,-5.8661],[112.6892,-5.8662],[112.6892,-5.8663],[112.6892,-5.8664],[112.6893,-5.8664],[112.6893,-5.8665],[112.6894,-5.8666],[112.6894,-5.8667],[112.6894,-5.8668],[112.6895,-5.8669],[112.6893,-5.867],[112.6892,-5.867],[112.6891,-5.867],[112.689,-5.8671],[112.6889,-5.8671],[112.6889,-5.8672],[112.6888,-5.8672],[112.6888,-5.8673],[112.6887,-5.8673],[112.6886,-5.8673],[112.6885,-5.8674],[112.6884,-5.8675],[112.6884,-5.8676],[112.6883,-5.8676],[112.6883,-5.8677],[112.6883,-5.8678],[112.6882,-5.8678],[112.6882,-5.8679],[112.6881,-5.868],[112.688,-5.868],[112.688,-5.8681],[112.6879,-5.8681],[112.6878,-5.8682],[112.6877,-5.8682],[112.6876,-5.8683],[112.6875,-5.8683],[112.6874,-5.8683],[112.6873,-5.8683],[112.6872,-5.8683],[112.6871,-5.8683],[112.687,-5.8684],[112.6869,-5.8684],[112.6868,-5.8684],[112.6867,-5.8684],[112.6865,-5.8684],[112.6864,-5.8684],[112.6864,-5.8683],[112.6863,-5.8683],[112.6862,-5.8683],[112.6861,-5.8683],[112.686,-5.8683],[112.6859,-5.8683],[112.6858,-5.8684],[112.6858,-5.8685],[112.6858,-5.8686],[112.6857,-5.8686],[112.6857,-5.8687],[112.6856,-5.8687],[112.6856,-5.8686],[112.6855,-5.8686],[112.6855,-5.8685],[112.6854,-5.8685],[112.6855,-5.8684],[112.6855,-5.8683],[112.6854,-5.8682],[112.6854,-5.8681],[112.6854,-5.868],[112.6854,-5.8679],[112.6853,-5.8678],[112.6851,-5.8678],[112.685,-5.8677],[112.6849,-5.8677],[112.6848,-5.8676],[112.6848,-5.8675],[112.6848,-5.8674],[112.6847,-5.8672],[112.6846,-5.8671],[112.6846,-5.867],[112.6846,-5.8669],[112.6846,-5.8668],[112.6846,-5.8667],[112.6845,-5.8666],[112.6845,-5.8665],[112.6845,-5.8664],[112.6845,-5.8663],[112.6844,-5.8662],[112.6843,-5.8661],[112.6843,-5.866],[112.6842,-5.8659],[112.6842,-5.8658],[112.6841,-5.8657],[112.6841,-5.8656],[112.6841,-5.8655],[112.684,-5.8654],[112.6839,-5.8653],[112.6838,-5.8652],[112.6838,-5.8651],[112.6838,-5.865],[112.6838,-5.8649],[112.6839,-5.8648],[112.684,-5.8647],[112.684,-5.8646],[112.6841,-5.8645],[112.6841,-5.8644],[112.6841,-5.8643],[112.6841,-5.8642],[112.6842,-5.8641],[112.6842,-5.864],[112.6843,-5.864],[112.6843,-5.8639],[112.6843,-5.8638],[112.6844,-5.8637],[112.6844,-5.8636],[112.6845,-5.8635],[112.6846,-5.8634],[112.6846,-5.8633],[112.6847,-5.8633],[112.6847,-5.8632],[112.6847,-5.8631],[112.6847,-5.863],[112.6847,-5.8629],[112.6847,-5.8628],[112.6847,-5.8627],[112.6848,-5.8626],[112.6848,-5.8625],[112.6849,-5.8624],[112.6849,-5.8623],[112.6848,-5.8622],[112.6848,-5.8621],[112.6849,-5.862],[112.6849,-5.8619],[112.685,-5.8618],[112.685,-5.8617],[112.685,-5.8615],[112.6851,-5.8615],[112.6851,-5.8614],[112.6851,-5.8613],[112.6851,-5.8611]]],[[[112.6901,-5.8681],[112.6901,-5.868],[112.69,-5.868],[112.69,-5.8679],[112.69,-5.8678],[112.69,-5.8677],[112.6899,-5.8676],[112.6899,-5.8675],[112.6898,-5.8675],[112.6898,-5.8674],[112.6898,-5.8673],[112.6899,-5.8673],[112.69,-5.8673],[112.69,-5.8674],[112.6901,-5.8674],[112.6901,-5.8675],[112.6902,-5.8675],[112.6903,-5.8675],[112.6904,-5.8675],[112.6905,-5.8675],[112.6906,-5.8675],[112.6906,-5.8676],[112.6907,-5.8676],[112.6908,-5.8676],[112.6908,-5.8677],[112.6908,-5.8678],[112.6908,-5.8679],[112.6908,-5.868],[112.6907,-5.868],[112.6906,-5.868],[112.6905,-5.868],[112.6905,-5.8681],[112.6904,-5.8681],[112.6903,-5.8681],[112.6902,-5.8681],[112.6901,-5.8681]]],[[[112.7049,-5.8718],[112.7048,-5.8717],[112.7047,-5.8716],[112.7047,-5.8715],[112.7047,-5.8714],[112.7047,-5.8713],[112.7048,-5.8712],[112.7048,-5.871],[112.7049,-5.8709],[112.705,-5.8708],[112.7051,-5.8708],[112.7052,-5.8708],[112.7053,-5.8708],[112.7054,-5.8708],[112.7055,-5.8708],[112.706,-5.8708],[112.7062,-5.8708],[112.7066,-5.8708],[112.7073,-5.8708],[112.7074,-5.8708],[112.7076,-5.8709],[112.7077,-5.8709],[112.7079,-5.871],[112.7079,-5.8712],[112.7079,-5.8713],[112.7079,-5.8714],[112.7077,-5.8715],[112.7076,-5.8716],[112.7073,-5.8716],[112.707,-5.8716],[112.7067,-5.8716],[112.7064,-5.8716],[112.7062,-5.8716],[112.706,-5.8716],[112.7057,-5.8717],[112.7055,-5.8717],[112.7054,-5.8718],[112.7052,-5.8718],[112.705,-5.8718],[112.7049,-5.8718]]]]}},{"type":"Feature","properties":{"name":"Pencadangan/Indikasi Kawasan Konservasi","fillColor":"#f60ada","fillOpacity":0.55},"geometry":{"type":"MultiPolygon","coordinates":[[[[112.6979,-5.7011],[112.5885,-5.8768],[112.6276,-5.8589],[112.6275,-5.859],[112.6272,-5.8603],[112.6263,-5.8609],[112.6256,-5.8602],[112.6247,-5.8595],[112.6235,-5.86],[112.6226,-5.8614],[112.6224,-5.8627],[112.6231,-5.8638],[112.6241,-5.8643],[112.6247,-5.8653],[112.6245,-5.8666],[112.6239,-5.8675],[112.6237,-5.8683],[112.6226,-5.8692],[112.6218,-5.87],[112.6211,-5.871],[112.6202,-5.8709],[112.6196,-5.8697],[112.6189,-5.8686],[112.6188,-5.8673],[112.6193,-5.866],[112.619,-5.8644],[112.6193,-5.863],[112.6199,-5.862],[112.6212,-5.8614],[112.6226,-5.8608],[112.6226,-5.8595],[112.6221,-5.8581],[112.6216,-5.8568],[112.6204,-5.8559],[112.6182,-5.8557],[112.6157,-5.855],[112.6144,-5.8553],[112.613,-5.8558],[112.6118,-5.8562],[112.6107,-5.8564],[112.6098,-5.8572],[112.6093,-5.8583],[112.6083,-5.8579],[112.6083,-5.8566],[112.6072,-5.8561],[112.6061,-5.8556],[112.6048,-5.8552],[112.6035,-5.855],[112.6024,-5.8546],[112.6013,-5.8543],[112.6001,-5.8536],[112.5976,-5.8535],[112.5959,-5.8538],[112.5947,-5.8538],[112.5936,-5.8543],[112.593,-5.8553],[112.5919,-5.8556],[112.5913,-5.8546],[112.5904,-5.8537],[112.5898,-5.8526],[112.5895,-5.8512],[112.5888,-5.8498],[112.5882,-5.8488],[112.5874,-5.8476],[112.5865,-5.8465],[112.5853,-5.8458],[112.5845,-5.8449],[112.5835,-5.8441],[112.5822,-5.8432],[112.5809,-5.8428],[112.5795,-5.8432],[112.5786,-5.8443],[112.5775,-5.8446],[112.5764,-5.8449],[112.5768,-5.8438],[112.5768,-5.8417],[112.5771,-5.84],[112.578,-5.8392],[112.5786,-5.8381],[112.5789,-5.8369],[112.5801,-5.8371],[112.5806,-5.8383],[112.5817,-5.8381],[112.5826,-5.8374],[112.5832,-5.8363],[112.5839,-5.8352],[112.5846,-5.834],[112.5848,-5.8326],[112.5845,-5.8312],[112.5834,-5.8305],[112.5822,-5.8299],[112.5808,-5.8299],[112.5797,-5.8294],[112.5786,-5.8291],[112.5776,-5.8283],[112.5765,-5.8279],[112.5754,-5.8278],[112.5745,-5.8271],[112.5756,-5.8266],[112.5759,-5.8253],[112.576,-5.8238],[112.5768,-5.8229],[112.5774,-5.822],[112.5777,-5.8207],[112.5785,-5.8195],[112.5786,-5.8182],[112.579,-5.8169],[112.5795,-5.8158],[112.58,-5.8147],[112.5783,-5.8125],[112.5759,-5.8119],[112.5749,-5.8126],[112.5741,-5.8129],[112.5732,-5.8124],[112.5722,-5.8117],[112.5712,-5.811],[112.5699,-5.8106],[112.5696,-5.8096],[112.57,-5.8086],[112.5705,-5.8073],[112.571,-5.8061],[112.5714,-5.805],[112.5719,-5.8038],[112.5732,-5.8038],[112.574,-5.8047],[112.575,-5.8054],[112.5759,-5.8063],[112.5772,-5.8076],[112.5813,-5.8069],[112.5825,-5.8049],[112.5824,-5.8036],[112.583,-5.8028],[112.5832,-5.8019],[112.5833,-5.8009],[112.5838,-5.7995],[112.5842,-5.7982],[112.5844,-5.7971],[112.5848,-5.796],[112.5847,-5.7949],[112.5838,-5.794],[112.583,-5.7933],[112.5824,-5.7922],[112.5815,-5.7913],[112.5808,-5.7904],[112.5799,-5.7897],[112.5798,-5.7892],[112.581,-5.789],[112.5823,-5.7892],[112.5834,-5.7889],[112.5844,-5.7885],[112.5857,-5.7884],[112.5868,-5.7882],[112.5878,-5.788],[112.5885,-5.7875],[112.5893,-5.7865],[112.5891,-5.7852],[112.5887,-5.7842],[112.5883,-5.7832],[112.5889,-5.7826],[112.5894,-5.782],[112.5897,-5.7809],[112.59,-5.7799],[112.5897,-5.779],[112.5895,-5.7782],[112.5897,-5.7775],[112.59,-5.7764],[112.5907,-5.777],[112.5909,-5.7756],[112.5923,-5.7749],[112.5929,-5.7734],[112.5939,-5.7728],[112.595,-5.7719],[112.5958,-5.7712],[112.5967,-5.7696],[112.598,-5.769],[112.5991,-5.7694],[112.6003,-5.7699],[112.6014,-5.7704],[112.6016,-5.7715],[112.6024,-5.7724],[112.6033,-5.7729],[112.6041,-5.7736],[112.6051,-5.7733],[112.606,-5.7726],[112.6076,-5.7725],[112.6096,-5.7719],[112.6106,-5.7716],[112.6112,-5.7706],[112.612,-5.7696],[112.6125,-5.7686],[112.6124,-5.7675],[112.6124,-5.7661],[112.6124,-5.7641],[112.6123,-5.761],[112.6123,-5.7582],[112.6137,-5.7554],[112.6137,-5.7538],[112.6132,-5.7527],[112.6134,-5.7514],[112.6132,-5.7502],[112.6145,-5.7493],[112.6164,-5.7488],[112.6191,-5.7489],[112.6207,-5.7487],[112.6225,-5.7495],[112.6237,-5.7492],[112.6237,-5.7485],[112.6256,-5.7481],[112.6276,-5.7474],[112.6286,-5.747],[112.6291,-5.7459],[112.6297,-5.7448],[112.6309,-5.7446],[112.6322,-5.7441],[112.6325,-5.743],[112.6332,-5.742],[112.6342,-5.7413],[112.6346,-5.7397],[112.6363,-5.7366],[112.6392,-5.7348],[112.641,-5.7334],[112.6465,-5.7303],[112.6504,-5.7304],[112.652,-5.7307],[112.6529,-5.7303],[112.6543,-5.7307],[112.6556,-5.7304],[112.6571,-5.7302],[112.6579,-5.7309],[112.6596,-5.7313],[112.6617,-5.7321],[112.6628,-5.7325],[112.6635,-5.7335],[112.664,-5.7346],[112.6648,-5.7356],[112.6662,-5.736],[112.6674,-5.7366],[112.6702,-5.7372],[112.6715,-5.7366],[112.6752,-5.7336],[112.6752,-5.732],[112.6753,-5.7307],[112.6751,-5.7294],[112.6754,-5.7281],[112.6752,-5.7268],[112.675,-5.7254],[112.6744,-5.7242],[112.6743,-5.723],[112.6754,-5.7224],[112.6767,-5.7227],[112.6779,-5.7221],[112.6792,-5.7207],[112.6798,-5.7193],[112.6808,-5.7183],[112.6818,-5.7175],[112.6834,-5.7174],[112.6847,-5.7169],[112.6856,-5.7163],[112.6867,-5.7159],[112.6876,-5.7166],[112.688,-5.7177],[112.6886,-5.7189],[112.6883,-5.7201],[112.6877,-5.7216],[112.6879,-5.7231],[112.6887,-5.7241],[112.6895,-5.7251],[112.6906,-5.7264],[112.6926,-5.7271],[112.6933,-5.7275],[112.6956,-5.7292],[112.6985,-5.7302],[112.6991,-5.7307],[112.7,-5.7328],[112.7035,-5.7346],[112.7054,-5.7353],[112.7066,-5.7351],[112.7077,-5.735],[112.7089,-5.7347],[112.71,-5.7344],[112.7112,-5.7338],[112.7113,-5.7324],[112.7114,-5.7315],[112.7129,-5.7316],[112.7141,-5.732],[112.7146,-5.733],[112.715,-5.7339],[112.7161,-5.7347],[112.717,-5.7355],[112.7182,-5.7363],[112.7193,-5.737],[112.7203,-5.7377],[112.7216,-5.7381],[112.7228,-5.7378],[112.7242,-5.7376],[112.7252,-5.737],[112.7262,-5.7371],[112.7263,-5.7384],[112.7267,-5.7397],[112.6979,-5.7011]]],[[[112.6068,-5.7371],[112.6069,-5.7371],[112.607,-5.7371],[112.607,-5.7372],[112.6071,-5.7372],[112.6071,-5.7373],[112.6072,-5.7373],[112.6072,-5.7374],[112.6073,-5.7374],[112.6074,-5.7375],[112.6074,-5.7376],[112.6075,-5.7376],[112.6075,-5.7377],[112.6076,-5.7377],[112.6076,-5.7378],[112.6075,-5.7378],[112.6074,-5.7378],[112.6074,-5.7379],[112.6073,-5.7379],[112.6072,-5.7379],[112.6071,-5.7379],[112.607,-5.7379],[112.607,-5.738],[112.6069,-5.738],[112.6068,-5.7381],[112.6068,-5.7382],[112.6068,-5.7383],[112.6068,-5.7385],[112.6068,-5.7386],[112.6068,-5.7387],[112.6068,-5.7388],[112.6067,-5.7389],[112.6066,-5.739],[112.6064,-5.7391],[112.6063,-5.7391],[112.6061,-5.7391],[112.606,-5.7391],[112.6059,-5.7391],[112.6059,-5.739],[112.6059,-5.7389],[112.6059,-5.7388],[112.606,-5.7388],[112.606,-5.7387],[112.6062,-5.7387],[112.6063,-5.7387],[112.6064,-5.7386],[112.6064,-5.7385],[112.6064,-5.7384],[112.6063,-5.7383],[112.6062,-5.7382],[112.6061,-5.7382],[112.6059,-5.7382],[112.6057,-5.7382],[112.6055,-5.7381],[112.6055,-5.738],[112.6054,-5.738],[112.6053,-5.738],[112.6053,-5.7379],[112.6053,-5.7378],[112.6052,-5.7378],[112.6052,-5.7377],[112.6052,-5.7376],[112.6052,-5.7375],[112.6053,-5.7374],[112.6054,-5.7374],[112.6054,-5.7373],[112.6055,-5.7373],[112.6055,-5.7372],[112.6056,-5.7372],[112.6057,-5.7372],[112.6058,-5.7372],[112.6059,-5.7372],[112.606,-5.7372],[112.606,-5.7371],[112.606,-5.7372],[112.6061,-5.7372],[112.6062,-5.7372],[112.6063,-5.7372],[112.6064,-5.7372],[112.6064,-5.7373],[112.6065,-5.7373],[112.6066,-5.7373],[112.6067,-5.7373],[112.6067,-5.7372],[112.6068,-5.7372],[112.6068,-5.7371]]],[[[112.5849,-5.7671],[112.585,-5.7671],[112.585,-5.767],[112.5852,-5.767],[112.5852,-5.7671],[112.5853,-5.7671],[112.5855,-5.7671],[112.5855,-5.7672],[112.5856,-5.7672],[112.5857,-5.7673],[112.5858,-5.7673],[112.5859,-5.7673],[112.5861,-5.7673],[112.5862,-5.7673],[112.5863,-5.7673],[112.5865,-5.7673],[112.5866,-5.7673],[112.5867,-5.7672],[112.5868,-5.7672],[112.5869,-5.7672],[112.5871,-5.7672],[112.5872,-5.7672],[112.5873,-5.7672],[112.5874,-5.7671],[112.5875,-5.7671],[112.5876,-5.7671],[112.5878,-5.7671],[112.5879,-5.7671],[112.5879,-5.7672],[112.5881,-5.7672],[112.5881,-5.7673],[112.5882,-5.7673],[112.5883,-5.7674],[112.5883,-5.7675],[112.5883,-5.7676],[112.5883,-5.7677],[112.5883,-5.7678],[112.5882,-5.7679],[112.5881,-5.7679],[112.5881,-5.768],[112.588,-5.7682],[112.588,-5.7683],[112.588,-5.7684],[112.588,-5.7686],[112.588,-5.7687],[112.5881,-5.7687],[112.5881,-5.7689],[112.5881,-5.769],[112.5881,-5.7691],[112.5881,-5.7693],[112.588,-5.7693],[112.588,-5.7695],[112.588,-5.7696],[112.588,-5.7697],[112.5879,-5.7698],[112.5878,-5.7698],[112.5878,-5.7699],[112.5877,-5.77],[112.5877,-5.7699],[112.5876,-5.7699],[112.5875,-5.7698],[112.5875,-5.7697],[112.5874,-5.7697],[112.5874,-5.7695],[112.5874,-5.7694],[112.5874,-5.7693],[112.5873,-5.7692],[112.5872,-5.7692],[112.5872,-5.769],[112.5871,-5.769],[112.5871,-5.7689],[112.587,-5.7688],[112.587,-5.7687],[112.5869,-5.7687],[112.5869,-5.7685],[112.5868,-5.7685],[112.5867,-5.7685],[112.5865,-5.7685],[112.5865,-5.7686],[112.5864,-5.7686],[112.5863,-5.7685],[112.5863,-5.7686],[112.5862,-5.7686],[112.5861,-5.7687],[112.586,-5.7688],[112.5858,-5.7688],[112.5858,-5.7689],[112.5858,-5.769],[112.5856,-5.7691],[112.5856,-5.7692],[112.5856,-5.7693],[112.5855,-5.7694],[112.5855,-5.7695],[112.5856,-5.7695],[112.5855,-5.7696],[112.5855,-5.7697],[112.5855,-5.7698],[112.5856,-5.7699],[112.5856,-5.77],[112.5855,-5.77],[112.5854,-5.7701],[112.5854,-5.7702],[112.5854,-5.7704],[112.5853,-5.7704],[112.5853,-5.7705],[112.5853,-5.7707],[112.5853,-5.7708],[112.5852,-5.7708],[112.5853,-5.7709],[112.5853,-5.771],[112.5853,-5.7711],[112.5854,-5.7712],[112.5855,-5.7712],[112.5856,-5.7712],[112.5857,-5.7713],[112.5857,-5.7712],[112.5858,-5.7712],[112.5859,-5.7713],[112.586,-5.7713],[112.5861,-5.7714],[112.5862,-5.7714],[112.5862,-5.7715],[112.5863,-5.7716],[112.5864,-5.7716],[112.5864,-5.7717],[112.5865,-5.7718],[112.5865,-5.7719],[112.5866,-5.7719],[112.5867,-5.772],[112.5867,-5.7721],[112.5868,-5.7721],[112.5869,-5.7723],[112.5869,-5.7724],[112.5869,-5.7725],[112.587,-5.7726],[112.587,-5.7727],[112.587,-5.7729],[112.587,-5.773],[112.587,-5.7731],[112.5871,-5.7735],[112.587,-5.7735],[112.587,-5.7736],[112.587,-5.7738],[112.587,-5.7739],[112.5869,-5.774],[112.5869,-5.7742],[112.5869,-5.7743],[112.5869,-5.7744],[112.5869,-5.7746],[112.5868,-5.7747],[112.5868,-5.7749],[112.5867,-5.7749],[112.5867,-5.775],[112.5866,-5.7751],[112.5865,-5.7751],[112.5864,-5.7751],[112.5863,-5.7752],[112.5862,-5.7752],[112.5861,-5.7752],[112.586,-5.7751],[112.586,-5.7752],[112.5859,-5.7752],[112.5858,-5.7751],[112.5857,-5.7751],[112.5856,-5.7751],[112.5854,-5.7751],[112.5854,-5.775],[112.5852,-5.7751],[112.5851,-5.7751],[112.585,-5.7751],[112.5849,-5.7752],[112.5848,-5.7752],[112.5847,-5.7752],[112.5847,-5.775],[112.5846,-5.775],[112.5846,-5.7749],[112.5845,-5.7748],[112.5844,-5.7748],[112.5844,-5.7747],[112.5842,-5.7746],[112.5841,-5.7746],[112.584,-5.7745],[112.5838,-5.7745],[112.5837,-5.7745],[112.5836,-5.7744],[112.5836,-5.7745],[112.5836,-5.7744],[112.5835,-5.7743],[112.5836,-5.7743],[112.5835,-5.7743],[112.5835,-5.7741],[112.5834,-5.7741],[112.5834,-5.774],[112.5833,-5.7738],[112.5833,-5.7737],[112.5832,-5.7737],[112.5832,-5.7735],[112.5831,-5.7735],[112.5831,-5.7734],[112.5829,-5.7734],[112.5828,-5.7734],[112.5827,-5.7733],[112.5827,-5.7732],[112.5827,-5.7731],[112.5828,-5.773],[112.5829,-5.773],[112.583,-5.773],[112.583,-5.7728],[112.5829,-5.7728],[112.5829,-5.7727],[112.5828,-5.7726],[112.5828,-5.7725],[112.5828,-5.7724],[112.5828,-5.7723],[112.5828,-5.7722],[112.5828,-5.7721],[112.5829,-5.772],[112.5829,-5.7719],[112.583,-5.7718],[112.583,-5.7717],[112.583,-5.7716],[112.5828,-5.7716],[112.5828,-5.7715],[112.5827,-5.7715],[112.5826,-5.7714],[112.5825,-5.7714],[112.5825,-5.7713],[112.5824,-5.7712],[112.5824,-5.7711],[112.5824,-5.771],[112.5824,-5.7708],[112.5823,-5.7708],[112.5823,-5.7707],[112.5822,-5.7706],[112.5822,-5.7705],[112.5822,-5.7703],[112.5821,-5.7703],[112.5821,-5.7702],[112.582,-5.7701],[112.5819,-5.77],[112.5819,-5.7699],[112.5818,-5.7698],[112.5818,-5.7697],[112.5818,-5.7696],[112.5816,-5.7695],[112.5816,-5.7694],[112.5815,-5.7694],[112.5814,-5.7693],[112.5814,-5.7692],[112.5813,-5.7692],[112.5812,-5.7691],[112.5812,-5.769],[112.5811,-5.7689],[112.581,-5.7689],[112.581,-5.7688],[112.5809,-5.7687],[112.5809,-5.7686],[112.581,-5.7686],[112.581,-5.7684],[112.5811,-5.7684],[112.5812,-5.7684],[112.5813,-5.7683],[112.5814,-5.7683],[112.5814,-5.7682],[112.5815,-5.7683],[112.5816,-5.7683],[112.5816,-5.7682],[112.5818,-5.7682],[112.5819,-5.7682],[112.582,-5.7681],[112.5821,-5.7681],[112.5821,-5.768],[112.5823,-5.768],[112.5824,-5.768],[112.5825,-5.768],[112.5826,-5.7679],[112.5827,-5.7679],[112.5828,-5.7679],[112.5829,-5.768],[112.583,-5.768],[112.5831,-5.768],[112.5833,-5.768],[112.5834,-5.768],[112.5834,-5.7679],[112.5836,-5.7679],[112.5836,-5.7678],[112.5838,-5.7678],[112.5838,-5.7677],[112.5839,-5.7677],[112.5839,-5.7675],[112.584,-5.7675],[112.584,-5.7674],[112.5841,-5.7673],[112.5842,-5.7673],[112.5842,-5.7672],[112.5844,-5.7672],[112.5845,-5.7672],[112.5845,-5.7671],[112.5847,-5.7671],[112.5849,-5.7671]]],[[[112.581,-5.7749],[112.5811,-5.7749],[112.5818,-5.775],[112.5817,-5.7751],[112.5816,-5.7753],[112.5813,-5.7754],[112.581,-5.7756],[112.5805,-5.7753],[112.5804,-5.7751],[112.5804,-5.775],[112.5804,-5.7749],[112.5806,-5.7749],[112.581,-5.7749]]],[[[112.6247,-5.8602],[112.6248,-5.8603],[112.6249,-5.8604],[112.625,-5.8604],[112.6251,-5.8605],[112.6252,-5.8605],[112.6252,-5.8606],[112.6251,-5.8606],[112.625,-5.8606],[112.6249,-5.8606],[112.6248,-5.8606],[112.6247,-5.8606],[112.6246,-5.8606],[112.6245,-5.8605],[112.6244,-5.8605],[112.6244,-5.8604],[112.6244,-5.8603],[112.6245,-5.8602],[112.6246,-5.8602],[112.6247,-5.8602]]],[[[112.7042,-5.7337],[112.7042,-5.7336],[112.7042,-5.7335],[112.7042,-5.7334],[112.7043,-5.7334],[112.7044,-5.7333],[112.7045,-5.7334],[112.7045,-5.7335],[112.7045,-5.7336],[112.7045,-5.7337],[112.7044,-5.7337],[112.7043,-5.7337],[112.7043,-5.7338],[112.7042,-5.7338],[112.7042,-5.7339],[112.7042,-5.734],[112.7042,-5.7341],[112.7042,-5.7342],[112.7042,-5.7343],[112.7042,-5.7344],[112.7041,-5.7345],[112.7041,-5.7346],[112.7041,-5.7347],[112.704,-5.7348],[112.7039,-5.7348],[112.7038,-5.7348],[112.7038,-5.7347],[112.7038,-5.7346],[112.7038,-5.7345],[112.7038,-5.7344],[112.7038,-5.7343],[112.7039,-5.7343],[112.704,-5.7342],[112.704,-5.7341],[112.704,-5.734],[112.7039,-5.734],[112.7038,-5.734],[112.7038,-5.7339],[112.7037,-5.7339],[112.7037,-5.7338],[112.7038,-5.7337],[112.7039,-5.7337],[112.704,-5.7338],[112.7041,-5.7338],[112.7042,-5.7337]]]]}},{"type":"Feature","properties":{"name":"Pencadangan/Indikasi Kawasan Konservasi","fillColor":"#f60ada","fillOpacity":0.55},"geometry":{"type":"Polygon","coordinates":[[[113.5936,-7.1377],[113.5921,-7.1366],[113.5914,-7.137],[113.5908,-7.1374],[113.5905,-7.1377],[113.5903,-7.138],[113.5901,-7.1381],[113.5899,-7.1383],[113.5895,-7.1385],[113.5892,-7.1385],[113.5891,-7.1386],[113.589,-7.1388],[113.5889,-7.1389],[113.5888,-7.139],[113.5888,-7.1392],[113.5881,-7.1405],[113.588,-7.1407],[113.5868,-7.1425],[113.5865,-7.143],[113.5866,-7.1434],[113.5865,-7.1436],[113.5864,-7.1438],[113.5864,-7.1439],[113.5863,-7.1441],[113.5863,-7.1445],[113.586,-7.1452],[113.5858,-7.1458],[113.5857,-7.1461],[113.5855,-7.1464],[113.5853,-7.1468],[113.585,-7.1471],[113.5849,-7.1474],[113.5847,-7.1477],[113.5845,-7.1481],[113.5842,-7.1485],[113.5839,-7.1487],[113.5836,-7.1489],[113.5836,-7.1491],[113.5836,-7.1493],[113.5835,-7.1494],[113.5833,-7.1498],[113.5829,-7.1505],[113.5827,-7.1507],[113.5826,-7.1508],[113.5826,-7.1511],[113.5824,-7.1513],[113.5822,-7.1516],[113.5821,-7.1518],[113.582,-7.1518],[113.5818,-7.1517],[113.5817,-7.1516],[113.5815,-7.1515],[113.5815,-7.1515],[113.5814,-7.1515],[113.5813,-7.1517],[113.5811,-7.1519],[113.581,-7.1521],[113.5802,-7.1533],[113.5798,-7.1541],[113.5798,-7.1543],[113.5795,-7.1545],[113.579,-7.1556],[113.5787,-7.1564],[113.5786,-7.1567],[113.5786,-7.1568],[113.5786,-7.1571],[113.5785,-7.1573],[113.5783,-7.1576],[113.5782,-7.1577],[113.578,-7.1576],[113.5778,-7.1576],[113.5773,-7.1584],[113.577,-7.159],[113.577,-7.1593],[113.5769,-7.1594],[113.5768,-7.1596],[113.5766,-7.1597],[113.5764,-7.16],[113.5762,-7.1603],[113.5761,-7.1603],[113.5759,-7.1605],[113.5757,-7.1607],[113.5754,-7.1608],[113.5752,-7.1608],[113.5748,-7.1608],[113.5747,-7.1608],[113.5744,-7.1609],[113.5742,-7.1611],[113.574,-7.1612],[113.5739,-7.1613],[113.5738,-7.1614],[113.5735,-7.162],[113.5734,-7.1622],[113.5733,-7.1624],[113.5734,-7.1626],[113.5733,-7.1628],[113.5732,-7.1632],[113.5731,-7.1635],[113.5731,-7.1638],[113.5732,-7.1641],[113.5733,-7.1642],[113.5736,-7.1643],[113.5738,-7.1645],[113.5739,-7.1646],[113.5738,-7.1648],[113.5737,-7.165],[113.5736,-7.1651],[113.5738,-7.1656],[113.5738,-7.1668],[113.5738,-7.1681],[113.5737,-7.1685],[113.5736,-7.1686],[113.5734,-7.1686],[113.573,-7.1687],[113.5731,-7.1688],[113.5735,-7.1692],[113.5738,-7.1695],[113.5739,-7.1696],[113.5742,-7.1699],[113.5741,-7.1702],[113.5739,-7.1715],[113.5732,-7.1729],[113.573,-7.173],[113.5726,-7.173],[113.572,-7.1731],[113.5717,-7.1733],[113.5716,-7.1737],[113.5714,-7.1744],[113.5707,-7.1765],[113.5708,-7.1767],[113.5709,-7.1768],[113.5712,-7.1768],[113.5716,-7.1768],[113.5717,-7.1771],[113.5716,-7.1775],[113.5714,-7.1777],[113.5709,-7.1781],[113.5709,-7.1782],[113.571,-7.1785],[113.5711,-7.1787],[113.5712,-7.1789],[113.571,-7.1791],[113.5708,-7.1794],[113.5707,-7.1795],[113.5705,-7.1798],[113.5701,-7.18],[113.5699,-7.1802],[113.5696,-7.1805],[113.5695,-7.1806],[113.569,-7.1809],[113.5688,-7.1811],[113.5689,-7.1813],[113.5689,-7.1815],[113.5688,-7.1816],[113.5682,-7.1819],[113.5675,-7.1819],[113.5669,-7.1821],[113.5665,-7.1822],[113.5664,-7.1823],[113.5664,-7.1825],[113.5663,-7.1827],[113.5661,-7.1829],[113.5661,-7.1831],[113.5661,-7.1834],[113.5661,-7.1835],[113.5663,-7.1837],[113.5665,-7.184],[113.5667,-7.1842],[113.5668,-7.185],[113.5669,-7.1854],[113.5669,-7.1861],[113.5667,-7.1868],[113.5665,-7.1874],[113.5664,-7.1879],[113.5664,-7.1881],[113.5663,-7.1887],[113.5663,-7.1893],[113.5664,-7.19],[113.5663,-7.1907],[113.5663,-7.1911],[113.5663,-7.1921],[113.5662,-7.1924],[113.5653,-7.1954],[113.5652,-7.1963],[113.565,-7.1969],[113.5646,-7.1971],[113.5643,-7.1973],[113.5637,-7.1972],[113.5634,-7.1972],[113.5629,-7.1973],[113.5626,-7.1974],[113.5618,-7.1978],[113.5614,-7.1982],[113.5606,-7.1989],[113.5601,-7.1991],[113.5597,-7.1992],[113.5591,-7.1994],[113.5586,-7.1999],[113.5582,-7.2003],[113.5579,-7.2007],[113.5575,-7.2012],[113.5572,-7.2015],[113.5568,-7.202],[113.5565,-7.2026],[113.5565,-7.2028],[113.5568,-7.2027],[113.5569,-7.2027],[113.5571,-7.2029],[113.5572,-7.2031],[113.5575,-7.2032],[113.5577,-7.2032],[113.5577,-7.2033],[113.5575,-7.2036],[113.5578,-7.2039],[113.5582,-7.2036],[113.5585,-7.2035],[113.5586,-7.2035],[113.5588,-7.2037],[113.5589,-7.204],[113.5591,-7.2043],[113.5592,-7.2046],[113.5597,-7.205],[113.5598,-7.2051],[113.5602,-7.2054],[113.5603,-7.2058],[113.5602,-7.2062],[113.5602,-7.2067],[113.5602,-7.2069],[113.5604,-7.2073],[113.5604,-7.2077],[113.5605,-7.2085],[113.5607,-7.209],[113.5608,-7.2092],[113.5608,-7.2096],[113.5607,-7.2102],[113.5606,-7.2108],[113.5603,-7.2113],[113.5603,-7.2115],[113.5603,-7.2124],[113.5602,-7.2129],[113.5601,-7.2133],[113.56,-7.2137],[113.5598,-7.2137],[113.5596,-7.2137],[113.5594,-7.2138],[113.5584,-7.2151],[113.5577,-7.2148],[113.5576,-7.2152],[113.5575,-7.2152],[113.5576,-7.2156],[113.5579,-7.2159],[113.5578,-7.2163],[113.5575,-7.2169],[113.5573,-7.2171],[113.5571,-7.2175],[113.557,-7.2178],[113.557,-7.218],[113.5569,-7.2186],[113.5569,-7.2187],[113.5568,-7.219],[113.5567,-7.2192],[113.5565,-7.2191],[113.5562,-7.2191],[113.5565,-7.2193],[113.5566,-7.2194],[113.5565,-7.2198],[113.5562,-7.2198],[113.556,-7.2199],[113.556,-7.2202],[113.5561,-7.2203],[113.556,-7.2204],[113.5559,-7.2205],[113.556,-7.2206],[113.5561,-7.2207],[113.5561,-7.2208],[113.556,-7.2211],[113.5561,-7.2212],[113.5562,-7.2214],[113.5561,-7.2216],[113.556,-7.2217],[113.5558,-7.2219],[113.5556,-7.2222],[113.5554,-7.2224],[113.5552,-7.2226],[113.5546,-7.223],[113.5545,-7.2231],[113.5542,-7.2233],[113.554,-7.2236],[113.5539,-7.2239],[113.5538,-7.2243],[113.5537,-7.2244],[113.5534,-7.2246],[113.5522,-7.2261],[113.5521,-7.2264],[113.5545,-7.2275],[113.5565,-7.2286],[113.5608,-7.2226],[113.5694,-7.1911],[113.5791,-7.1666],[113.5936,-7.1377]]]}},{"type":"Feature","properties":{"name":"Pencadangan/Indikasi Kawasan Konservasi","fillColor":"#f60ada","fillOpacity":0.55},"geometry":{"type":"Polygon","coordinates":[[[113.497,-6.8928],[113.4864,-6.8928],[113.4864,-6.8964],[113.4869,-6.8965],[113.487,-6.8965],[113.4871,-6.8965],[113.488,-6.8967],[113.4884,-6.8968],[113.4888,-6.8968],[113.491,-6.8966],[113.4911,-6.8966],[113.4911,-6.8965],[113.4916,-6.8965],[113.492,-6.8965],[113.4925,-6.8965],[113.4939,-6.8967],[113.4943,-6.8967],[113.4947,-6.8966],[113.4956,-6.8967],[113.4965,-6.8967],[113.4967,-6.8968],[113.4968,-6.8968],[113.4969,-6.897],[113.497,-6.897],[113.497,-6.8928]]]}},{"type":"Feature","properties":{"name":"Pencadangan/Indikasi Kawasan Konservasi","fillColor":"#f60ada","fillOpacity":0.55},"geometry":{"type":"Polygon","coordinates":[[[113.6174,-6.8834],[113.6031,-6.8834],[113.5859,-6.8834],[113.586,-6.888],[113.5865,-6.8895],[113.5865,-6.8896],[113.5866,-6.8895],[113.587,-6.8895],[113.5873,-6.8894],[113.5875,-6.8893],[113.5876,-6.8893],[113.5878,-6.8892],[113.5879,-6.8892],[113.5881,-6.8891],[113.5882,-6.8891],[113.5885,-6.8888],[113.5887,-6.8888],[113.589,-6.8886],[113.5891,-6.8886],[113.5897,-6.8886],[113.5901,-6.8887],[113.5902,-6.8887],[113.5903,-6.8887],[113.5904,-6.8888],[113.5906,-6.8888],[113.5909,-6.8888],[113.5911,-6.8889],[113.5914,-6.8889],[113.5916,-6.8889],[113.5917,-6.8889],[113.5921,-6.8887],[113.5923,-6.8886],[113.5925,-6.8887],[113.5928,-6.8887],[113.5929,-6.8887],[113.5932,-6.8888],[113.5934,-6.8888],[113.5936,-6.8888],[113.5939,-6.8889],[113.5947,-6.8888],[113.595,-6.8888],[113.5951,-6.8888],[113.5955,-6.8889],[113.5958,-6.8889],[113.5962,-6.8889],[113.5964,-6.8889],[113.5966,-6.8888],[113.5969,-6.8887],[113.597,-6.8887],[113.5975,-6.8887],[113.5977,-6.8887],[113.5978,-6.8888],[113.598,-6.8888],[113.5982,-6.8888],[113.5984,-6.8888],[113.5985,-6.8888],[113.5986,-6.8888],[113.5987,-6.8888],[113.599,-6.8887],[113.5995,-6.8887],[113.5996,-6.8887],[113.5999,-6.8888],[113.6,-6.8888],[113.6003,-6.8888],[113.6008,-6.8889],[113.601,-6.8889],[113.6012,-6.8889],[113.6014,-6.8889],[113.6015,-6.8889],[113.6017,-6.8888],[113.602,-6.8888],[113.6023,-6.8887],[113.6026,-6.8887],[113.6027,-6.8887],[113.6029,-6.8887],[113.6032,-6.8886],[113.6033,-6.8886],[113.6035,-6.8886],[113.6036,-6.8886],[113.6038,-6.8887],[113.6041,-6.8887],[113.6045,-6.8886],[113.6046,-6.8886],[113.605,-6.8887],[113.6053,-6.8888],[113.6055,-6.8888],[113.6056,-6.8888],[113.6057,-6.8888],[113.6057,-6.8889],[113.6056,-6.889],[113.6056,-6.8893],[113.6057,-6.8895],[113.6059,-6.8896],[113.606,-6.8895],[113.6061,-6.8894],[113.6062,-6.8894],[113.6063,-6.8895],[113.6064,-6.8895],[113.6064,-6.8896],[113.6065,-6.8897],[113.6067,-6.8898],[113.6073,-6.8898],[113.6074,-6.8896],[113.6075,-6.8896],[113.6076,-6.8896],[113.6078,-6.8895],[113.6079,-6.8895],[113.608,-6.8893],[113.6082,-6.8892],[113.6083,-6.8891],[113.6085,-6.8891],[113.6086,-6.889],[113.6087,-6.8889],[113.6089,-6.8887],[113.609,-6.8887],[113.6094,-6.8887],[113.6103,-6.8886],[113.6116,-6.8886],[113.612,-6.8886],[113.6122,-6.8886],[113.6125,-6.8886],[113.6127,-6.8886],[113.6128,-6.8887],[113.613,-6.8887],[113.6131,-6.8887],[113.6133,-6.8887],[113.6134,-6.8887],[113.6135,-6.8888],[113.6136,-6.8888],[113.6138,-6.8888],[113.6139,-6.8888],[113.6141,-6.8888],[113.6143,-6.8889],[113.6144,-6.8889],[113.6146,-6.8889],[113.6149,-6.889],[113.6151,-6.889],[113.6152,-6.889],[113.6154,-6.889],[113.6156,-6.889],[113.6158,-6.889],[113.6159,-6.889],[113.6161,-6.889],[113.6162,-6.8889],[113.6164,-6.8889],[113.6165,-6.8889],[113.6166,-6.8889],[113.6167,-6.8889],[113.6169,-6.889],[113.6171,-6.889],[113.6172,-6.8889],[113.6173,-6.8889],[113.6174,-6.8889],[113.6176,-6.8889],[113.6177,-6.8889],[113.6179,-6.8889],[113.6181,-6.8889],[113.6181,-6.8888],[113.6181,-6.8887],[113.6174,-6.8834]]]}},{"type":"Feature","properties":{"name":"Pencadangan/Indikasi Kawasan Konservasi","fillColor":"#f60ada","fillOpacity":0.55},"geometry":{"type":"Polygon","coordinates":[[[113.5631,-7.7079],[113.5495,-7.7075],[113.5492,-7.7137],[113.5492,-7.7138],[113.5493,-7.7137],[113.5493,-7.7138],[113.5494,-7.7138],[113.5494,-7.7137],[113.5495,-7.7137],[113.5495,-7.7138],[113.5496,-7.7138],[113.5496,-7.7137],[113.5497,-7.7137],[113.5498,-7.7137],[113.5498,-7.7138],[113.5499,-7.7138],[113.55,-7.7138],[113.55,-7.7137],[113.5501,-7.7137],[113.5502,-7.7137],[113.5503,-7.7137],[113.5504,-7.7137],[113.5505,-7.7137],[113.5506,-7.7137],[113.5507,-7.7137],[113.5508,-7.7137],[113.5508,-7.7136],[113.5509,-7.7136],[113.551,-7.7136],[113.5511,-7.7136],[113.5511,-7.7135],[113.5512,-7.7135],[113.5513,-7.7135],[113.5514,-7.7135],[113.5514,-7.7134],[113.5515,-7.7134],[113.5516,-7.7134],[113.5516,-7.7133],[113.5517,-7.7133],[113.5518,-7.7133],[113.5518,-7.7132],[113.5519,-7.7132],[113.552,-7.7131],[113.5521,-7.7131],[113.5521,-7.713],[113.5522,-7.713],[113.5522,-7.7129],[113.5522,-7.7128],[113.5523,-7.7127],[113.5523,-7.7126],[113.5523,-7.7125],[113.5524,-7.7125],[113.5524,-7.7124],[113.5523,-7.7123],[113.5523,-7.7122],[113.5523,-7.7121],[113.5523,-7.712],[113.5523,-7.7119],[113.5523,-7.7118],[113.5523,-7.7119],[113.5524,-7.7119],[113.5524,-7.7118],[113.5525,-7.7118],[113.5526,-7.7118],[113.5526,-7.7119],[113.5526,-7.712],[113.5526,-7.7121],[113.5526,-7.7122],[113.5526,-7.7123],[113.5526,-7.7124],[113.5527,-7.7124],[113.5528,-7.7123],[113.5529,-7.7123],[113.5529,-7.7124],[113.5529,-7.7125],[113.553,-7.7125],[113.553,-7.7126],[113.5531,-7.7126],[113.5531,-7.7125],[113.5532,-7.7125],[113.5532,-7.7126],[113.5531,-7.7126],[113.5532,-7.7126],[113.5532,-7.7127],[113.5532,-7.7126],[113.5533,-7.7126],[113.5534,-7.7126],[113.5533,-7.7127],[113.5534,-7.7127],[113.5534,-7.7126],[113.5535,-7.7126],[113.5535,-7.7127],[113.5535,-7.7128],[113.5536,-7.7128],[113.5536,-7.7129],[113.5536,-7.713],[113.5536,-7.7131],[113.5537,-7.7131],[113.5538,-7.7131],[113.5538,-7.713],[113.5538,-7.7129],[113.5539,-7.7129],[113.5539,-7.7128],[113.5539,-7.7127],[113.554,-7.7127],[113.554,-7.7126],[113.5541,-7.7126],[113.5542,-7.7126],[113.5543,-7.7126],[113.5544,-7.7126],[113.5545,-7.7126],[113.5546,-7.7126],[113.5547,-7.7126],[113.5548,-7.7126],[113.5549,-7.7126],[113.555,-7.7126],[113.555,-7.7127],[113.5551,-7.7127],[113.5552,-7.7127],[113.5553,-7.7127],[113.5554,-7.7127],[113.5555,-7.7127],[113.5556,-7.7127],[113.5556,-7.7126],[113.5557,-7.7126],[113.5557,-7.7127],[113.5558,-7.7127],[113.5558,-7.7128],[113.5558,-7.7129],[113.5559,-7.7129],[113.5559,-7.713],[113.556,-7.713],[113.5561,-7.713],[113.5561,-7.7131],[113.5562,-7.7131],[113.5563,-7.7131],[113.5563,-7.7132],[113.5564,-7.7132],[113.5565,-7.7132],[113.5565,-7.7133],[113.5566,-7.7133],[113.5567,-7.7133],[113.5568,-7.7133],[113.5568,-7.7134],[113.5569,-7.7134],[113.557,-7.7134],[113.5571,-7.7134],[113.5572,-7.7134],[113.5573,-7.7134],[113.5573,-7.7135],[113.5574,-7.7135],[113.5575,-7.7135],[113.5576,-7.7135],[113.5577,-7.7135],[113.5577,-7.7136],[113.5578,-7.7136],[113.5578,-7.7135],[113.5579,-7.7135],[113.558,-7.7135],[113.558,-7.7136],[113.5581,-7.7136],[113.5582,-7.7136],[113.5582,-7.7135],[113.5583,-7.7135],[113.5582,-7.7135],[113.5582,-7.7134],[113.5582,-7.7133],[113.5583,-7.7133],[113.5584,-7.7133],[113.5585,-7.7133],[113.5585,-7.7134],[113.5586,-7.7134],[113.5586,-7.7135],[113.5587,-7.7135],[113.5588,-7.7135],[113.5587,-7.7135],[113.5587,-7.7136],[113.5586,-7.7136],[113.5586,-7.7137],[113.5587,-7.7137],[113.5587,-7.7138],[113.5588,-7.7138],[113.5589,-7.7138],[113.5589,-7.7139],[113.559,-7.7139],[113.5591,-7.7139],[113.5592,-7.7139],[113.5592,-7.714],[113.5593,-7.714],[113.5594,-7.714],[113.5595,-7.714],[113.5596,-7.714],[113.5597,-7.714],[113.5598,-7.714],[113.5599,-7.714],[113.56,-7.714],[113.5601,-7.714],[113.5602,-7.714],[113.5603,-7.714],[113.5604,-7.714],[113.5605,-7.714],[113.5606,-7.714],[113.5607,-7.714],[113.5608,-7.714],[113.5608,-7.7141],[113.5609,-7.7141],[113.561,-7.7141],[113.5611,-7.7141],[113.5612,-7.7141],[113.5613,-7.7142],[113.5614,-7.7142],[113.5615,-7.7142],[113.5616,-7.7142],[113.5617,-7.7142],[113.5618,-7.7142],[113.5619,-7.7143],[113.562,-7.7143],[113.5621,-7.7143],[113.5621,-7.7142],[113.5621,-7.7143],[113.5622,-7.7143],[113.5623,-7.7143],[113.5624,-7.7143],[113.5625,-7.7143],[113.5626,-7.7143],[113.5626,-7.7142],[113.5627,-7.7142],[113.5628,-7.7142],[113.5629,-7.7142],[113.563,-7.7142],[113.5631,-7.7142],[113.5631,-7.7079]]]}},{"type":"Feature","properties":{"name":"Pencadangan/Indikasi Kawasan Konservasi","fillColor":"#f60ada","fillOpacity":0.55},"geometry":{"type":"Polygon","coordinates":[[[113.1544,-7.2065],[113.154,-7.2063],[113.1538,-7.2061],[113.1533,-7.2056],[113.1532,-7.2055],[113.152,-7.2057],[113.152,-7.2058],[113.152,-7.2059],[113.152,-7.2061],[113.1519,-7.2062],[113.1518,-7.2064],[113.1517,-7.2068],[113.1516,-7.207],[113.1516,-7.2072],[113.1514,-7.2074],[113.1514,-7.2076],[113.1512,-7.2077],[113.1511,-7.2078],[113.151,-7.2079],[113.1509,-7.2078],[113.1508,-7.2078],[113.1506,-7.2076],[113.1505,-7.2078],[113.1506,-7.2078],[113.1506,-7.2079],[113.1506,-7.208],[113.1505,-7.208],[113.1504,-7.2082],[113.1503,-7.2082],[113.1501,-7.2084],[113.15,-7.2085],[113.1498,-7.2087],[113.1495,-7.2089],[113.1494,-7.2089],[113.1495,-7.2093],[113.1502,-7.213],[113.1542,-7.21],[113.1602,-7.2121],[113.1642,-7.2246],[113.1672,-7.224],[113.1677,-7.2238],[113.1675,-7.2236],[113.1674,-7.2234],[113.1674,-7.2233],[113.1673,-7.2232],[113.1673,-7.223],[113.1672,-7.2228],[113.1671,-7.2226],[113.167,-7.2223],[113.1665,-7.2214],[113.1663,-7.2207],[113.1664,-7.2204],[113.1665,-7.2203],[113.1666,-7.2203],[113.1667,-7.2203],[113.1667,-7.2202],[113.1668,-7.2201],[113.1669,-7.2201],[113.167,-7.22],[113.1672,-7.2196],[113.1671,-7.2195],[113.167,-7.2192],[113.1668,-7.2191],[113.1666,-7.219],[113.1658,-7.2184],[113.1658,-7.2183],[113.1656,-7.218],[113.1655,-7.2178],[113.1655,-7.2177],[113.1655,-7.2176],[113.1654,-7.2173],[113.1654,-7.217],[113.1653,-7.2164],[113.1653,-7.2161],[113.1653,-7.216],[113.1653,-7.2157],[113.1654,-7.2153],[113.1655,-7.215],[113.1662,-7.2147],[113.1666,-7.2145],[113.167,-7.2144],[113.1671,-7.2144],[113.1671,-7.2143],[113.1673,-7.2143],[113.1673,-7.2142],[113.1673,-7.2141],[113.1672,-7.2141],[113.167,-7.2141],[113.1667,-7.2141],[113.1666,-7.2141],[113.1665,-7.2141],[113.1663,-7.2141],[113.1661,-7.2141],[113.1656,-7.2142],[113.1651,-7.2137],[113.1648,-7.2131],[113.164,-7.2118],[113.1636,-7.2111],[113.1635,-7.2109],[113.1629,-7.2096],[113.1627,-7.2093],[113.1624,-7.2091],[113.1622,-7.2089],[113.1603,-7.2076],[113.1597,-7.2072],[113.1592,-7.2069],[113.1591,-7.2069],[113.1589,-7.2069],[113.1587,-7.2068],[113.1583,-7.2067],[113.1582,-7.2067],[113.1581,-7.2067],[113.1573,-7.2065],[113.1567,-7.2064],[113.1562,-7.2063],[113.1556,-7.2064],[113.1555,-7.2065],[113.1552,-7.2066],[113.1545,-7.2066],[113.1544,-7.2065]]]}},{"type":"Feature","properties":{"name":"Pencadangan/Indikasi Kawasan Konservasi","fillColor":"#f60ada","fillOpacity":0.55},"geometry":{"type":"Polygon","coordinates":[[[113.1944,-6.8858],[113.128,-6.8857],[113.1283,-6.892],[113.1286,-6.892],[113.129,-6.8918],[113.1291,-6.8916],[113.1292,-6.8916],[113.1293,-6.8916],[113.1296,-6.8918],[113.1297,-6.8918],[113.1298,-6.8919],[113.1299,-6.8919],[113.1302,-6.892],[113.1303,-6.892],[113.1305,-6.892],[113.1307,-6.892],[113.131,-6.8922],[113.1311,-6.8922],[113.1312,-6.8922],[113.1313,-6.8923],[113.1314,-6.8924],[113.1315,-6.8925],[113.132,-6.8927],[113.1322,-6.8928],[113.1324,-6.8927],[113.1325,-6.8928],[113.1327,-6.8928],[113.1331,-6.8929],[113.1333,-6.8929],[113.1336,-6.8929],[113.1337,-6.893],[113.1341,-6.8931],[113.1342,-6.8932],[113.1346,-6.8935],[113.1348,-6.8935],[113.1351,-6.8936],[113.1352,-6.8936],[113.1353,-6.8937],[113.1355,-6.8937],[113.1356,-6.8939],[113.1357,-6.8941],[113.1358,-6.8942],[113.1358,-6.8943],[113.1361,-6.8945],[113.1362,-6.8944],[113.1364,-6.8943],[113.1398,-6.8927],[113.1401,-6.8931],[113.1402,-6.893],[113.1404,-6.8929],[113.1406,-6.8928],[113.1407,-6.8927],[113.1409,-6.8926],[113.141,-6.8925],[113.1412,-6.8924],[113.1413,-6.8924],[113.1415,-6.8923],[113.1416,-6.8922],[113.1421,-6.8922],[113.1423,-6.8922],[113.1425,-6.8922],[113.1427,-6.8921],[113.143,-6.8921],[113.1432,-6.8921],[113.1435,-6.8922],[113.1437,-6.8922],[113.144,-6.8922],[113.1442,-6.8922],[113.1443,-6.8922],[113.1444,-6.8922],[113.1446,-6.8922],[113.1447,-6.8921],[113.1448,-6.8921],[113.1449,-6.8919],[113.1452,-6.8919],[113.1453,-6.8918],[113.1456,-6.8917],[113.1458,-6.8917],[113.1459,-6.8917],[113.1461,-6.8917],[113.1463,-6.8917],[113.1466,-6.8915],[113.1466,-6.8914],[113.1468,-6.8913],[113.1469,-6.8912],[113.1471,-6.8914],[113.1472,-6.8914],[113.1474,-6.8916],[113.1475,-6.8918],[113.1483,-6.8918],[113.1487,-6.8917],[113.149,-6.8914],[113.1492,-6.8912],[113.1494,-6.8911],[113.15,-6.8914],[113.1501,-6.8915],[113.1501,-6.8916],[113.1502,-6.8918],[113.1503,-6.8919],[113.1503,-6.892],[113.1506,-6.8923],[113.1508,-6.8924],[113.151,-6.8925],[113.1512,-6.8925],[113.1514,-6.8926],[113.1521,-6.8926],[113.1523,-6.8927],[113.1525,-6.8927],[113.1526,-6.8928],[113.1527,-6.8929],[113.1528,-6.8929],[113.1528,-6.8928],[113.1529,-6.8925],[113.153,-6.8926],[113.1531,-6.8926],[113.1532,-6.8926],[113.1533,-6.8928],[113.1534,-6.8928],[113.1535,-6.8928],[113.1537,-6.8929],[113.1541,-6.8931],[113.1542,-6.8932],[113.1544,-6.8933],[113.1546,-6.8935],[113.1553,-6.8938],[113.1555,-6.8939],[113.1558,-6.8941],[113.1566,-6.8943],[113.1568,-6.8943],[113.157,-6.8943],[113.1572,-6.8943],[113.1576,-6.8944],[113.1578,-6.8944],[113.1579,-6.8944],[113.1582,-6.8944],[113.1586,-6.8943],[113.1588,-6.8943],[113.1589,-6.8943],[113.159,-6.8944],[113.1594,-6.8944],[113.1596,-6.8944],[113.1596,-6.8943],[113.1596,-6.8942],[113.1604,-6.8941],[113.161,-6.894],[113.1615,-6.8939],[113.1619,-6.8938],[113.1622,-6.8937],[113.163,-6.8935],[113.1642,-6.8929],[113.1646,-6.8926],[113.1646,-6.8925],[113.1647,-6.8924],[113.1648,-6.8923],[113.1652,-6.8922],[113.1657,-6.892],[113.1658,-6.8919],[113.166,-6.8916],[113.1661,-6.8914],[113.1665,-6.8909],[113.1665,-6.8908],[113.1666,-6.8906],[113.1668,-6.8904],[113.167,-6.8904],[113.1671,-6.8903],[113.1675,-6.8902],[113.1687,-6.8904],[113.1688,-6.8904],[113.1689,-6.8904],[113.1689,-6.8905],[113.169,-6.8907],[113.1692,-6.8907],[113.1693,-6.8908],[113.1694,-6.8907],[113.1696,-6.8908],[113.1697,-6.8908],[113.1697,-6.8909],[113.1699,-6.891],[113.17,-6.891],[113.1701,-6.8909],[113.1703,-6.8909],[113.1706,-6.891],[113.1707,-6.891],[113.1708,-6.8911],[113.1709,-6.8911],[113.1712,-6.8911],[113.1713,-6.891],[113.1715,-6.891],[113.1715,-6.8911],[113.1715,-6.8914],[113.1717,-6.8915],[113.1719,-6.8915],[113.1721,-6.8916],[113.1726,-6.8917],[113.1729,-6.8918],[113.173,-6.8918],[113.1732,-6.8921],[113.1736,-6.8924],[113.1738,-6.8924],[113.1738,-6.8925],[113.1739,-6.8927],[113.174,-6.8927],[113.1741,-6.8927],[113.1743,-6.8927],[113.1752,-6.8927],[113.1753,-6.8927],[113.1755,-6.8928],[113.1756,-6.8928],[113.1759,-6.8927],[113.1761,-6.8925],[113.1762,-6.8925],[113.1762,-6.8926],[113.1765,-6.8929],[113.1766,-6.8929],[113.177,-6.893],[113.1774,-6.893],[113.1777,-6.893],[113.1778,-6.8929],[113.1779,-6.8929],[113.178,-6.8929],[113.1781,-6.8931],[113.1781,-6.8932],[113.1782,-6.8933],[113.1783,-6.8933],[113.1785,-6.8936],[113.1786,-6.8936],[113.1786,-6.8937],[113.1791,-6.8939],[113.1792,-6.894],[113.1794,-6.894],[113.1795,-6.894],[113.1801,-6.8938],[113.1803,-6.8936],[113.1803,-6.8935],[113.1804,-6.8935],[113.1808,-6.8934],[113.1809,-6.8934],[113.1811,-6.8934],[113.1812,-6.8934],[113.1815,-6.8936],[113.1816,-6.8936],[113.1818,-6.8938],[113.182,-6.8939],[113.1822,-6.8937],[113.1823,-6.8937],[113.1825,-6.8937],[113.1826,-6.8937],[113.1828,-6.8938],[113.1829,-6.8939],[113.1831,-6.8939],[113.1833,-6.8939],[113.1834,-6.8939],[113.1835,-6.8939],[113.1836,-6.8939],[113.1838,-6.894],[113.1839,-6.894],[113.1841,-6.894],[113.1842,-6.894],[113.1846,-6.894],[113.1845,-6.8939],[113.1845,-6.8936],[113.1841,-6.8935],[113.1833,-6.8935],[113.1833,-6.8931],[113.1826,-6.8896],[113.1895,-6.8889],[113.1899,-6.8931],[113.19,-6.893],[113.19,-6.8929],[113.1901,-6.893],[113.1901,-6.8932],[113.1901,-6.8933],[113.1901,-6.8934],[113.1902,-6.8935],[113.1905,-6.8935],[113.1906,-6.8935],[113.1908,-6.8934],[113.191,-6.8933],[113.1911,-6.8933],[113.1912,-6.8934],[113.1914,-6.8936],[113.1916,-6.8937],[113.1917,-6.8937],[113.1918,-6.8938],[113.1919,-6.8938],[113.1921,-6.8939],[113.1921,-6.894],[113.1923,-6.8943],[113.1924,-6.8945],[113.1927,-6.8951],[113.1928,-6.8952],[113.193,-6.8953],[113.1931,-6.8954],[113.1934,-6.8956],[113.1936,-6.8957],[113.1937,-6.8957],[113.1939,-6.8958],[113.1944,-6.896],[113.1945,-6.896],[113.1944,-6.8858]]]}},{"type":"Feature","properties":{"name":"Pencadangan/Indikasi Kawasan Konservasi","fillColor":"#f60ada","fillOpacity":0.55},"geometry":{"type":"Polygon","coordinates":[[[113.2796,-6.8844],[113.2078,-6.8861],[113.2078,-6.8954],[113.2079,-6.8954],[113.2083,-6.8954],[113.2088,-6.8955],[113.2089,-6.8955],[113.2093,-6.8955],[113.2096,-6.8953],[113.2097,-6.8952],[113.2099,-6.895],[113.2104,-6.8949],[113.2105,-6.8949],[113.2108,-6.8947],[113.2113,-6.8947],[113.2116,-6.8946],[113.2121,-6.8945],[113.2126,-6.8943],[113.2127,-6.8942],[113.2131,-6.894],[113.2134,-6.894],[113.2136,-6.894],[113.2139,-6.8939],[113.2142,-6.8938],[113.2143,-6.8938],[113.2146,-6.8937],[113.2149,-6.8937],[113.2151,-6.8937],[113.2153,-6.8936],[113.2156,-6.8936],[113.2157,-6.8936],[113.216,-6.8935],[113.2163,-6.8934],[113.2164,-6.8934],[113.2167,-6.8934],[113.217,-6.8935],[113.2171,-6.8935],[113.2173,-6.8936],[113.2175,-6.8936],[113.2176,-6.8936],[113.2179,-6.8935],[113.2182,-6.8935],[113.2183,-6.8934],[113.2186,-6.8932],[113.2187,-6.8931],[113.2188,-6.893],[113.2191,-6.893],[113.2195,-6.893],[113.2197,-6.893],[113.2199,-6.893],[113.2202,-6.893],[113.2203,-6.8929],[113.2205,-6.8928],[113.2207,-6.8928],[113.2208,-6.8928],[113.2211,-6.8928],[113.2213,-6.8929],[113.2214,-6.8929],[113.2216,-6.8929],[113.2219,-6.893],[113.222,-6.893],[113.2222,-6.8928],[113.2225,-6.8927],[113.2226,-6.8928],[113.2227,-6.8929],[113.2229,-6.893],[113.2231,-6.893],[113.2233,-6.893],[113.2234,-6.8928],[113.2235,-6.8926],[113.2237,-6.8925],[113.2239,-6.8925],[113.224,-6.8926],[113.2242,-6.8926],[113.2244,-6.8925],[113.2245,-6.8925],[113.2247,-6.8924],[113.225,-6.8923],[113.2251,-6.8922],[113.2253,-6.8919],[113.2255,-6.8918],[113.2256,-6.8917],[113.2258,-6.8918],[113.226,-6.8918],[113.2261,-6.8918],[113.2263,-6.8917],[113.2264,-6.8915],[113.2265,-6.8912],[113.2267,-6.891],[113.227,-6.8909],[113.2271,-6.8909],[113.2275,-6.891],[113.2279,-6.891],[113.228,-6.891],[113.2281,-6.8912],[113.2282,-6.8915],[113.2283,-6.8915],[113.2286,-6.8914],[113.2288,-6.8916],[113.2287,-6.8916],[113.2289,-6.8919],[113.229,-6.8919],[113.2293,-6.8918],[113.2295,-6.8917],[113.2297,-6.8918],[113.2299,-6.8919],[113.2303,-6.8924],[113.2305,-6.8925],[113.2309,-6.8926],[113.2313,-6.8926],[113.2315,-6.8926],[113.2316,-6.8924],[113.2315,-6.8921],[113.2315,-6.8919],[113.2317,-6.8917],[113.2324,-6.8916],[113.2328,-6.8914],[113.2332,-6.8912],[113.2335,-6.891],[113.2337,-6.891],[113.2339,-6.891],[113.2341,-6.8909],[113.2341,-6.8908],[113.2343,-6.8907],[113.2346,-6.8909],[113.2347,-6.8909],[113.2349,-6.8909],[113.235,-6.891],[113.2351,-6.8911],[113.2354,-6.8911],[113.2356,-6.8912],[113.2357,-6.8912],[113.236,-6.8912],[113.2362,-6.8912],[113.2363,-6.8911],[113.2365,-6.8911],[113.2367,-6.8912],[113.2368,-6.8912],[113.237,-6.8913],[113.2373,-6.8914],[113.2374,-6.8915],[113.2376,-6.8916],[113.238,-6.8918],[113.2381,-6.8918],[113.2384,-6.892],[113.2386,-6.8921],[113.2388,-6.8921],[113.239,-6.8922],[113.2392,-6.8923],[113.2393,-6.8923],[113.2395,-6.8923],[113.2397,-6.8924],[113.2398,-6.8925],[113.24,-6.8926],[113.2402,-6.8924],[113.2403,-6.8924],[113.2404,-6.8925],[113.2405,-6.8926],[113.2406,-6.8926],[113.2407,-6.8926],[113.2409,-6.8926],[113.241,-6.8926],[113.2412,-6.8925],[113.2414,-6.8926],[113.2414,-6.8927],[113.2415,-6.8928],[113.2417,-6.8929],[113.2418,-6.8929],[113.242,-6.8927],[113.2422,-6.8927],[113.2423,-6.8927],[113.2425,-6.8927],[113.2427,-6.8927],[113.2428,-6.8927],[113.2431,-6.8927],[113.2432,-6.8928],[113.2433,-6.8928],[113.2436,-6.8928],[113.2439,-6.8928],[113.244,-6.8928],[113.2442,-6.8928],[113.2445,-6.8928],[113.2447,-6.8928],[113.245,-6.8928],[113.2454,-6.8928],[113.2455,-6.8927],[113.2458,-6.8926],[113.246,-6.8925],[113.246,-6.8924],[113.2462,-6.8922],[113.2464,-6.8921],[113.2465,-6.8921],[113.247,-6.892],[113.2478,-6.892],[113.248,-6.892],[113.2483,-6.892],[113.2493,-6.8917],[113.2496,-6.8917],[113.2499,-6.8916],[113.25,-6.8911],[113.2501,-6.891],[113.2503,-6.8911],[113.2505,-6.8912],[113.2508,-6.8912],[113.2511,-6.8911],[113.2516,-6.8911],[113.252,-6.891],[113.2523,-6.8911],[113.2525,-6.8911],[113.2529,-6.8911],[113.2533,-6.8911],[113.2535,-6.8911],[113.2541,-6.8909],[113.2546,-6.8908],[113.2548,-6.8907],[113.2552,-6.8907],[113.2558,-6.8906],[113.256,-6.8905],[113.2563,-6.8905],[113.2565,-6.8903],[113.2567,-6.8902],[113.2576,-6.8899],[113.258,-6.8898],[113.2582,-6.8898],[113.2586,-6.8899],[113.259,-6.8899],[113.259,-6.8901],[113.2592,-6.8902],[113.2597,-6.8901],[113.2603,-6.8901],[113.2613,-6.8902],[113.2617,-6.8904],[113.2618,-6.8904],[113.2619,-6.8902],[113.2622,-6.8901],[113.2623,-6.8902],[113.2626,-6.8901],[113.2629,-6.8901],[113.2631,-6.8901],[113.2634,-6.8902],[113.2638,-6.8903],[113.2639,-6.8904],[113.2642,-6.8904],[113.2645,-6.8903],[113.2645,-6.8904],[113.2647,-6.8904],[113.2649,-6.8905],[113.265,-6.8906],[113.2656,-6.8905],[113.2658,-6.8906],[113.266,-6.8908],[113.2665,-6.8909],[113.2673,-6.8909],[113.2675,-6.8908],[113.2676,-6.8904],[113.2678,-6.8904],[113.2678,-6.8905],[113.268,-6.8906],[113.2684,-6.8906],[113.2685,-6.8906],[113.2687,-6.8907],[113.2689,-6.8908],[113.269,-6.8907],[113.2692,-6.8907],[113.2694,-6.8907],[113.2695,-6.8908],[113.2697,-6.8907],[113.2699,-6.8908],[113.27,-6.8908],[113.2703,-6.8908],[113.2706,-6.8908],[113.2707,-6.8907],[113.2709,-6.8907],[113.2711,-6.8908],[113.2712,-6.8909],[113.2715,-6.891],[113.2717,-6.891],[113.2719,-6.891],[113.2722,-6.8909],[113.2725,-6.8909],[113.2727,-6.8909],[113.2731,-6.8908],[113.2734,-6.8909],[113.2736,-6.8909],[113.2739,-6.8909],[113.2742,-6.8908],[113.2744,-6.8908],[113.2745,-6.8907],[113.2747,-6.8905],[113.2748,-6.8905],[113.275,-6.8905],[113.2754,-6.8905],[113.2756,-6.8905],[113.2759,-6.8905],[113.2761,-6.8906],[113.2763,-6.8906],[113.2765,-6.8906],[113.2768,-6.8903],[113.2776,-6.8874],[113.2796,-6.8844]]]}},{"type":"Feature","properties":{"name":"Pencadangan/Indikasi Kawasan Konservasi","fillColor":"#f60ada","fillOpacity":0.55},"geometry":{"type":"Polygon","coordinates":[[[113.4466,-6.8827],[113.4316,-6.8827],[113.3854,-6.8827],[113.3611,-6.8828],[113.3616,-6.8888],[113.3619,-6.8886],[113.3622,-6.8886],[113.3624,-6.8886],[113.3627,-6.8886],[113.3628,-6.8886],[113.363,-6.8884],[113.3631,-6.8884],[113.3635,-6.8887],[113.3635,-6.8888],[113.3636,-6.889],[113.3637,-6.8891],[113.3638,-6.8891],[113.3639,-6.8889],[113.3639,-6.8888],[113.3641,-6.8888],[113.3642,-6.8888],[113.3643,-6.8886],[113.3645,-6.8885],[113.3648,-6.8885],[113.3649,-6.8885],[113.3651,-6.8885],[113.3652,-6.8885],[113.3656,-6.8885],[113.3657,-6.8885],[113.3665,-6.8885],[113.3686,-6.8884],[113.3688,-6.8884],[113.3691,-6.8884],[113.3692,-6.8884],[113.3696,-6.8883],[113.3698,-6.8883],[113.3702,-6.8885],[113.3703,-6.8886],[113.3706,-6.8884],[113.3708,-6.8883],[113.3716,-6.8884],[113.3717,-6.8884],[113.3721,-6.8883],[113.3722,-6.8883],[113.3726,-6.8884],[113.3731,-6.8884],[113.3733,-6.8884],[113.3738,-6.8884],[113.3739,-6.8884],[113.3743,-6.8884],[113.3744,-6.8884],[113.3748,-6.8884],[113.3749,-6.8883],[113.3753,-6.8882],[113.3755,-6.8882],[113.3757,-6.8883],[113.3758,-6.8883],[113.376,-6.8884],[113.3761,-6.8884],[113.3764,-6.8885],[113.3767,-6.8886],[113.3768,-6.8887],[113.3769,-6.8888],[113.377,-6.8889],[113.3771,-6.8891],[113.3771,-6.8892],[113.3773,-6.8895],[113.3776,-6.8896],[113.3791,-6.8899],[113.3793,-6.8899],[113.3798,-6.8897],[113.38,-6.8894],[113.3802,-6.8889],[113.3803,-6.8888],[113.3804,-6.8886],[113.3807,-6.8883],[113.3808,-6.8883],[113.381,-6.8882],[113.3813,-6.8881],[113.3817,-6.888],[113.3819,-6.888],[113.3824,-6.8879],[113.3826,-6.8878],[113.3831,-6.8877],[113.3833,-6.8876],[113.3837,-6.8875],[113.3838,-6.8874],[113.3842,-6.8873],[113.3845,-6.8872],[113.3848,-6.8872],[113.3851,-6.8871],[113.3854,-6.8871],[113.386,-6.8869],[113.3862,-6.8869],[113.3865,-6.887],[113.3867,-6.887],[113.387,-6.887],[113.3872,-6.887],[113.3876,-6.8871],[113.388,-6.8872],[113.3882,-6.8872],[113.3884,-6.8873],[113.389,-6.8874],[113.3896,-6.8875],[113.3898,-6.8876],[113.3901,-6.8878],[113.3903,-6.8879],[113.3907,-6.888],[113.3908,-6.8881],[113.3911,-6.8882],[113.3913,-6.8883],[113.3917,-6.8884],[113.3919,-6.8884],[113.3924,-6.8885],[113.3925,-6.8885],[113.393,-6.8886],[113.3933,-6.8886],[113.3945,-6.8887],[113.3949,-6.8887],[113.3961,-6.8886],[113.3976,-6.8882],[113.3982,-6.8881],[113.3986,-6.888],[113.3988,-6.8879],[113.3993,-6.8877],[113.3996,-6.8877],[113.4001,-6.8878],[113.4003,-6.8878],[113.4009,-6.8876],[113.4011,-6.8876],[113.4014,-6.8877],[113.4016,-6.8877],[113.4019,-6.8878],[113.4025,-6.8876],[113.4031,-6.8877],[113.4037,-6.8877],[113.4041,-6.8877],[113.4044,-6.8877],[113.4046,-6.8877],[113.4049,-6.8876],[113.405,-6.8876],[113.4054,-6.8875],[113.4056,-6.8875],[113.4059,-6.8874],[113.406,-6.8874],[113.4063,-6.8872],[113.4065,-6.887],[113.4068,-6.8869],[113.4069,-6.8868],[113.4076,-6.8872],[113.4077,-6.8876],[113.4078,-6.8877],[113.408,-6.8879],[113.4082,-6.888],[113.4084,-6.888],[113.4085,-6.8881],[113.4087,-6.8881],[113.4089,-6.8882],[113.4092,-6.8881],[113.4094,-6.8881],[113.4097,-6.8879],[113.4098,-6.8879],[113.4101,-6.8879],[113.4102,-6.888],[113.4104,-6.8881],[113.4106,-6.8881],[113.4109,-6.8882],[113.4112,-6.8882],[113.4113,-6.8883],[113.4117,-6.8883],[113.4118,-6.8883],[113.4121,-6.8883],[113.4122,-6.8883],[113.4125,-6.8884],[113.4127,-6.8885],[113.413,-6.8886],[113.4132,-6.8886],[113.4134,-6.8886],[113.4135,-6.8885],[113.4137,-6.8882],[113.414,-6.888],[113.4141,-6.8879],[113.4143,-6.8878],[113.4144,-6.8878],[113.4147,-6.8879],[113.4148,-6.8879],[113.415,-6.8878],[113.4151,-6.8877],[113.4153,-6.8875],[113.4154,-6.8875],[113.4157,-6.8876],[113.4159,-6.8877],[113.4163,-6.8877],[113.4164,-6.8877],[113.4168,-6.8875],[113.4168,-6.8872],[113.4168,-6.8871],[113.4167,-6.8868],[113.4168,-6.8868],[113.4172,-6.8868],[113.4176,-6.887],[113.4178,-6.8871],[113.4179,-6.887],[113.418,-6.8869],[113.4181,-6.8869],[113.4187,-6.8869],[113.4191,-6.887],[113.4195,-6.887],[113.4196,-6.887],[113.4199,-6.8871],[113.4201,-6.8873],[113.4203,-6.8873],[113.4205,-6.8874],[113.4206,-6.8873],[113.4208,-6.8873],[113.4209,-6.8873],[113.4214,-6.8874],[113.4216,-6.8874],[113.422,-6.8874],[113.4221,-6.8874],[113.4225,-6.8875],[113.4226,-6.8874],[113.423,-6.8874],[113.4231,-6.8875],[113.4235,-6.8876],[113.4242,-6.8878],[113.4245,-6.8877],[113.425,-6.8879],[113.4251,-6.8879],[113.4253,-6.888],[113.4255,-6.8881],[113.4259,-6.8881],[113.4261,-6.8881],[113.4269,-6.8881],[113.4271,-6.8881],[113.4275,-6.8881],[113.4276,-6.8882],[113.428,-6.8882],[113.4282,-6.8883],[113.4286,-6.8883],[113.4291,-6.8884],[113.4293,-6.8884],[113.4296,-6.8884],[113.4297,-6.8883],[113.43,-6.8884],[113.4302,-6.8884],[113.4303,-6.8885],[113.4303,-6.8886],[113.4305,-6.8889],[113.4306,-6.8888],[113.4308,-6.8887],[113.4309,-6.8886],[113.4309,-6.8884],[113.4311,-6.8883],[113.4312,-6.8881],[113.4317,-6.8879],[113.4321,-6.8879],[113.4325,-6.888],[113.4326,-6.888],[113.4328,-6.888],[113.4329,-6.888],[113.4331,-6.8879],[113.4333,-6.8879],[113.4336,-6.8879],[113.4338,-6.888],[113.4341,-6.888],[113.4342,-6.8879],[113.4345,-6.8879],[113.4346,-6.8878],[113.4348,-6.8879],[113.4351,-6.8879],[113.4352,-6.8879],[113.4356,-6.8879],[113.4357,-6.8879],[113.4358,-6.8877],[113.4359,-6.8877],[113.4362,-6.8877],[113.4365,-6.8877],[113.4368,-6.8877],[113.437,-6.8878],[113.4372,-6.8878],[113.4373,-6.8878],[113.4375,-6.8877],[113.4376,-6.8877],[113.4378,-6.8878],[113.438,-6.8877],[113.4382,-6.8877],[113.4386,-6.8877],[113.4387,-6.8877],[113.44,-6.8878],[113.4416,-6.8881],[113.4421,-6.8882],[113.4422,-6.8882],[113.4431,-6.8886],[113.4433,-6.8887],[113.4441,-6.8889],[113.4442,-6.8889],[113.4455,-6.8891],[113.4457,-6.8891],[113.4466,-6.8827]]]}},{"type":"Feature","properties":{"name":"Pencadangan/Indikasi Kawasan Konservasi","fillColor":"#f60ada","fillOpacity":0.55},"geometry":{"type":"Polygon","coordinates":[[[113.6771,-7.7298],[113.6753,-7.7265],[113.6657,-7.7326],[113.6646,-7.7332],[113.6559,-7.7292],[113.6543,-7.7315],[113.6544,-7.7315],[113.6545,-7.7316],[113.6546,-7.7317],[113.6547,-7.7318],[113.6548,-7.7318],[113.6549,-7.7319],[113.655,-7.7319],[113.6551,-7.732],[113.6552,-7.732],[113.6553,-7.732],[113.6554,-7.732],[113.6555,-7.7321],[113.6556,-7.7322],[113.6557,-7.7322],[113.6557,-7.7323],[113.6558,-7.7323],[113.6559,-7.7324],[113.6559,-7.7325],[113.656,-7.7325],[113.6561,-7.7326],[113.6563,-7.7328],[113.6564,-7.7328],[113.6565,-7.7329],[113.6566,-7.7329],[113.6567,-7.7329],[113.6568,-7.733],[113.6569,-7.733],[113.6569,-7.7331],[113.657,-7.7331],[113.6571,-7.7332],[113.6571,-7.7334],[113.6572,-7.7334],[113.6573,-7.7334],[113.6573,-7.7335],[113.6574,-7.7335],[113.6575,-7.7335],[113.6576,-7.7336],[113.6577,-7.7336],[113.6578,-7.7336],[113.6578,-7.7337],[113.6579,-7.7337],[113.658,-7.7337],[113.6581,-7.7337],[113.6581,-7.7338],[113.6582,-7.7338],[113.6583,-7.7338],[113.6584,-7.7338],[113.6585,-7.7339],[113.6586,-7.7339],[113.6587,-7.734],[113.6588,-7.734],[113.6589,-7.734],[113.659,-7.734],[113.6591,-7.734],[113.6592,-7.7341],[113.6593,-7.7341],[113.6594,-7.7342],[113.6595,-7.7342],[113.6595,-7.7343],[113.6596,-7.7343],[113.6597,-7.7343],[113.6598,-7.7343],[113.6599,-7.7344],[113.66,-7.7344],[113.66,-7.7345],[113.6601,-7.7345],[113.6603,-7.7345],[113.6603,-7.7346],[113.6604,-7.7346],[113.6605,-7.7346],[113.6606,-7.7347],[113.6607,-7.7347],[113.6608,-7.7347],[113.6608,-7.7348],[113.6609,-7.7348],[113.661,-7.7348],[113.6611,-7.7349],[113.6612,-7.7349],[113.6613,-7.7349],[113.6614,-7.735],[113.6615,-7.735],[113.6616,-7.735],[113.6617,-7.735],[113.6618,-7.7351],[113.6619,-7.7351],[113.6621,-7.7351],[113.6621,-7.735],[113.6622,-7.7351],[113.6623,-7.7351],[113.6624,-7.7351],[113.6625,-7.7351],[113.6626,-7.7351],[113.6627,-7.7351],[113.6628,-7.7351],[113.6629,-7.7351],[113.663,-7.7351],[113.6631,-7.7351],[113.6632,-7.7351],[113.6632,-7.7352],[113.6633,-7.7352],[113.6634,-7.7352],[113.6635,-7.7353],[113.6636,-7.7353],[113.6637,-7.7354],[113.6638,-7.7354],[113.6639,-7.7354],[113.6639,-7.7355],[113.664,-7.7355],[113.6641,-7.7355],[113.6641,-7.7356],[113.6642,-7.7356],[113.6643,-7.7356],[113.6644,-7.7357],[113.6645,-7.7357],[113.6646,-7.7357],[113.6646,-7.7358],[113.6647,-7.7358],[113.6648,-7.7358],[113.6649,-7.7359],[113.665,-7.7359],[113.6651,-7.736],[113.6652,-7.736],[113.6653,-7.736],[113.6653,-7.7361],[113.6654,-7.7361],[113.6655,-7.7361],[113.6656,-7.7362],[113.6657,-7.7362],[113.6658,-7.7363],[113.6659,-7.7364],[113.666,-7.7365],[113.6661,-7.7366],[113.6661,-7.7367],[113.6661,-7.7368],[113.6662,-7.7368],[113.6663,-7.7369],[113.6664,-7.7369],[113.6665,-7.7369],[113.6666,-7.7369],[113.6667,-7.7369],[113.6668,-7.7369],[113.6669,-7.7369],[113.667,-7.7369],[113.6671,-7.7368],[113.6672,-7.7368],[113.6673,-7.7368],[113.6674,-7.7367],[113.6675,-7.7367],[113.6676,-7.7367],[113.6677,-7.7366],[113.6678,-7.7366],[113.6679,-7.7365],[113.668,-7.7365],[113.6681,-7.7364],[113.6682,-7.7364],[113.6683,-7.7363],[113.6684,-7.7362],[113.6685,-7.7361],[113.6686,-7.7361],[113.6687,-7.736],[113.6688,-7.736],[113.6689,-7.7359],[113.669,-7.7359],[113.669,-7.7358],[113.6691,-7.7358],[113.6691,-7.7357],[113.669,-7.7356],[113.6691,-7.7355],[113.6692,-7.7354],[113.6693,-7.7354],[113.6694,-7.7353],[113.6695,-7.7352],[113.6696,-7.7352],[113.6696,-7.7351],[113.6697,-7.735],[113.6698,-7.7349],[113.6699,-7.7349],[113.67,-7.7349],[113.67,-7.735],[113.67,-7.7351],[113.6701,-7.7351],[113.6701,-7.735],[113.6702,-7.735],[113.6703,-7.7349],[113.6704,-7.7349],[113.6705,-7.7349],[113.6706,-7.7348],[113.6707,-7.7347],[113.6708,-7.7347],[113.6709,-7.7346],[113.671,-7.7346],[113.6711,-7.7345],[113.6712,-7.7345],[113.6713,-7.7344],[113.6714,-7.7344],[113.6714,-7.7343],[113.6715,-7.7343],[113.6716,-7.7343],[113.6717,-7.7342],[113.6718,-7.7341],[113.6719,-7.7341],[113.672,-7.734],[113.6721,-7.734],[113.6722,-7.7339],[113.6723,-7.7338],[113.6723,-7.7337],[113.6723,-7.7336],[113.6722,-7.7335],[113.6722,-7.7334],[113.6721,-7.7333],[113.672,-7.7332],[113.672,-7.7331],[113.6721,-7.733],[113.672,-7.7329],[113.672,-7.7328],[113.672,-7.7327],[113.6719,-7.7326],[113.6718,-7.7325],[113.6719,-7.7324],[113.672,-7.7324],[113.6721,-7.7323],[113.6722,-7.7322],[113.6723,-7.7321],[113.6724,-7.7321],[113.6725,-7.732],[113.6726,-7.7319],[113.6727,-7.7319],[113.6728,-7.7319],[113.673,-7.7318],[113.6732,-7.7318],[113.6733,-7.7318],[113.6734,-7.7318],[113.6735,-7.7318],[113.6736,-7.7318],[113.6737,-7.7317],[113.6738,-7.7317],[113.6739,-7.7317],[113.6742,-7.7316],[113.6743,-7.7315],[113.6744,-7.7314],[113.6744,-7.7313],[113.6745,-7.7312],[113.6746,-7.7311],[113.6746,-7.731],[113.6747,-7.7309],[113.6748,-7.7308],[113.6749,-7.7307],[113.675,-7.7306],[113.675,-7.7305],[113.6751,-7.7304],[113.6752,-7.7303],[113.6753,-7.7303],[113.6754,-7.7302],[113.6755,-7.7301],[113.6756,-7.7301],[113.6757,-7.73],[113.6758,-7.73],[113.6759,-7.73],[113.676,-7.73],[113.6761,-7.73],[113.6762,-7.73],[113.6763,-7.7301],[113.6764,-7.7301],[113.6765,-7.7301],[113.6766,-7.7301],[113.6767,-7.7302],[113.6768,-7.7302],[113.6769,-7.7303],[113.677,-7.7303],[113.6771,-7.7304],[113.6772,-7.7304],[113.6773,-7.7304],[113.6774,-7.7305],[113.6775,-7.7305],[113.6771,-7.7298]]]}},{"type":"Feature","properties":{"name":"Pencadangan/Indikasi Kawasan Konservasi","fillColor":"#f60ada","fillOpacity":0.55},"geometry":{"type":"Polygon","coordinates":[[[113.6213,-7.7148],[113.6058,-7.7119],[113.5982,-7.7129],[113.5988,-7.7164],[113.5987,-7.7166],[113.5988,-7.7167],[113.599,-7.7168],[113.5992,-7.717],[113.5994,-7.7171],[113.5996,-7.7171],[113.5998,-7.7171],[113.6,-7.7171],[113.6002,-7.7172],[113.6004,-7.7173],[113.6006,-7.7173],[113.6007,-7.7174],[113.6008,-7.7175],[113.6009,-7.7176],[113.6011,-7.7177],[113.6013,-7.7177],[113.6015,-7.7178],[113.6016,-7.7179],[113.6017,-7.718],[113.6019,-7.718],[113.602,-7.7181],[113.6021,-7.7182],[113.6023,-7.7182],[113.6025,-7.7183],[113.6027,-7.7184],[113.6029,-7.7185],[113.6031,-7.7186],[113.6033,-7.7187],[113.6035,-7.7187],[113.6037,-7.7188],[113.604,-7.7189],[113.6043,-7.719],[113.6046,-7.7191],[113.6049,-7.7193],[113.6051,-7.7194],[113.6054,-7.7196],[113.6056,-7.7197],[113.6057,-7.7198],[113.6059,-7.7199],[113.6061,-7.72],[113.6065,-7.7202],[113.607,-7.7205],[113.6074,-7.7207],[113.6076,-7.7207],[113.6077,-7.7206],[113.6078,-7.7205],[113.608,-7.7205],[113.6081,-7.7206],[113.6082,-7.7207],[113.6083,-7.7206],[113.6085,-7.7206],[113.6086,-7.7207],[113.6086,-7.7209],[113.6088,-7.7209],[113.6089,-7.7208],[113.6089,-7.721],[113.6089,-7.7212],[113.609,-7.7213],[113.6092,-7.7215],[113.6092,-7.7217],[113.6093,-7.7218],[113.6093,-7.722],[113.6095,-7.7222],[113.6096,-7.7223],[113.6096,-7.7225],[113.6098,-7.7227],[113.61,-7.7227],[113.6101,-7.7228],[113.6102,-7.7227],[113.6103,-7.7225],[113.6103,-7.7227],[113.6104,-7.7229],[113.6106,-7.7229],[113.6108,-7.723],[113.6109,-7.7231],[113.6111,-7.7231],[113.611,-7.723],[113.6109,-7.7229],[113.6109,-7.7229],[113.6109,-7.7227],[113.611,-7.7228],[113.6111,-7.7229],[113.6112,-7.7228],[113.6113,-7.7227],[113.6114,-7.7228],[113.6115,-7.7227],[113.6117,-7.7227],[113.6118,-7.7228],[113.6119,-7.7227],[113.612,-7.7228],[113.6122,-7.7228],[113.6121,-7.7229],[113.6121,-7.7231],[113.6122,-7.723],[113.6122,-7.723],[113.6124,-7.723],[113.6126,-7.723],[113.6125,-7.7231],[113.6126,-7.723],[113.6127,-7.7231],[113.6128,-7.7232],[113.6128,-7.723],[113.6129,-7.7229],[113.6128,-7.7228],[113.6129,-7.7227],[113.613,-7.7228],[113.6131,-7.7229],[113.6132,-7.7228],[113.6134,-7.7227],[113.6134,-7.7227],[113.6136,-7.7227],[113.6135,-7.7226],[113.6135,-7.7224],[113.6136,-7.7225],[113.6136,-7.7223],[113.6137,-7.7222],[113.6137,-7.7222],[113.6139,-7.7222],[113.6139,-7.722],[113.614,-7.7219],[113.6141,-7.7218],[113.6142,-7.7219],[113.6143,-7.7218],[113.6143,-7.7218],[113.6143,-7.7218],[113.6145,-7.7218],[113.6146,-7.7217],[113.6145,-7.7216],[113.6147,-7.7216],[113.6148,-7.7215],[113.6148,-7.7217],[113.615,-7.7217],[113.6152,-7.7217],[113.6154,-7.7217],[113.6155,-7.7216],[113.6157,-7.7216],[113.6158,-7.7215],[113.616,-7.7215],[113.6161,-7.7214],[113.6163,-7.7214],[113.6165,-7.7213],[113.6166,-7.7212],[113.6167,-7.7213],[113.6167,-7.7213],[113.6169,-7.7213],[113.6171,-7.7213],[113.6173,-7.7213],[113.6174,-7.7212],[113.6175,-7.7211],[113.6176,-7.721],[113.6177,-7.7209],[113.6178,-7.7208],[113.6179,-7.7207],[113.618,-7.7206],[113.6181,-7.7205],[113.6182,-7.7204],[113.6184,-7.7204],[113.6185,-7.7203],[113.6187,-7.7202],[113.6188,-7.7201],[113.619,-7.7201],[113.6192,-7.72],[113.6193,-7.7201],[113.6194,-7.7201],[113.6196,-7.7201],[113.6197,-7.7202],[113.6198,-7.7203],[113.6199,-7.7204],[113.62,-7.7205],[113.6202,-7.7206],[113.6203,-7.7207],[113.6205,-7.7207],[113.6206,-7.7208],[113.6208,-7.7209],[113.621,-7.7209],[113.6212,-7.7209],[113.6214,-7.7209],[113.6215,-7.7208],[113.6217,-7.7208],[113.6218,-7.7209],[113.6219,-7.7208],[113.622,-7.7209],[113.6219,-7.721],[113.622,-7.7211],[113.6222,-7.7211],[113.6223,-7.7212],[113.6224,-7.7213],[113.6226,-7.7213],[113.6228,-7.7213],[113.6228,-7.7215],[113.623,-7.7215],[113.6231,-7.7216],[113.6233,-7.7216],[113.6232,-7.7215],[113.6233,-7.7214],[113.6235,-7.7214],[113.6236,-7.7213],[113.6237,-7.7212],[113.6239,-7.7212],[113.6241,-7.7212],[113.6242,-7.7213],[113.6243,-7.7215],[113.6245,-7.7215],[113.6246,-7.7216],[113.6248,-7.7218],[113.6249,-7.7219],[113.6251,-7.7219],[113.6253,-7.7219],[113.6255,-7.722],[113.6257,-7.722],[113.6259,-7.7221],[113.6262,-7.7221],[113.6264,-7.722],[113.6266,-7.7219],[113.6268,-7.7218],[113.6271,-7.7218],[113.6273,-7.7217],[113.6276,-7.7217],[113.6279,-7.7218],[113.6282,-7.7219],[113.6284,-7.7219],[113.6286,-7.7219],[113.6289,-7.7219],[113.6291,-7.7219],[113.6293,-7.722],[113.6296,-7.722],[113.6299,-7.722],[113.6303,-7.722],[113.6307,-7.7221],[113.631,-7.7221],[113.6312,-7.7221],[113.6314,-7.7221],[113.6316,-7.7221],[113.632,-7.722],[113.6325,-7.722],[113.6329,-7.722],[113.6333,-7.722],[113.6336,-7.722],[113.634,-7.7219],[113.6343,-7.7219],[113.6346,-7.7219],[113.6348,-7.7219],[113.6351,-7.7218],[113.6355,-7.7217],[113.6359,-7.7216],[113.6361,-7.7216],[113.6364,-7.7216],[113.6367,-7.7216],[113.637,-7.7217],[113.6372,-7.7218],[113.6375,-7.7219],[113.6378,-7.722],[113.6381,-7.7222],[113.6386,-7.7224],[113.6389,-7.7226],[113.6393,-7.7228],[113.6397,-7.7231],[113.64,-7.7233],[113.6402,-7.7234],[113.6404,-7.7236],[113.6407,-7.7238],[113.641,-7.7239],[113.6412,-7.7241],[113.6415,-7.7242],[113.6418,-7.7243],[113.642,-7.7244],[113.6421,-7.7245],[113.6423,-7.7245],[113.6425,-7.7246],[113.6427,-7.7247],[113.6429,-7.7248],[113.6431,-7.7249],[113.6433,-7.725],[113.6435,-7.725],[113.6438,-7.725],[113.644,-7.7249],[113.6443,-7.7248],[113.6447,-7.7246],[113.645,-7.7244],[113.6452,-7.7243],[113.6454,-7.7242],[113.6456,-7.7241],[113.6458,-7.724],[113.6461,-7.7239],[113.6465,-7.7237],[113.6468,-7.7235],[113.6471,-7.7235],[113.6474,-7.7235],[113.6476,-7.7235],[113.6478,-7.7235],[113.6481,-7.7236],[113.6483,-7.7237],[113.6486,-7.7238],[113.6489,-7.7239],[113.6493,-7.7241],[113.6213,-7.7148]]]}},{"type":"Feature","properties":{"name":"Pencadangan/Indikasi Kawasan Konservasi","fillColor":"#f60ada","fillOpacity":0.55},"geometry":{"type":"Polygon","coordinates":[[[113.7148,-7.7059],[113.7099,-7.7091],[113.71,-7.7091],[113.7101,-7.7091],[113.7102,-7.709],[113.7104,-7.7089],[113.7105,-7.7089],[113.7107,-7.7088],[113.7108,-7.7088],[113.7108,-7.7087],[113.7111,-7.7087],[113.7117,-7.7085],[113.7118,-7.7085],[113.7119,-7.7085],[113.712,-7.7086],[113.7119,-7.7087],[113.7118,-7.7087],[113.7116,-7.7088],[113.7116,-7.7089],[113.7116,-7.7091],[113.7116,-7.7093],[113.7116,-7.7094],[113.7116,-7.7096],[113.7116,-7.7097],[113.7116,-7.7098],[113.7116,-7.7101],[113.7115,-7.7102],[113.7115,-7.7103],[113.7115,-7.7104],[113.7115,-7.7106],[113.7115,-7.7108],[113.7116,-7.711],[113.7117,-7.711],[113.7119,-7.711],[113.712,-7.711],[113.7122,-7.711],[113.7123,-7.7109],[113.7123,-7.7107],[113.7124,-7.7106],[113.7124,-7.7105],[113.7124,-7.7102],[113.7124,-7.7101],[113.7124,-7.71],[113.7125,-7.7099],[113.7125,-7.7097],[113.7125,-7.7095],[113.7126,-7.7093],[113.7126,-7.7092],[113.7127,-7.7091],[113.7127,-7.709],[113.7128,-7.7087],[113.7128,-7.7086],[113.7129,-7.7085],[113.713,-7.7085],[113.7131,-7.7086],[113.7132,-7.7089],[113.7133,-7.709],[113.7133,-7.7091],[113.7133,-7.7092],[113.7134,-7.7094],[113.7136,-7.7097],[113.7136,-7.7098],[113.7137,-7.7099],[113.7137,-7.71],[113.7138,-7.71],[113.7139,-7.7102],[113.714,-7.7103],[113.714,-7.7104],[113.7141,-7.7105],[113.7141,-7.7106],[113.7142,-7.7108],[113.7143,-7.7108],[113.7143,-7.7109],[113.7144,-7.7109],[113.7144,-7.711],[113.7145,-7.7111],[113.7145,-7.7112],[113.7146,-7.7112],[113.7146,-7.7113],[113.7147,-7.7113],[113.7148,-7.7114],[113.7149,-7.7115],[113.7149,-7.7116],[113.715,-7.7116],[113.7151,-7.7117],[113.7153,-7.7118],[113.7153,-7.7119],[113.7154,-7.7119],[113.7154,-7.712],[113.7155,-7.7121],[113.7156,-7.7122],[113.7157,-7.7122],[113.7157,-7.7123],[113.7158,-7.7123],[113.7159,-7.7124],[113.7161,-7.7125],[113.7161,-7.7126],[113.7162,-7.7126],[113.7162,-7.7127],[113.7163,-7.7127],[113.7164,-7.7128],[113.7164,-7.7129],[113.7165,-7.7129],[113.7166,-7.7128],[113.7167,-7.7127],[113.7168,-7.7125],[113.7169,-7.7125],[113.717,-7.7124],[113.7171,-7.7123],[113.7172,-7.7123],[113.7174,-7.7124],[113.7176,-7.7124],[113.7177,-7.7125],[113.7178,-7.7125],[113.7179,-7.7126],[113.7182,-7.7126],[113.7184,-7.7126],[113.7185,-7.7127],[113.7186,-7.7127],[113.7186,-7.7128],[113.7187,-7.7129],[113.7188,-7.7129],[113.7188,-7.713],[113.7189,-7.713],[113.7189,-7.7131],[113.719,-7.7132],[113.7191,-7.7132],[113.7192,-7.7133],[113.7193,-7.7134],[113.7194,-7.7135],[113.7196,-7.7137],[113.7197,-7.7138],[113.7198,-7.7139],[113.7199,-7.714],[113.7199,-7.7141],[113.72,-7.7142],[113.7201,-7.7142],[113.7201,-7.7143],[113.7202,-7.7143],[113.7202,-7.7144],[113.7203,-7.7145],[113.7204,-7.7145],[113.7204,-7.7146],[113.7205,-7.7146],[113.7206,-7.7147],[113.7207,-7.7148],[113.7208,-7.7149],[113.7208,-7.715],[113.7209,-7.715],[113.721,-7.7151],[113.7212,-7.7153],[113.7213,-7.7153],[113.7213,-7.7154],[113.7214,-7.7155],[113.7215,-7.7155],[113.7216,-7.7157],[113.7216,-7.7158],[113.7217,-7.7158],[113.7215,-7.716],[113.7214,-7.7161],[113.7214,-7.7162],[113.7215,-7.7163],[113.7216,-7.7164],[113.7217,-7.7165],[113.7218,-7.7166],[113.7221,-7.7167],[113.7222,-7.7168],[113.7222,-7.7169],[113.7224,-7.717],[113.7225,-7.7171],[113.7227,-7.7172],[113.7228,-7.7173],[113.723,-7.7174],[113.7231,-7.7174],[113.7232,-7.7175],[113.7233,-7.7176],[113.7234,-7.7176],[113.7234,-7.7177],[113.7235,-7.7177],[113.7236,-7.7178],[113.7237,-7.7179],[113.7238,-7.7179],[113.7239,-7.718],[113.7239,-7.7181],[113.724,-7.7181],[113.7243,-7.7184],[113.7244,-7.7184],[113.7245,-7.7185],[113.7246,-7.7186],[113.7247,-7.7187],[113.7249,-7.7189],[113.7248,-7.7191],[113.7247,-7.7191],[113.7246,-7.7192],[113.7245,-7.7193],[113.7243,-7.7195],[113.7242,-7.7196],[113.7241,-7.7197],[113.724,-7.7198],[113.7239,-7.7199],[113.7237,-7.72],[113.7236,-7.7201],[113.7235,-7.7202],[113.7234,-7.7203],[113.7234,-7.7205],[113.7237,-7.7205],[113.7237,-7.7204],[113.7237,-7.7203],[113.7239,-7.7203],[113.724,-7.7204],[113.7241,-7.7207],[113.7242,-7.7207],[113.7243,-7.7209],[113.7243,-7.721],[113.7244,-7.7211],[113.7246,-7.7213],[113.7247,-7.7214],[113.7247,-7.7215],[113.7248,-7.7216],[113.7248,-7.7217],[113.7249,-7.7219],[113.725,-7.722],[113.7251,-7.7221],[113.7252,-7.7221],[113.7253,-7.7222],[113.7256,-7.7223],[113.7257,-7.7224],[113.7258,-7.7224],[113.7259,-7.7225],[113.7261,-7.7225],[113.7263,-7.7225],[113.7265,-7.7226],[113.7266,-7.7226],[113.7267,-7.7226],[113.7269,-7.7226],[113.7271,-7.7227],[113.7272,-7.7227],[113.7273,-7.7227],[113.7274,-7.7228],[113.7275,-7.7228],[113.7277,-7.7229],[113.7277,-7.723],[113.7278,-7.7231],[113.7279,-7.7232],[113.728,-7.7233],[113.7281,-7.7235],[113.7282,-7.7235],[113.7282,-7.7236],[113.7283,-7.7236],[113.7284,-7.7236],[113.7285,-7.7237],[113.7286,-7.7237],[113.7287,-7.7237],[113.7288,-7.7238],[113.7289,-7.7238],[113.7291,-7.7239],[113.7292,-7.7239],[113.7293,-7.7239],[113.7293,-7.724],[113.7294,-7.724],[113.7296,-7.7241],[113.7297,-7.7242],[113.7299,-7.7242],[113.73,-7.7242],[113.7301,-7.7242],[113.7302,-7.7241],[113.7303,-7.7241],[113.7304,-7.7241],[113.7305,-7.7241],[113.7305,-7.7242],[113.7307,-7.7242],[113.7308,-7.7243],[113.7309,-7.7244],[113.731,-7.7244],[113.731,-7.7245],[113.7311,-7.7246],[113.7312,-7.7247],[113.7313,-7.7247],[113.7313,-7.7248],[113.7314,-7.7248],[113.7316,-7.7249],[113.7316,-7.725],[113.7317,-7.7251],[113.7318,-7.7252],[113.7319,-7.7252],[113.732,-7.7253],[113.7321,-7.7254],[113.7322,-7.7255],[113.7323,-7.7256],[113.7324,-7.7256],[113.7327,-7.7258],[113.7328,-7.7259],[113.733,-7.7261],[113.7331,-7.7261],[113.7331,-7.7262],[113.7333,-7.7263],[113.7334,-7.7263],[113.7335,-7.7264],[113.7335,-7.7263],[113.7148,-7.7059]]]}},{"type":"Feature","properties":{"name":"Pencadangan/Indikasi Kawasan Konservasi","fillColor":"#f60ada","fillOpacity":0.55},"geometry":{"type":"Polygon","coordinates":[[[113.8714,-7.6775],[113.8612,-7.6779],[113.8245,-7.6863],[113.8115,-7.7023],[113.8018,-7.7162],[113.7952,-7.7241],[113.7855,-7.7329],[113.7858,-7.7327],[113.7867,-7.7324],[113.7874,-7.7322],[113.7878,-7.7321],[113.7881,-7.7319],[113.7885,-7.7318],[113.7888,-7.7316],[113.7891,-7.7316],[113.7895,-7.7314],[113.7898,-7.7312],[113.7901,-7.731],[113.7904,-7.7309],[113.7907,-7.7306],[113.7909,-7.7303],[113.7906,-7.7294],[113.7908,-7.7295],[113.7909,-7.7299],[113.7914,-7.73],[113.7919,-7.7299],[113.7923,-7.7298],[113.7926,-7.7297],[113.7931,-7.7294],[113.7936,-7.729],[113.7939,-7.7287],[113.7943,-7.7286],[113.7947,-7.7283],[113.7951,-7.728],[113.7958,-7.7275],[113.796,-7.7274],[113.7967,-7.7268],[113.7974,-7.7263],[113.7981,-7.7258],[113.7985,-7.7253],[113.7987,-7.7251],[113.7989,-7.725],[113.799,-7.7246],[113.7991,-7.7246],[113.7993,-7.7244],[113.7996,-7.7241],[113.7999,-7.7237],[113.8,-7.7232],[113.8,-7.7228],[113.8001,-7.7224],[113.8002,-7.7224],[113.8002,-7.7223],[113.8005,-7.7221],[113.8009,-7.722],[113.801,-7.7216],[113.8013,-7.7216],[113.8015,-7.7212],[113.8018,-7.7209],[113.8021,-7.7207],[113.8026,-7.7209],[113.8028,-7.7205],[113.8031,-7.7203],[113.8034,-7.72],[113.8038,-7.7198],[113.804,-7.7193],[113.8044,-7.719],[113.8048,-7.7188],[113.8053,-7.7184],[113.8055,-7.7181],[113.8059,-7.7179],[113.8061,-7.7176],[113.8063,-7.7174],[113.8066,-7.7172],[113.8067,-7.7168],[113.8071,-7.7167],[113.807,-7.7167],[113.8069,-7.7163],[113.8072,-7.7159],[113.8075,-7.7156],[113.8077,-7.7153],[113.808,-7.7152],[113.8084,-7.7149],[113.8087,-7.7146],[113.8089,-7.7142],[113.8091,-7.7139],[113.8092,-7.7138],[113.8095,-7.7135],[113.8097,-7.7132],[113.81,-7.7129],[113.8101,-7.7127],[113.8105,-7.7124],[113.8106,-7.712],[113.8109,-7.7118],[113.8112,-7.7117],[113.8113,-7.7116],[113.8113,-7.7113],[113.8115,-7.711],[113.8116,-7.7106],[113.8118,-7.7104],[113.8119,-7.71],[113.8122,-7.7097],[113.8123,-7.7092],[113.8127,-7.7087],[113.8127,-7.7083],[113.8129,-7.708],[113.813,-7.7076],[113.8132,-7.7074],[113.8133,-7.7072],[113.8132,-7.7071],[113.8134,-7.707],[113.8136,-7.7068],[113.8137,-7.7067],[113.8139,-7.7064],[113.8142,-7.706],[113.8144,-7.7056],[113.8146,-7.7054],[113.8148,-7.7051],[113.8151,-7.7046],[113.8152,-7.7042],[113.8155,-7.704],[113.8158,-7.7037],[113.8159,-7.7033],[113.816,-7.7029],[113.8161,-7.7027],[113.8163,-7.7024],[113.8164,-7.702],[113.8166,-7.7015],[113.8166,-7.7011],[113.8168,-7.7008],[113.8168,-7.7003],[113.8169,-7.6999],[113.8167,-7.6998],[113.8169,-7.6995],[113.8172,-7.6993],[113.8177,-7.6992],[113.818,-7.699],[113.8182,-7.6987],[113.8184,-7.6984],[113.8186,-7.6981],[113.819,-7.6976],[113.8202,-7.6969],[113.8206,-7.6965],[113.8209,-7.6966],[113.8213,-7.6967],[113.8227,-7.6965],[113.8237,-7.6964],[113.8241,-7.6964],[113.8245,-7.6962],[113.825,-7.6962],[113.8254,-7.6961],[113.8257,-7.6959],[113.8291,-7.692],[113.8293,-7.6915],[113.8295,-7.6909],[113.8297,-7.6905],[113.8299,-7.6903],[113.8301,-7.6898],[113.8305,-7.6894],[113.8309,-7.6886],[113.8311,-7.6884],[113.8314,-7.6883],[113.8318,-7.6882],[113.8321,-7.688],[113.8323,-7.6877],[113.8326,-7.6878],[113.8331,-7.6878],[113.8334,-7.688],[113.8334,-7.6879],[113.8335,-7.6876],[113.8339,-7.6874],[113.8342,-7.6872],[113.8345,-7.687],[113.8348,-7.6868],[113.8351,-7.6867],[113.8356,-7.6867],[113.836,-7.6866],[113.8364,-7.6864],[113.8367,-7.6863],[113.837,-7.6861],[113.8373,-7.6859],[113.8375,-7.6858],[113.8378,-7.6857],[113.8383,-7.6856],[113.8387,-7.6855],[113.839,-7.6853],[113.8393,-7.685],[113.8396,-7.6849],[113.8401,-7.6848],[113.8406,-7.6848],[113.841,-7.6846],[113.8413,-7.6845],[113.8416,-7.6847],[113.8421,-7.6849],[113.8426,-7.6849],[113.843,-7.685],[113.8436,-7.685],[113.8441,-7.685],[113.8445,-7.6849],[113.845,-7.6848],[113.8453,-7.6847],[113.8458,-7.6846],[113.8462,-7.6845],[113.8467,-7.6845],[113.8471,-7.6844],[113.8478,-7.6845],[113.8482,-7.6844],[113.8487,-7.6843],[113.8492,-7.6843],[113.8495,-7.6842],[113.85,-7.6841],[113.8504,-7.6842],[113.8508,-7.6843],[113.8512,-7.6843],[113.8516,-7.6844],[113.8521,-7.6844],[113.8525,-7.6844],[113.8529,-7.6845],[113.8534,-7.6847],[113.8538,-7.6848],[113.8543,-7.6848],[113.8547,-7.6847],[113.8551,-7.6848],[113.8556,-7.6847],[113.856,-7.6848],[113.8565,-7.6848],[113.8569,-7.6849],[113.8573,-7.6849],[113.8577,-7.685],[113.858,-7.685],[113.8585,-7.6851],[113.8589,-7.6851],[113.8593,-7.685],[113.8595,-7.6851],[113.86,-7.685],[113.8604,-7.6849],[113.8609,-7.6849],[113.8614,-7.6849],[113.8619,-7.6847],[113.8623,-7.6846],[113.8626,-7.6845],[113.863,-7.6843],[113.8634,-7.6842],[113.8638,-7.6841],[113.8642,-7.6839],[113.8645,-7.6836],[113.8649,-7.6834],[113.8651,-7.6831],[113.8654,-7.6829],[113.8656,-7.6827],[113.866,-7.6826],[113.8664,-7.6823],[113.8668,-7.682],[113.8671,-7.6818],[113.8672,-7.6815],[113.8674,-7.6811],[113.8674,-7.6806],[113.8676,-7.6804],[113.8679,-7.6802],[113.8683,-7.6801],[113.8686,-7.6803],[113.8686,-7.6808],[113.8685,-7.6811],[113.8683,-7.6815],[113.8686,-7.6819],[113.8687,-7.6822],[113.8689,-7.6825],[113.8692,-7.6827],[113.8694,-7.683],[113.8701,-7.6834],[113.8704,-7.6836],[113.8713,-7.6841],[113.8718,-7.6843],[113.8723,-7.6843],[113.8728,-7.6846],[113.8729,-7.6849],[113.8733,-7.6849],[113.8732,-7.6852],[113.8734,-7.6857],[113.8737,-7.686],[113.8742,-7.6864],[113.8745,-7.6867],[113.8749,-7.6869],[113.8754,-7.6869],[113.8756,-7.6871],[113.876,-7.6872],[113.8762,-7.6873],[113.8765,-7.6875],[113.8769,-7.6875],[113.8773,-7.6878],[113.8777,-7.6879],[113.878,-7.6882],[113.8785,-7.6882],[113.8789,-7.6882],[113.8793,-7.6881],[113.8797,-7.688],[113.8801,-7.6879],[113.8805,-7.6879],[113.881,-7.6878],[113.8814,-7.6877],[113.8714,-7.6775]]]}},{"type":"Feature","properties":{"name":"Pencadangan/Indikasi Kawasan Konservasi","fillColor":"#f60ada","fillOpacity":0.55},"geometry":{"type":"Polygon","coordinates":[[[113.9751,-7.64],[113.9682,-7.635],[113.9642,-7.6401],[113.9751,-7.64]]]}},{"type":"Feature","properties":{"name":"Pencadangan/Indikasi Kawasan Konservasi","fillColor":"#f60ada","fillOpacity":0.55},"geometry":{"type":"Polygon","coordinates":[[[114.0675,-7.1193],[114.0676,-7.1187],[114.0677,-7.1176],[114.0675,-7.1176],[114.0603,-7.1177],[114.0589,-7.1193],[114.0675,-7.1193]]]}},{"type":"Feature","properties":{"name":"Pencadangan/Indikasi Kawasan Konservasi","fillColor":"#f60ada","fillOpacity":0.55},"geometry":{"type":"Polygon","coordinates":[[[114.1854,-7.0],[114.1854,-6.9995],[114.1846,-6.9995],[114.1836,-6.9995],[114.1835,-6.9995],[114.1835,-6.9997],[114.1835,-6.9998],[114.1834,-7.0001],[114.1831,-7.0007],[114.1829,-7.0013],[114.1826,-7.0021],[114.1826,-7.0023],[114.1824,-7.0026],[114.1822,-7.0028],[114.1821,-7.0028],[114.1819,-7.0029],[114.1818,-7.0032],[114.1816,-7.0034],[114.1811,-7.0038],[114.1807,-7.0042],[114.1805,-7.0043],[114.1804,-7.0043],[114.1803,-7.0044],[114.1801,-7.0044],[114.18,-7.0045],[114.1797,-7.0047],[114.1793,-7.0049],[114.179,-7.005],[114.1787,-7.0051],[114.1784,-7.0051],[114.178,-7.0051],[114.1777,-7.0051],[114.1776,-7.005],[114.1775,-7.0049],[114.1773,-7.0048],[114.1772,-7.0046],[114.1771,-7.0047],[114.177,-7.0047],[114.1768,-7.0047],[114.1765,-7.0048],[114.1764,-7.0047],[114.1763,-7.0047],[114.1744,-7.0112],[114.184,-7.0112],[114.1854,-7.0112],[114.1854,-7.0]]]}},{"type":"Feature","properties":{"name":"Pencadangan/Indikasi Kawasan Konservasi","fillColor":"#f60ada","fillOpacity":0.55},"geometry":{"type":"Polygon","coordinates":[[[114.1609,-7.0],[114.1612,-6.9992],[114.1613,-6.999],[114.1614,-6.999],[114.1613,-6.9987],[114.1612,-6.9986],[114.1611,-6.9984],[114.1611,-6.9982],[114.1611,-6.9979],[114.1612,-6.9978],[114.1608,-6.9978],[114.1608,-6.998],[114.1608,-6.9981],[114.1599,-6.9981],[114.1599,-7.0],[114.1599,-7.0013],[114.1599,-7.002],[114.1609,-7.0]]]}},{"type":"Feature","properties":{"name":"Pencadangan/Indikasi Kawasan Konservasi","fillColor":"#f60ada","fillOpacity":0.55},"geometry":{"type":"MultiPolygon","coordinates":[[[[113.7964,-7.2014],[113.7496,-7.2001],[113.7456,-7.2],[113.741,-7.2193],[113.7408,-7.2204],[113.7497,-7.2241],[113.7519,-7.225],[113.7648,-7.2303],[113.7651,-7.2305],[113.773,-7.2305],[113.7759,-7.2305],[113.7759,-7.2313],[113.7759,-7.2349],[113.7816,-7.237],[113.7982,-7.237],[113.7982,-7.2407],[113.8294,-7.2297],[113.8284,-7.2245],[113.8263,-7.2141],[113.8163,-7.2099],[113.7964,-7.2014]]],[[[113.7497,-7.2189],[113.7496,-7.2188],[113.7494,-7.2186],[113.7494,-7.2185],[113.7492,-7.2179],[113.7492,-7.2175],[113.7493,-7.217],[113.7493,-7.2169],[113.7495,-7.2168],[113.7497,-7.2167],[113.7505,-7.2149],[113.7513,-7.2129],[113.7513,-7.2128],[113.7514,-7.2127],[113.7518,-7.212],[113.7518,-7.2118],[113.7521,-7.2116],[113.7524,-7.2115],[113.7528,-7.2109],[113.7539,-7.2082],[113.7542,-7.2071],[113.7545,-7.2064],[113.7547,-7.2061],[113.7548,-7.206],[113.7555,-7.2063],[113.7556,-7.2063],[113.7563,-7.2067],[113.7568,-7.2069],[113.7578,-7.2074],[113.7585,-7.2076],[113.7589,-7.2077],[113.7598,-7.2077],[113.76,-7.2078],[113.7604,-7.2079],[113.7613,-7.2083],[113.762,-7.2088],[113.7625,-7.2091],[113.7644,-7.2095],[113.7645,-7.2095],[113.7649,-7.2095],[113.7654,-7.2094],[113.7663,-7.2095],[113.7669,-7.2096],[113.7669,-7.2099],[113.7674,-7.21],[113.7681,-7.21],[113.7688,-7.2101],[113.7696,-7.2098],[113.7696,-7.2096],[113.7696,-7.2094],[113.7697,-7.2094],[113.7702,-7.2094],[113.7703,-7.2092],[113.7708,-7.2092],[113.7711,-7.2093],[113.7712,-7.2093],[113.7717,-7.2095],[113.7716,-7.2102],[113.772,-7.2101],[113.7721,-7.21],[113.7726,-7.21],[113.7727,-7.2099],[113.7728,-7.2099],[113.7729,-7.2096],[113.7729,-7.2095],[113.7735,-7.2094],[113.7737,-7.2094],[113.7738,-7.2095],[113.7739,-7.2095],[113.774,-7.2096],[113.7743,-7.2097],[113.7742,-7.2102],[113.7743,-7.2102],[113.7745,-7.2099],[113.7751,-7.2094],[113.7754,-7.2093],[113.7754,-7.2092],[113.7765,-7.2094],[113.7768,-7.2096],[113.777,-7.2098],[113.7771,-7.2095],[113.7777,-7.2096],[113.7785,-7.2097],[113.7786,-7.2097],[113.7793,-7.2098],[113.7806,-7.2101],[113.7809,-7.2101],[113.781,-7.2102],[113.7823,-7.2107],[113.7826,-7.2108],[113.7826,-7.2109],[113.7827,-7.2109],[113.7826,-7.2112],[113.783,-7.2115],[113.7832,-7.2115],[113.7837,-7.2114],[113.7838,-7.2114],[113.7843,-7.2113],[113.7848,-7.2116],[113.785,-7.2117],[113.7851,-7.2117],[113.7852,-7.2117],[113.786,-7.212],[113.7863,-7.2122],[113.7869,-7.2123],[113.787,-7.2127],[113.7871,-7.2129],[113.7872,-7.2131],[113.7875,-7.2133],[113.7875,-7.2134],[113.7878,-7.2134],[113.7883,-7.2136],[113.7885,-7.2137],[113.7888,-7.2139],[113.7896,-7.2141],[113.7895,-7.2144],[113.7895,-7.2148],[113.7896,-7.2148],[113.7896,-7.2149],[113.7897,-7.2149],[113.7907,-7.2154],[113.7906,-7.2155],[113.7907,-7.2157],[113.791,-7.2158],[113.792,-7.2161],[113.7942,-7.2164],[113.7944,-7.2164],[113.7953,-7.2162],[113.7956,-7.2162],[113.7962,-7.2158],[113.7963,-7.2156],[113.7964,-7.2156],[113.7964,-7.2155],[113.7964,-7.2154],[113.7966,-7.215],[113.7967,-7.2149],[113.7971,-7.2149],[113.7975,-7.2149],[113.7976,-7.2149],[113.7981,-7.2143],[113.798,-7.214],[113.798,-7.2139],[113.797,-7.2099],[113.8003,-7.2092],[113.8009,-7.2139],[113.801,-7.214],[113.8012,-7.2142],[113.8013,-7.2144],[113.8016,-7.2147],[113.8017,-7.2147],[113.8026,-7.2143],[113.8031,-7.2141],[113.8032,-7.2141],[113.8038,-7.214],[113.8046,-7.2143],[113.8052,-7.2145],[113.8058,-7.2149],[113.8071,-7.2154],[113.8074,-7.2155],[113.808,-7.2154],[113.8087,-7.2157],[113.8096,-7.2158],[113.8103,-7.2166],[113.8104,-7.2168],[113.8112,-7.218],[113.8115,-7.2183],[113.8119,-7.2185],[113.812,-7.2186],[113.812,-7.2187],[113.8122,-7.2197],[113.8123,-7.2206],[113.8121,-7.2208],[113.8117,-7.2212],[113.8113,-7.2216],[113.8112,-7.2218],[113.811,-7.2218],[113.8107,-7.2219],[113.8106,-7.2219],[113.8104,-7.222],[113.8099,-7.2223],[113.8086,-7.2231],[113.8066,-7.2242],[113.8064,-7.2242],[113.8063,-7.2241],[113.8062,-7.2242],[113.8047,-7.2246],[113.8039,-7.2252],[113.8032,-7.2257],[113.8015,-7.227],[113.8002,-7.2282],[113.7984,-7.2295],[113.7978,-7.23],[113.7973,-7.2305],[113.7969,-7.2313],[113.7963,-7.2325],[113.7964,-7.2328],[113.7964,-7.2331],[113.7964,-7.2332],[113.7965,-7.2333],[113.7966,-7.2335],[113.7967,-7.2336],[113.7968,-7.2337],[113.7968,-7.2338],[113.7969,-7.2339],[113.7969,-7.2342],[113.7969,-7.2343],[113.7968,-7.2346],[113.7968,-7.2348],[113.7969,-7.235],[113.7967,-7.2352],[113.7963,-7.2356],[113.7957,-7.2357],[113.7952,-7.2359],[113.7948,-7.2361],[113.7948,-7.2362],[113.7947,-7.2362],[113.7945,-7.2361],[113.794,-7.2359],[113.7938,-7.2358],[113.7935,-7.2358],[113.7933,-7.2359],[113.7929,-7.2359],[113.7927,-7.2356],[113.7925,-7.2355],[113.7922,-7.2354],[113.7921,-7.2355],[113.792,-7.2354],[113.7914,-7.2349],[113.7906,-7.2345],[113.79,-7.234],[113.789,-7.2332],[113.7875,-7.2322],[113.7871,-7.2319],[113.7865,-7.2316],[113.786,-7.2314],[113.786,-7.2313],[113.7849,-7.2306],[113.7845,-7.2305],[113.784,-7.2303],[113.7835,-7.2302],[113.7829,-7.2299],[113.7827,-7.2298],[113.7823,-7.2296],[113.7818,-7.2294],[113.7813,-7.2292],[113.7797,-7.2288],[113.7791,-7.2288],[113.7784,-7.2289],[113.7779,-7.2289],[113.7769,-7.2291],[113.7766,-7.229],[113.7765,-7.229],[113.7763,-7.2289],[113.7762,-7.2288],[113.7757,-7.2286],[113.7754,-7.2286],[113.7752,-7.2287],[113.7751,-7.2287],[113.775,-7.2288],[113.7748,-7.2287],[113.7744,-7.2284],[113.7741,-7.2282],[113.7737,-7.2281],[113.7733,-7.2281],[113.773,-7.2281],[113.7728,-7.228],[113.7719,-7.2273],[113.7713,-7.2267],[113.7693,-7.225],[113.7684,-7.2245],[113.7676,-7.2239],[113.7673,-7.2237],[113.7671,-7.2235],[113.7662,-7.223],[113.7652,-7.2225],[113.765,-7.2223],[113.7647,-7.2219],[113.7641,-7.2214],[113.764,-7.2213],[113.7638,-7.2211],[113.7634,-7.2209],[113.7631,-7.2207],[113.762,-7.22],[113.7619,-7.2198],[113.7611,-7.2193],[113.7605,-7.2189],[113.76,-7.2186],[113.7592,-7.2182],[113.7588,-7.2181],[113.7583,-7.218],[113.7583,-7.2182],[113.7528,-7.2221],[113.7527,-7.2221],[113.7526,-7.2204],[113.7526,-7.2201],[113.7525,-7.2185],[113.7519,-7.2183],[113.7509,-7.2187],[113.7502,-7.2189],[113.7497,-7.2189]]]]}},{"type":"Feature","properties":{"name":"Pencadangan/Indikasi Kawasan Konservasi","fillColor":"#f60ada","fillOpacity":0.55},"geometry":{"type":"MultiPolygon","coordinates":[[[[114.052,-7.1979],[114.0519,-7.1978],[114.0518,-7.1978],[114.0517,-7.1978],[114.0515,-7.1977],[114.0514,-7.1977],[114.0513,-7.1976],[114.0512,-7.1976],[114.051,-7.1976],[114.0509,-7.1976],[114.0508,-7.1976],[114.0507,-7.1976],[114.0505,-7.1976],[114.0504,-7.1976],[114.0502,-7.1976],[114.0501,-7.1976],[114.05,-7.1977],[114.0499,-7.1977],[114.0498,-7.1977],[114.0497,-7.1977],[114.0496,-7.1978],[114.0495,-7.1978],[114.0494,-7.1978],[114.0493,-7.1978],[114.0491,-7.1979],[114.049,-7.1978],[114.0489,-7.1978],[114.0488,-7.1978],[114.0487,-7.1978],[114.0486,-7.1978],[114.0485,-7.1977],[114.0483,-7.1977],[114.0482,-7.1977],[114.0481,-7.1977],[114.048,-7.1977],[114.0478,-7.1977],[114.0477,-7.1977],[114.0475,-7.1977],[114.0474,-7.1978],[114.0473,-7.1978],[114.0471,-7.1978],[114.047,-7.1978],[114.0469,-7.1979],[114.0468,-7.1979],[114.0468,-7.198],[114.0467,-7.198],[114.0466,-7.198],[114.0465,-7.198],[114.0464,-7.198],[114.0462,-7.1981],[114.0461,-7.1981],[114.046,-7.1981],[114.0459,-7.1982],[114.0458,-7.1983],[114.0457,-7.1983],[114.0456,-7.1983],[114.0455,-7.1984],[114.0453,-7.1984],[114.0452,-7.1984],[114.0451,-7.1985],[114.045,-7.1986],[114.0449,-7.1986],[114.0448,-7.1987],[114.0447,-7.1988],[114.0446,-7.1988],[114.0445,-7.1989],[114.0444,-7.199],[114.0443,-7.199],[114.0442,-7.1991],[114.0441,-7.1992],[114.0441,-7.1993],[114.044,-7.1994],[114.0439,-7.1995],[114.0438,-7.1996],[114.0437,-7.1997],[114.0437,-7.1998],[114.0436,-7.1999],[114.0435,-7.2001],[114.0435,-7.2002],[114.0434,-7.2003],[114.0434,-7.2004],[114.0434,-7.2006],[114.0434,-7.2007],[114.0433,-7.2008],[114.0433,-7.2009],[114.0433,-7.2011],[114.0433,-7.2012],[114.0431,-7.2013],[114.043,-7.2013],[114.0429,-7.2013],[114.0428,-7.2014],[114.0427,-7.2015],[114.0425,-7.2015],[114.0424,-7.2016],[114.0423,-7.2017],[114.0423,-7.2112],[114.0424,-7.2112],[114.0425,-7.2112],[114.0426,-7.2113],[114.0427,-7.2113],[114.0428,-7.2114],[114.0429,-7.2114],[114.043,-7.2114],[114.0431,-7.2115],[114.0432,-7.2115],[114.0433,-7.2116],[114.0434,-7.2116],[114.0435,-7.2116],[114.0436,-7.2117],[114.0438,-7.2117],[114.0439,-7.2117],[114.044,-7.2118],[114.0441,-7.2118],[114.0442,-7.2118],[114.0444,-7.2118],[114.0445,-7.2118],[114.0446,-7.2118],[114.0448,-7.2119],[114.0449,-7.2119],[114.045,-7.2119],[114.0451,-7.2119],[114.0451,-7.212],[114.0452,-7.212],[114.0454,-7.212],[114.0455,-7.212],[114.0456,-7.212],[114.0457,-7.212],[114.0458,-7.212],[114.046,-7.212],[114.0461,-7.212],[114.0462,-7.212],[114.0463,-7.212],[114.0466,-7.212],[114.0468,-7.212],[114.0469,-7.212],[114.047,-7.212],[114.0471,-7.212],[114.0473,-7.212],[114.0475,-7.212],[114.0476,-7.212],[114.0477,-7.212],[114.048,-7.212],[114.0481,-7.212],[114.0482,-7.212],[114.0483,-7.212],[114.0484,-7.212],[114.0485,-7.212],[114.0486,-7.212],[114.0487,-7.212],[114.0489,-7.2119],[114.049,-7.2119],[114.0491,-7.2119],[114.0492,-7.2119],[114.0493,-7.2118],[114.0494,-7.2118],[114.0495,-7.2118],[114.0496,-7.2117],[114.0497,-7.2117],[114.0498,-7.2116],[114.0499,-7.2116],[114.05,-7.2116],[114.0501,-7.2116],[114.0502,-7.2115],[114.0503,-7.2115],[114.0505,-7.2114],[114.0506,-7.2114],[114.0507,-7.2113],[114.0508,-7.2113],[114.0509,-7.2112],[114.051,-7.2111],[114.0511,-7.2111],[114.0512,-7.211],[114.0513,-7.2109],[114.0514,-7.2109],[114.0514,-7.2108],[114.0515,-7.2107],[114.0516,-7.2107],[114.0517,-7.2106],[114.0518,-7.2105],[114.0518,-7.2104],[114.0519,-7.2104],[114.052,-7.2103],[114.0521,-7.2102],[114.0522,-7.2101],[114.0522,-7.21],[114.0523,-7.2099],[114.0524,-7.2098],[114.0524,-7.2097],[114.0525,-7.2096],[114.0526,-7.2095],[114.0526,-7.2094],[114.0527,-7.2092],[114.0528,-7.2091],[114.0529,-7.209],[114.0529,-7.2089],[114.053,-7.2088],[114.053,-7.2087],[114.0531,-7.2086],[114.0531,-7.2084],[114.0532,-7.2083],[114.0532,-7.2082],[114.0533,-7.2081],[114.0533,-7.208],[114.0533,-7.2079],[114.0533,-7.2078],[114.0534,-7.2077],[114.0534,-7.2076],[114.0534,-7.2075],[114.0535,-7.2074],[114.0535,-7.2073],[114.0535,-7.2072],[114.0536,-7.207],[114.0536,-7.2069],[114.0536,-7.2068],[114.0536,-7.2067],[114.0537,-7.2066],[114.0537,-7.2065],[114.0537,-7.2064],[114.0538,-7.2063],[114.0538,-7.2062],[114.0538,-7.2061],[114.0538,-7.206],[114.0539,-7.2059],[114.0539,-7.2058],[114.0539,-7.2057],[114.0539,-7.2056],[114.054,-7.2055],[114.054,-7.2054],[114.054,-7.2053],[114.054,-7.2052],[114.0541,-7.2051],[114.0541,-7.205],[114.0541,-7.2049],[114.0542,-7.2048],[114.0542,-7.2047],[114.0542,-7.2046],[114.0542,-7.2044],[114.0543,-7.2043],[114.0543,-7.2042],[114.0543,-7.2041],[114.0543,-7.204],[114.0543,-7.2039],[114.0544,-7.2036],[114.0544,-7.2034],[114.0544,-7.2033],[114.0544,-7.2031],[114.0544,-7.203],[114.0544,-7.2029],[114.0544,-7.2027],[114.0544,-7.2026],[114.0544,-7.2025],[114.0544,-7.2024],[114.0544,-7.2023],[114.0543,-7.2021],[114.0543,-7.202],[114.0543,-7.2019],[114.0543,-7.2018],[114.0544,-7.2017],[114.0544,-7.2015],[114.0544,-7.2014],[114.0543,-7.2012],[114.0543,-7.2009],[114.0543,-7.2008],[114.0543,-7.2007],[114.0543,-7.2005],[114.0542,-7.2004],[114.0542,-7.2003],[114.0542,-7.2002],[114.0541,-7.2001],[114.0541,-7.1999],[114.054,-7.1998],[114.054,-7.1996],[114.0539,-7.1995],[114.0539,-7.1994],[114.0538,-7.1993],[114.0537,-7.1991],[114.0537,-7.199],[114.0536,-7.1989],[114.0535,-7.1988],[114.0534,-7.1987],[114.0533,-7.1986],[114.0532,-7.1985],[114.0531,-7.1985],[114.053,-7.1984],[114.0529,-7.1983],[114.0528,-7.1982],[114.0527,-7.1982],[114.0526,-7.1981],[114.0525,-7.198],[114.0523,-7.1979],[114.0522,-7.1979],[114.0521,-7.1979],[114.052,-7.1979]]],[[[114.0459,-7.2063],[114.0458,-7.2063],[114.0458,-7.2062],[114.0456,-7.2061],[114.0454,-7.2058],[114.0454,-7.2055],[114.0452,-7.2052],[114.0449,-7.2048],[114.0449,-7.2045],[114.045,-7.204],[114.0451,-7.2037],[114.0452,-7.2032],[114.0453,-7.2026],[114.0454,-7.2022],[114.0457,-7.2019],[114.0458,-7.2018],[114.046,-7.2017],[114.0464,-7.2015],[114.0465,-7.2015],[114.0469,-7.2014],[114.0471,-7.2014],[114.0474,-7.2016],[114.0478,-7.2018],[114.0479,-7.202],[114.0479,-7.2021],[114.048,-7.2022],[114.048,-7.2026],[114.048,-7.2033],[114.0479,-7.2035],[114.0479,-7.2036],[114.0477,-7.2038],[114.0473,-7.2047],[114.0471,-7.2051],[114.0469,-7.2053],[114.0466,-7.2058],[114.0464,-7.206],[114.0463,-7.2062],[114.0461,-7.2063],[114.046,-7.2064],[114.0459,-7.2063]]]]}},{"type":"Feature","properties":{"name":"Pencadangan/Indikasi Kawasan Konservasi","fillColor":"#f60ada","fillOpacity":0.55},"geometry":{"type":"Polygon","coordinates":[[[113.8871,-7.2118],[113.8869,-7.2118],[113.8867,-7.2115],[113.8864,-7.2113],[113.8863,-7.2111],[113.8861,-7.2108],[113.8862,-7.2106],[113.8861,-7.2103],[113.8859,-7.2102],[113.8857,-7.2099],[113.8857,-7.2097],[113.8856,-7.2096],[113.8854,-7.2095],[113.885,-7.2092],[113.8848,-7.209],[113.8848,-7.2089],[113.8847,-7.2086],[113.8843,-7.2082],[113.8841,-7.208],[113.8839,-7.2077],[113.8836,-7.2074],[113.8832,-7.2071],[113.8831,-7.2069],[113.883,-7.2067],[113.8829,-7.2064],[113.8829,-7.2063],[113.8825,-7.2059],[113.8823,-7.2057],[113.8822,-7.2054],[113.8821,-7.2053],[113.8821,-7.205],[113.882,-7.2048],[113.882,-7.2047],[113.8817,-7.2043],[113.8813,-7.2034],[113.8811,-7.2028],[113.881,-7.2025],[113.8809,-7.202],[113.8808,-7.2013],[113.8808,-7.2011],[113.8808,-7.2005],[113.8807,-7.1999],[113.8788,-7.1946],[113.8773,-7.1909],[113.875,-7.1893],[113.872,-7.1911],[113.8704,-7.1919],[113.8682,-7.1932],[113.8676,-7.1947],[113.8711,-7.2027],[113.8726,-7.2054],[113.8854,-7.2224],[113.9485,-7.2383],[113.951,-7.2406],[113.9578,-7.2333],[113.9557,-7.2319],[113.9552,-7.2315],[113.9552,-7.2316],[113.955,-7.2318],[113.9547,-7.2322],[113.9545,-7.2323],[113.9544,-7.2322],[113.9544,-7.232],[113.9542,-7.232],[113.9541,-7.232],[113.9539,-7.2321],[113.9537,-7.2322],[113.9534,-7.2321],[113.9533,-7.2321],[113.9532,-7.2319],[113.953,-7.2319],[113.953,-7.2318],[113.9529,-7.2316],[113.953,-7.2313],[113.9528,-7.231],[113.9527,-7.2309],[113.9524,-7.2308],[113.9521,-7.2307],[113.952,-7.2307],[113.9516,-7.2306],[113.9511,-7.2305],[113.9507,-7.2305],[113.9505,-7.2305],[113.9502,-7.2305],[113.95,-7.2305],[113.9499,-7.2305],[113.9495,-7.2302],[113.9491,-7.2301],[113.9488,-7.23],[113.9486,-7.23],[113.9482,-7.2299],[113.9479,-7.2298],[113.9477,-7.2297],[113.9475,-7.2297],[113.9472,-7.2297],[113.947,-7.2297],[113.9469,-7.2296],[113.9468,-7.2294],[113.9466,-7.2291],[113.9464,-7.2289],[113.9462,-7.2287],[113.946,-7.2285],[113.9458,-7.2282],[113.9457,-7.2282],[113.9457,-7.228],[113.9455,-7.2278],[113.9455,-7.2277],[113.9454,-7.2276],[113.9453,-7.2274],[113.9451,-7.2271],[113.9449,-7.2269],[113.9448,-7.2267],[113.9446,-7.2265],[113.9445,-7.2264],[113.9444,-7.2261],[113.944,-7.2256],[113.9438,-7.2252],[113.9437,-7.2251],[113.9436,-7.2248],[113.9435,-7.2244],[113.9434,-7.2239],[113.9433,-7.2237],[113.9431,-7.2234],[113.943,-7.2231],[113.943,-7.2229],[113.9428,-7.2226],[113.9427,-7.2223],[113.9426,-7.222],[113.9426,-7.2218],[113.9427,-7.2214],[113.9426,-7.221],[113.9425,-7.2208],[113.9423,-7.2205],[113.9422,-7.2202],[113.942,-7.2198],[113.9419,-7.2195],[113.9413,-7.2186],[113.9405,-7.2178],[113.9401,-7.2174],[113.9392,-7.2165],[113.9379,-7.2152],[113.9373,-7.2146],[113.9371,-7.2142],[113.9367,-7.2138],[113.9364,-7.2136],[113.9364,-7.2135],[113.9363,-7.2133],[113.9365,-7.2132],[113.9368,-7.2129],[113.9369,-7.2127],[113.937,-7.2125],[113.9369,-7.212],[113.9368,-7.2115],[113.9367,-7.2111],[113.9368,-7.2109],[113.9366,-7.2104],[113.9364,-7.2099],[113.9357,-7.2088],[113.9354,-7.2084],[113.935,-7.2079],[113.9343,-7.2072],[113.9339,-7.2069],[113.9337,-7.2065],[113.9336,-7.2063],[113.9334,-7.206],[113.9329,-7.2057],[113.9327,-7.2055],[113.9323,-7.2053],[113.9316,-7.2048],[113.9311,-7.2044],[113.9308,-7.2042],[113.9304,-7.2041],[113.93,-7.204],[113.9298,-7.2039],[113.9296,-7.2038],[113.9292,-7.2036],[113.9287,-7.2035],[113.9285,-7.2034],[113.9279,-7.2032],[113.9271,-7.2029],[113.9265,-7.2029],[113.9261,-7.2029],[113.9252,-7.2029],[113.9246,-7.2029],[113.9245,-7.203],[113.9242,-7.203],[113.9239,-7.203],[113.9235,-7.2029],[113.9235,-7.203],[113.9228,-7.2031],[113.9224,-7.2033],[113.9218,-7.2035],[113.9215,-7.2035],[113.9208,-7.2039],[113.9205,-7.2042],[113.9202,-7.2044],[113.9199,-7.2046],[113.9197,-7.205],[113.9193,-7.2052],[113.9189,-7.2056],[113.9182,-7.2061],[113.9177,-7.2062],[113.9172,-7.2064],[113.9169,-7.2066],[113.9166,-7.2067],[113.9163,-7.2067],[113.9161,-7.207],[113.9158,-7.2071],[113.9154,-7.2072],[113.9152,-7.2073],[113.9148,-7.2074],[113.9145,-7.2075],[113.9143,-7.2075],[113.9139,-7.2076],[113.9133,-7.2078],[113.9127,-7.2079],[113.9125,-7.208],[113.9122,-7.2082],[113.912,-7.2083],[113.9118,-7.2083],[113.9116,-7.2083],[113.9115,-7.2084],[113.9112,-7.2086],[113.911,-7.2087],[113.9108,-7.2087],[113.9107,-7.209],[113.9105,-7.209],[113.9099,-7.2094],[113.9098,-7.2096],[113.9096,-7.2095],[113.9093,-7.2096],[113.909,-7.2097],[113.9089,-7.2098],[113.9089,-7.2099],[113.9087,-7.2098],[113.9084,-7.2098],[113.9081,-7.2099],[113.908,-7.2099],[113.9077,-7.2101],[113.9075,-7.2102],[113.9068,-7.2103],[113.9059,-7.2104],[113.9054,-7.2103],[113.9052,-7.2102],[113.9051,-7.2102],[113.9049,-7.2102],[113.9047,-7.2102],[113.9043,-7.2103],[113.904,-7.2101],[113.9038,-7.2099],[113.9036,-7.2096],[113.9036,-7.2094],[113.9035,-7.2091],[113.9033,-7.209],[113.9031,-7.209],[113.903,-7.2091],[113.9028,-7.2091],[113.9026,-7.209],[113.9025,-7.209],[113.9023,-7.2091],[113.902,-7.2093],[113.9013,-7.2096],[113.9009,-7.2097],[113.9005,-7.2096],[113.9002,-7.2096],[113.9,-7.2097],[113.8998,-7.2098],[113.8989,-7.21],[113.8986,-7.2102],[113.8985,-7.2101],[113.8978,-7.2102],[113.8976,-7.2102],[113.8975,-7.2102],[113.8971,-7.2103],[113.8968,-7.2104],[113.8965,-7.2105],[113.8963,-7.2105],[113.8959,-7.2106],[113.8954,-7.2109],[113.8953,-7.2109],[113.895,-7.2109],[113.8947,-7.2108],[113.8943,-7.2109],[113.894,-7.2109],[113.8936,-7.211],[113.8931,-7.2112],[113.8928,-7.2113],[113.8922,-7.2114],[113.8915,-7.2118],[113.8907,-7.2121],[113.8904,-7.2121],[113.8899,-7.2121],[113.8895,-7.212],[113.8893,-7.212],[113.8888,-7.212],[113.8884,-7.2119],[113.888,-7.2118],[113.8879,-7.2118],[113.8876,-7.2118],[113.8871,-7.2118]]]}},{"type":"Feature","properties":{"name":"Pencadangan/Indikasi Kawasan Konservasi","fillColor":"#f60ada","fillOpacity":0.55},"geometry":{"type":"Polygon","coordinates":[[[114.4994,-7.1581],[114.4994,-7.1579],[114.4991,-7.1576],[114.4985,-7.1579],[114.4982,-7.1581],[114.4979,-7.1581],[114.4994,-7.1581]]]}},{"type":"Feature","properties":{"name":"Pencadangan/Indikasi Kawasan Konservasi","fillColor":"#f60ada","fillOpacity":0.55},"geometry":{"type":"Polygon","coordinates":[[[113.6782,-7.1093],[113.6782,-7.1092],[113.6778,-7.1091],[113.6776,-7.1091],[113.6774,-7.1092],[113.6773,-7.1093],[113.6772,-7.1095],[113.6772,-7.1097],[113.6768,-7.1094],[113.6766,-7.1095],[113.6765,-7.1096],[113.6763,-7.1094],[113.6759,-7.1094],[113.6756,-7.1095],[113.6754,-7.1096],[113.675,-7.1099],[113.6744,-7.1102],[113.6739,-7.1104],[113.6733,-7.1106],[113.6729,-7.1108],[113.6724,-7.1111],[113.6722,-7.1112],[113.6719,-7.1112],[113.6719,-7.1114],[113.6717,-7.1114],[113.6714,-7.1115],[113.6714,-7.1117],[113.6715,-7.1119],[113.6714,-7.1121],[113.6711,-7.1122],[113.671,-7.1124],[113.6709,-7.1123],[113.6708,-7.1125],[113.6705,-7.1126],[113.6703,-7.1127],[113.6703,-7.1129],[113.6708,-7.1134],[113.6709,-7.1136],[113.6708,-7.1138],[113.6705,-7.1142],[113.6703,-7.1143],[113.67,-7.1145],[113.6697,-7.1145],[113.6696,-7.1146],[113.6697,-7.1149],[113.6699,-7.1151],[113.67,-7.1154],[113.6699,-7.1155],[113.6698,-7.1153],[113.6696,-7.1151],[113.6694,-7.1151],[113.6692,-7.1152],[113.669,-7.1152],[113.669,-7.115],[113.6688,-7.1151],[113.6686,-7.1155],[113.6683,-7.1157],[113.6678,-7.1157],[113.6674,-7.1157],[113.6671,-7.1157],[113.6668,-7.1158],[113.6666,-7.1158],[113.6665,-7.1156],[113.6664,-7.1154],[113.6663,-7.1153],[113.6662,-7.1152],[113.6662,-7.1154],[113.6663,-7.1156],[113.6663,-7.1158],[113.6662,-7.116],[113.666,-7.1158],[113.6658,-7.1158],[113.6656,-7.1159],[113.6653,-7.1158],[113.6651,-7.1158],[113.6647,-7.116],[113.6645,-7.1162],[113.6643,-7.1164],[113.664,-7.1167],[113.6639,-7.1169],[113.6638,-7.1174],[113.6638,-7.1176],[113.6636,-7.1178],[113.6633,-7.1178],[113.663,-7.1177],[113.6627,-7.1178],[113.6625,-7.1179],[113.6622,-7.1179],[113.6622,-7.1182],[113.6623,-7.1185],[113.6622,-7.1187],[113.662,-7.1188],[113.6617,-7.1191],[113.6613,-7.1193],[113.6609,-7.1193],[113.6609,-7.1195],[113.6609,-7.1197],[113.6608,-7.1199],[113.6609,-7.1201],[113.661,-7.1204],[113.6608,-7.1206],[113.6605,-7.1209],[113.6603,-7.1211],[113.6602,-7.1212],[113.66,-7.1213],[113.6597,-7.1216],[113.6593,-7.1219],[113.659,-7.1222],[113.6586,-7.1224],[113.6583,-7.1227],[113.6581,-7.1229],[113.658,-7.123],[113.6577,-7.123],[113.6576,-7.123],[113.6578,-7.1232],[113.658,-7.1235],[113.6581,-7.1238],[113.658,-7.1241],[113.6577,-7.1244],[113.6574,-7.1245],[113.6571,-7.1245],[113.657,-7.1244],[113.6569,-7.1243],[113.6567,-7.1243],[113.6565,-7.1244],[113.6566,-7.1247],[113.6565,-7.1249],[113.6564,-7.125],[113.6563,-7.1253],[113.6561,-7.1255],[113.6559,-7.1257],[113.6557,-7.1256],[113.6554,-7.1257],[113.6551,-7.1257],[113.6549,-7.1258],[113.6547,-7.1259],[113.6546,-7.126],[113.6544,-7.1261],[113.6542,-7.1271],[113.6542,-7.1273],[113.6539,-7.1276],[113.6537,-7.1277],[113.6532,-7.1277],[113.6528,-7.1277],[113.6521,-7.1275],[113.6514,-7.1272],[113.651,-7.1271],[113.6504,-7.127],[113.65,-7.127],[113.6495,-7.127],[113.6487,-7.127],[113.6485,-7.127],[113.6481,-7.1268],[113.6479,-7.1268],[113.6476,-7.1271],[113.6473,-7.1274],[113.647,-7.1276],[113.6468,-7.1278],[113.6465,-7.1281],[113.6463,-7.1283],[113.646,-7.1285],[113.6456,-7.1288],[113.6454,-7.1291],[113.6453,-7.1295],[113.645,-7.1296],[113.6447,-7.1296],[113.6444,-7.1297],[113.6438,-7.1296],[113.6435,-7.1294],[113.6432,-7.1293],[113.6426,-7.1291],[113.642,-7.1285],[113.6419,-7.1282],[113.6415,-7.1273],[113.6412,-7.127],[113.6408,-7.1266],[113.6407,-7.1262],[113.6401,-7.1255],[113.6398,-7.1251],[113.6397,-7.1248],[113.6396,-7.1244],[113.6395,-7.1243],[113.6393,-7.1242],[113.6387,-7.1242],[113.6385,-7.1241],[113.6385,-7.1238],[113.6384,-7.1236],[113.6382,-7.1233],[113.6381,-7.1233],[113.6377,-7.1234],[113.6374,-7.1235],[113.6369,-7.1235],[113.6365,-7.1236],[113.6359,-7.1236],[113.6356,-7.1236],[113.6352,-7.1236],[113.6348,-7.1235],[113.6346,-7.1234],[113.6343,-7.1234],[113.6339,-7.1234],[113.6335,-7.1235],[113.6333,-7.1237],[113.6333,-7.124],[113.6332,-7.1243],[113.6329,-7.1244],[113.6326,-7.1244],[113.632,-7.1244],[113.6314,-7.1243],[113.6311,-7.1242],[113.6309,-7.124],[113.6306,-7.1239],[113.6299,-7.1239],[113.6296,-7.124],[113.6291,-7.1242],[113.6286,-7.1244],[113.6282,-7.1244],[113.628,-7.1245],[113.6277,-7.1244],[113.6274,-7.1243],[113.6271,-7.1243],[113.6268,-7.1244],[113.6264,-7.1244],[113.6257,-7.1246],[113.6248,-7.1247],[113.6243,-7.1247],[113.6239,-7.1246],[113.6238,-7.1245],[113.6237,-7.1242],[113.6236,-7.1242],[113.6232,-7.1242],[113.6228,-7.1243],[113.6224,-7.1243],[113.622,-7.1244],[113.6216,-7.1244],[113.6214,-7.1245],[113.6213,-7.1246],[113.6214,-7.1252],[113.6214,-7.1254],[113.6214,-7.1257],[113.6204,-7.1259],[113.6203,-7.1255],[113.6199,-7.1255],[113.6195,-7.1255],[113.619,-7.1255],[113.6187,-7.1255],[113.6185,-7.1254],[113.6182,-7.1253],[113.6178,-7.1253],[113.6166,-7.1253],[113.6156,-7.1254],[113.615,-7.1255],[113.6148,-7.1257],[113.6145,-7.1259],[113.6143,-7.1259],[113.6142,-7.1261],[113.614,-7.1262],[113.6136,-7.1262],[113.6128,-7.1261],[113.612,-7.1258],[113.6112,-7.1256],[113.6109,-7.1256],[113.6104,-7.1256],[113.6101,-7.1259],[113.61,-7.126],[113.6095,-7.1261],[113.6092,-7.1262],[113.6089,-7.1263],[113.6084,-7.1265],[113.6081,-7.1266],[113.6078,-7.1267],[113.6076,-7.1267],[113.6074,-7.1266],[113.6073,-7.1263],[113.6072,-7.126],[113.6073,-7.1258],[113.6071,-7.1258],[113.6069,-7.1259],[113.6068,-7.126],[113.6067,-7.1262],[113.6064,-7.1263],[113.6061,-7.1264],[113.6058,-7.1265],[113.6055,-7.1267],[113.6049,-7.1269],[113.6045,-7.1271],[113.6042,-7.1273],[113.6039,-7.1274],[113.6037,-7.1276],[113.6035,-7.1276],[113.6032,-7.1278],[113.6028,-7.128],[113.6021,-7.1284],[113.602,-7.1299],[113.6083,-7.1301],[113.6148,-7.129],[113.6332,-7.128],[113.6362,-7.1278],[113.6418,-7.1332],[113.6569,-7.1302],[113.6782,-7.1093]]]}},{"type":"Feature","properties":{"name":"Pencadangan/Indikasi Kawasan Konservasi","fillColor":"#f60ada","fillOpacity":0.55},"geometry":{"type":"Polygon","coordinates":[[[114.3333,-7.0487],[114.3277,-7.0448],[114.3259,-7.0454],[114.2923,-7.0577],[114.2922,-7.058],[114.2917,-7.0591],[114.2912,-7.0601],[114.2908,-7.061],[114.2908,-7.0612],[114.2903,-7.0622],[114.2899,-7.0632],[114.2894,-7.0643],[114.289,-7.0652],[114.289,-7.0653],[114.2885,-7.0664],[114.2881,-7.0675],[114.288,-7.0678],[114.2877,-7.0685],[114.2873,-7.0696],[114.2868,-7.0706],[114.2864,-7.0717],[114.286,-7.0728],[114.2859,-7.0731],[114.2861,-7.073],[114.2863,-7.0727],[114.2865,-7.0725],[114.2867,-7.0722],[114.2869,-7.0719],[114.2871,-7.0717],[114.2871,-7.0715],[114.2872,-7.0713],[114.2873,-7.0711],[114.2875,-7.0709],[114.2877,-7.0708],[114.2879,-7.0705],[114.288,-7.0703],[114.2882,-7.0701],[114.2884,-7.07],[114.2886,-7.0698],[114.2887,-7.0698],[114.2889,-7.0697],[114.2891,-7.0695],[114.2893,-7.0693],[114.2896,-7.0692],[114.2898,-7.069],[114.29,-7.0688],[114.2902,-7.0686],[114.2904,-7.0685],[114.2906,-7.0683],[114.2908,-7.0681],[114.2911,-7.0679],[114.2912,-7.0678],[114.2914,-7.0678],[114.2916,-7.0676],[114.2918,-7.0673],[114.292,-7.067],[114.2921,-7.0669],[114.2923,-7.0667],[114.2925,-7.0666],[114.2927,-7.0663],[114.2929,-7.0662],[114.2931,-7.066],[114.2932,-7.0658],[114.2934,-7.0656],[114.2935,-7.0653],[114.2937,-7.0652],[114.2939,-7.065],[114.2941,-7.0649],[114.2943,-7.0647],[114.2944,-7.0646],[114.2947,-7.0645],[114.295,-7.0644],[114.2952,-7.0642],[114.2953,-7.0641],[114.2954,-7.064],[114.2959,-7.0635],[114.2966,-7.0629],[114.2968,-7.0628],[114.2971,-7.0626],[114.2972,-7.0625],[114.2973,-7.0625],[114.2975,-7.0624],[114.2976,-7.0623],[114.2979,-7.0621],[114.298,-7.062],[114.299,-7.0616],[114.2994,-7.0615],[114.2997,-7.0613],[114.3,-7.0611],[114.3003,-7.061],[114.3015,-7.0605],[114.3017,-7.0604],[114.3019,-7.0603],[114.3023,-7.0602],[114.3027,-7.0601],[114.3029,-7.06],[114.3035,-7.0598],[114.304,-7.0595],[114.3048,-7.0594],[114.3054,-7.0593],[114.306,-7.0591],[114.3066,-7.059],[114.3069,-7.0589],[114.307,-7.0589],[114.3076,-7.0589],[114.308,-7.0589],[114.3086,-7.0589],[114.309,-7.0588],[114.3093,-7.0587],[114.3096,-7.0587],[114.3097,-7.0587],[114.3097,-7.0588],[114.3098,-7.0587],[114.3099,-7.0587],[114.3102,-7.0586],[114.3105,-7.0586],[114.311,-7.0585],[114.3115,-7.0585],[114.312,-7.0585],[114.3125,-7.0584],[114.3128,-7.0585],[114.3132,-7.0584],[114.3135,-7.0584],[114.3138,-7.0584],[114.3139,-7.0584],[114.3139,-7.0585],[114.3143,-7.0584],[114.3147,-7.0584],[114.3149,-7.0583],[114.3152,-7.0581],[114.3154,-7.058],[114.3156,-7.0579],[114.3158,-7.0579],[114.3161,-7.0578],[114.3163,-7.0577],[114.3165,-7.0577],[114.3166,-7.0577],[114.3167,-7.0577],[114.3171,-7.0577],[114.3175,-7.0577],[114.3177,-7.0577],[114.3179,-7.0577],[114.3181,-7.0576],[114.3184,-7.0575],[114.3187,-7.0574],[114.3193,-7.0573],[114.3196,-7.0571],[114.3199,-7.057],[114.3203,-7.0568],[114.3206,-7.0567],[114.321,-7.0566],[114.3214,-7.0565],[114.3216,-7.0564],[114.3219,-7.0563],[114.3223,-7.0563],[114.3226,-7.0562],[114.3228,-7.0562],[114.323,-7.0562],[114.3232,-7.0562],[114.3235,-7.0562],[114.3236,-7.0562],[114.3238,-7.0561],[114.324,-7.0561],[114.3242,-7.056],[114.3244,-7.056],[114.3245,-7.056],[114.3247,-7.056],[114.325,-7.0559],[114.3253,-7.0559],[114.3254,-7.0558],[114.3258,-7.0558],[114.3262,-7.0557],[114.3274,-7.0554],[114.3275,-7.0555],[114.3275,-7.0554],[114.328,-7.0553],[114.3285,-7.0553],[114.329,-7.0552],[114.3295,-7.0552],[114.3299,-7.0553],[114.3302,-7.0553],[114.3305,-7.0553],[114.331,-7.0554],[114.3312,-7.0554],[114.3313,-7.0554],[114.3314,-7.0554],[114.3318,-7.0555],[114.3324,-7.0557],[114.3329,-7.0558],[114.3333,-7.056],[114.3333,-7.0487]]]}},{"type":"Feature","properties":{"name":"Pencadangan/Indikasi Kawasan Konservasi","fillColor":"#f60ada","fillOpacity":0.55},"geometry":{"type":"Polygon","coordinates":[[[114.6112,-5.0566],[114.6111,-5.0561],[114.6111,-5.0556],[114.611,-5.0553],[114.611,-5.0551],[114.6109,-5.0546],[114.6108,-5.0541],[114.6107,-5.0536],[114.6106,-5.0531],[114.6105,-5.0526],[114.6104,-5.0521],[114.6103,-5.0517],[114.6101,-5.0512],[114.61,-5.0508],[114.61,-5.051],[114.6097,-5.0514],[114.6097,-5.0515],[114.6093,-5.0522],[114.6091,-5.0525],[114.6091,-5.0526],[114.6087,-5.0533],[114.6085,-5.0538],[114.6082,-5.0551],[114.6081,-5.0553],[114.6081,-5.0555],[114.608,-5.0556],[114.6079,-5.0559],[114.6079,-5.0561],[114.6079,-5.0562],[114.6079,-5.0564],[114.6079,-5.0565],[114.6079,-5.0567],[114.6079,-5.0568],[114.608,-5.0569],[114.608,-5.057],[114.608,-5.0571],[114.6081,-5.0571],[114.6082,-5.0572],[114.6084,-5.0572],[114.6086,-5.0571],[114.6088,-5.057],[114.609,-5.057],[114.6092,-5.0571],[114.6095,-5.0574],[114.61,-5.0578],[114.6103,-5.058],[114.6103,-5.0581],[114.6105,-5.0584],[114.6107,-5.0589],[114.6109,-5.0599],[114.6111,-5.0604],[114.6112,-5.0607],[114.6112,-5.0608],[114.6113,-5.061],[114.6115,-5.0615],[114.6115,-5.0611],[114.6115,-5.0608],[114.6115,-5.0606],[114.6115,-5.0601],[114.6115,-5.0596],[114.6114,-5.0591],[114.6114,-5.0586],[114.6114,-5.0581],[114.6113,-5.0576],[114.6113,-5.0571],[114.6112,-5.0566]]]}},{"type":"Feature","properties":{"name":"Pencadangan/Indikasi Kawasan Konservasi","fillColor":"#f60ada","fillOpacity":0.55},"geometry":{"type":"MultiPolygon","coordinates":[[[[114.6013,-5.0455],[114.6008,-5.044],[114.5999,-5.0426],[114.5953,-5.0345],[114.5953,-5.0344],[114.5942,-5.0322],[114.5824,-5.1114],[114.6046,-5.1117],[114.6046,-5.1114],[114.6051,-5.1088],[114.6054,-5.1069],[114.6145,-5.1066],[114.6376,-5.1067],[114.6398,-5.1067],[114.6399,-5.1029],[114.6402,-5.089],[114.6407,-5.0675],[114.629,-5.0674],[114.6116,-5.0672],[114.6116,-5.0677],[114.6115,-5.0684],[114.6114,-5.0687],[114.6113,-5.0693],[114.6113,-5.0694],[114.6115,-5.0708],[114.6116,-5.0712],[114.6115,-5.0714],[114.6112,-5.072],[114.6111,-5.0722],[114.6111,-5.0725],[114.6111,-5.0731],[114.6117,-5.0731],[114.6118,-5.0731],[114.6121,-5.0735],[114.6121,-5.0738],[114.6121,-5.0739],[114.6119,-5.0745],[114.6116,-5.0751],[114.6113,-5.0756],[114.6105,-5.0765],[114.6104,-5.0766],[114.6103,-5.0767],[114.61,-5.0766],[114.6098,-5.0765],[114.6097,-5.0768],[114.6096,-5.0777],[114.6096,-5.078],[114.6096,-5.0782],[114.6095,-5.0785],[114.6095,-5.0786],[114.6087,-5.0796],[114.6083,-5.0801],[114.608,-5.0805],[114.6073,-5.0812],[114.6072,-5.0813],[114.6071,-5.0815],[114.6069,-5.082],[114.6069,-5.0825],[114.6068,-5.0826],[114.6061,-5.083],[114.6061,-5.0832],[114.6061,-5.0834],[114.6061,-5.0836],[114.606,-5.0838],[114.6055,-5.0852],[114.6054,-5.0854],[114.6048,-5.0873],[114.6048,-5.0874],[114.6045,-5.0884],[114.6045,-5.0892],[114.6042,-5.0904],[114.6041,-5.0908],[114.6041,-5.0909],[114.6042,-5.0914],[114.6044,-5.0923],[114.6044,-5.0926],[114.6045,-5.0927],[114.6045,-5.093],[114.6048,-5.0939],[114.6047,-5.0941],[114.6046,-5.0947],[114.6048,-5.095],[114.6048,-5.0953],[114.6046,-5.0957],[114.6045,-5.0959],[114.6044,-5.0963],[114.6042,-5.0969],[114.604,-5.097],[114.6038,-5.0971],[114.6028,-5.0969],[114.602,-5.0964],[114.6014,-5.0959],[114.6006,-5.0947],[114.6004,-5.0947],[114.6,-5.0948],[114.5998,-5.0951],[114.5998,-5.0953],[114.5997,-5.0956],[114.5996,-5.0958],[114.5995,-5.0959],[114.5991,-5.096],[114.5989,-5.096],[114.5985,-5.0959],[114.598,-5.0958],[114.5978,-5.0958],[114.5976,-5.096],[114.5971,-5.0961],[114.5966,-5.096],[114.596,-5.0959],[114.5957,-5.0958],[114.5956,-5.0957],[114.5954,-5.0955],[114.5952,-5.0952],[114.595,-5.095],[114.5949,-5.0947],[114.5947,-5.0944],[114.5946,-5.0943],[114.5941,-5.0942],[114.5932,-5.0938],[114.5931,-5.0937],[114.593,-5.0937],[114.5926,-5.0936],[114.5922,-5.0934],[114.5921,-5.0934],[114.5917,-5.0928],[114.5916,-5.0927],[114.5916,-5.0925],[114.5913,-5.0919],[114.5912,-5.0919],[114.5911,-5.0918],[114.59,-5.091],[114.5898,-5.091],[114.5897,-5.0909],[114.5896,-5.0905],[114.5897,-5.0899],[114.5899,-5.0895],[114.5909,-5.0882],[114.5911,-5.0879],[114.5912,-5.0879],[114.5916,-5.0878],[114.5919,-5.0877],[114.5921,-5.0876],[114.5923,-5.0872],[114.5924,-5.087],[114.5926,-5.0865],[114.5926,-5.0863],[114.5928,-5.0856],[114.5928,-5.0854],[114.5932,-5.0836],[114.5932,-5.0835],[114.5933,-5.0822],[114.5935,-5.0808],[114.5935,-5.0806],[114.5936,-5.0789],[114.5937,-5.0788],[114.5937,-5.0787],[114.5937,-5.0775],[114.5937,-5.0774],[114.5937,-5.0762],[114.5938,-5.0753],[114.5938,-5.0752],[114.5938,-5.0751],[114.5937,-5.0749],[114.5937,-5.0748],[114.5937,-5.0747],[114.5937,-5.0742],[114.5937,-5.0741],[114.5936,-5.0728],[114.5935,-5.0722],[114.5933,-5.072],[114.5933,-5.0719],[114.5931,-5.0718],[114.593,-5.0718],[114.593,-5.0719],[114.5927,-5.072],[114.5925,-5.072],[114.5922,-5.072],[114.5917,-5.072],[114.5914,-5.0718],[114.5912,-5.0717],[114.591,-5.0716],[114.5906,-5.0714],[114.5906,-5.0713],[114.5901,-5.0709],[114.59,-5.0707],[114.59,-5.0705],[114.59,-5.0703],[114.5902,-5.0701],[114.5902,-5.07],[114.5903,-5.0698],[114.5904,-5.0696],[114.5904,-5.0695],[114.5904,-5.0692],[114.5903,-5.0691],[114.5901,-5.0687],[114.5898,-5.0682],[114.5897,-5.0681],[114.5897,-5.068],[114.5895,-5.0677],[114.5894,-5.0675],[114.5893,-5.0673],[114.5893,-5.067],[114.5894,-5.067],[114.5898,-5.0669],[114.5898,-5.0668],[114.5897,-5.0666],[114.5895,-5.0665],[114.5887,-5.0661],[114.5884,-5.0658],[114.5882,-5.0655],[114.5881,-5.0653],[114.5881,-5.065],[114.5883,-5.0642],[114.5884,-5.064],[114.5886,-5.0638],[114.589,-5.0632],[114.589,-5.0631],[114.5889,-5.063],[114.5888,-5.0629],[114.5888,-5.0628],[114.5886,-5.0625],[114.5884,-5.0622],[114.5884,-5.0621],[114.5883,-5.062],[114.5882,-5.0617],[114.5882,-5.0616],[114.5882,-5.0614],[114.5883,-5.0612],[114.5883,-5.0611],[114.5884,-5.061],[114.5886,-5.0606],[114.5886,-5.0605],[114.5886,-5.0604],[114.5887,-5.0601],[114.5888,-5.0599],[114.5891,-5.0597],[114.5893,-5.0595],[114.5895,-5.0594],[114.5896,-5.0593],[114.5898,-5.0593],[114.5902,-5.0592],[114.5903,-5.059],[114.5908,-5.0585],[114.5909,-5.0585],[114.5911,-5.0583],[114.5914,-5.058],[114.5915,-5.0579],[114.5915,-5.0577],[114.5915,-5.0575],[114.5916,-5.0572],[114.5917,-5.057],[114.5919,-5.0568],[114.592,-5.0568],[114.5925,-5.0564],[114.593,-5.0561],[114.5932,-5.0559],[114.5934,-5.0554],[114.5935,-5.0553],[114.5936,-5.0548],[114.5934,-5.0548],[114.5931,-5.0548],[114.593,-5.0548],[114.593,-5.0546],[114.593,-5.0545],[114.593,-5.0544],[114.5933,-5.0541],[114.5935,-5.054],[114.5937,-5.0539],[114.594,-5.0538],[114.5941,-5.0538],[114.5942,-5.0538],[114.5944,-5.054],[114.5944,-5.0541],[114.5945,-5.0541],[114.5946,-5.0542],[114.5947,-5.0542],[114.5948,-5.0542],[114.595,-5.0542],[114.5952,-5.054],[114.5956,-5.0536],[114.5961,-5.0529],[114.5962,-5.0528],[114.5962,-5.0527],[114.597,-5.0514],[114.5971,-5.0514],[114.5973,-5.051],[114.5981,-5.0494],[114.5983,-5.0491],[114.5986,-5.0488],[114.5988,-5.0486],[114.6002,-5.0473],[114.6006,-5.0471],[114.6033,-5.0457],[114.6034,-5.0457],[114.6037,-5.0456],[114.6034,-5.0457],[114.6033,-5.0457],[114.6029,-5.0459],[114.602,-5.0463],[114.6013,-5.0455]]],[[[114.5947,-5.1027],[114.5948,-5.1027],[114.595,-5.1026],[114.5954,-5.1025],[114.5955,-5.1024],[114.5956,-5.1025],[114.5957,-5.1025],[114.5957,-5.1028],[114.5956,-5.103],[114.5955,-5.1032],[114.5954,-5.1033],[114.5953,-5.1034],[114.5953,-5.1035],[114.5953,-5.1036],[114.5954,-5.1036],[114.5954,-5.1037],[114.5953,-5.1037],[114.5952,-5.1037],[114.595,-5.1038],[114.5948,-5.1039],[114.5946,-5.1039],[114.5944,-5.104],[114.5942,-5.104],[114.5941,-5.104],[114.594,-5.1039],[114.5939,-5.1039],[114.5939,-5.1038],[114.5938,-5.1038],[114.5937,-5.1038],[114.5935,-5.1037],[114.5934,-5.1036],[114.5932,-5.1033],[114.5932,-5.1031],[114.5932,-5.1029],[114.5933,-5.1028],[114.5933,-5.1027],[114.5934,-5.1027],[114.5936,-5.1028],[114.5937,-5.1029],[114.5939,-5.1029],[114.5941,-5.1029],[114.5942,-5.1029],[114.5944,-5.1029],[114.5946,-5.1028],[114.5947,-5.1027]]],[[[114.6186,-5.0793],[114.6301,-5.0795],[114.6301,-5.093],[114.6301,-5.0938],[114.6301,-5.0951],[114.6288,-5.0951],[114.6163,-5.0951],[114.6165,-5.0938],[114.6169,-5.0909],[114.6174,-5.088],[114.6178,-5.0851],[114.6178,-5.0846],[114.6182,-5.0822],[114.6186,-5.0793]]]]}},{"type":"Feature","properties":{"name":"Pencadangan/Indikasi Kawasan Konservasi","fillColor":"#f60ada","fillOpacity":0.55},"geometry":{"type":"Polygon","coordinates":[[[114.4992,-7.136],[114.4991,-7.136],[114.499,-7.136],[114.4988,-7.136],[114.4987,-7.1361],[114.4986,-7.1362],[114.4985,-7.1363],[114.4984,-7.1364],[114.4983,-7.1364],[114.4983,-7.1365],[114.4984,-7.1366],[114.4985,-7.1367],[114.4986,-7.1367],[114.4988,-7.1367],[114.4989,-7.1366],[114.499,-7.1366],[114.4991,-7.1364],[114.4993,-7.1362],[114.4993,-7.1361],[114.4992,-7.1361],[114.4992,-7.136]]]}},{"type":"Feature","properties":{"name":"Pencadangan/Indikasi Kawasan Konservasi","fillColor":"#f60ada","fillOpacity":0.55},"geometry":{"type":"Polygon","coordinates":[[[114.4993,-7.1308],[114.4993,-7.1285],[114.4993,-7.1254],[114.4992,-7.119],[114.4992,-7.1062],[114.4984,-7.1069],[114.4938,-7.1106],[114.4753,-7.1256],[114.4704,-7.1295],[114.4705,-7.1401],[114.4751,-7.1408],[114.4761,-7.141],[114.4763,-7.141],[114.4765,-7.1409],[114.477,-7.1407],[114.4779,-7.1402],[114.4785,-7.1397],[114.4792,-7.1393],[114.4797,-7.1389],[114.4803,-7.1385],[114.4806,-7.1383],[114.4811,-7.1382],[114.4815,-7.1382],[114.4817,-7.1383],[114.4819,-7.1385],[114.482,-7.1386],[114.4821,-7.1387],[114.4825,-7.1389],[114.4834,-7.139],[114.484,-7.139],[114.485,-7.139],[114.4853,-7.139],[114.4857,-7.139],[114.4868,-7.1391],[114.4871,-7.1391],[114.4873,-7.1391],[114.4874,-7.1391],[114.488,-7.139],[114.4883,-7.1389],[114.4886,-7.1389],[114.4891,-7.1389],[114.4896,-7.1386],[114.4898,-7.1385],[114.49,-7.1385],[114.4903,-7.1384],[114.4907,-7.1383],[114.491,-7.1383],[114.4915,-7.1382],[114.4921,-7.1382],[114.4931,-7.138],[114.4937,-7.1379],[114.4943,-7.1377],[114.4948,-7.1375],[114.4955,-7.1372],[114.4957,-7.1371],[114.4959,-7.137],[114.496,-7.137],[114.4962,-7.1369],[114.4963,-7.137],[114.4963,-7.1372],[114.4962,-7.1373],[114.4962,-7.1374],[114.4962,-7.1375],[114.4963,-7.1375],[114.4964,-7.1375],[114.4964,-7.1376],[114.4965,-7.1378],[114.4967,-7.1378],[114.4972,-7.1377],[114.4975,-7.1375],[114.4976,-7.1375],[114.4977,-7.1373],[114.4977,-7.1372],[114.4978,-7.1371],[114.4979,-7.1369],[114.4981,-7.1368],[114.4981,-7.1366],[114.4982,-7.1365],[114.4982,-7.1363],[114.4983,-7.1362],[114.4984,-7.136],[114.4987,-7.1359],[114.4989,-7.1358],[114.499,-7.1358],[114.4991,-7.1358],[114.4992,-7.1358],[114.4993,-7.1358],[114.4993,-7.1308]]]}},{"type":"Feature","properties":{"name":"Pencadangan/Indikasi Kawasan Konservasi","fillColor":"#f60ada","fillOpacity":0.55},"geometry":{"type":"Polygon","coordinates":[[[115.7473,-7.0644],[115.7403,-7.0587],[115.7157,-7.0888],[115.7245,-7.0922],[115.7473,-7.0644]]]}},{"type":"Feature","properties":{"name":"Pencadangan/Indikasi Kawasan Konservasi","fillColor":"#f60ada","fillOpacity":0.55},"geometry":{"type":"Polygon","coordinates":[[[115.8692,-6.9966],[115.8689,-6.9964],[115.8684,-6.9957],[115.8679,-6.995],[115.8674,-6.9942],[115.867,-6.9934],[115.8667,-6.9925],[115.8664,-6.9917],[115.8662,-6.9908],[115.8661,-6.9899],[115.866,-6.989],[115.866,-6.9881],[115.8661,-6.9876],[115.8637,-6.9876],[115.8636,-6.9876],[115.8635,-6.9876],[115.8634,-6.9876],[115.8633,-6.9876],[115.8632,-6.9876],[115.8631,-6.9876],[115.863,-6.9876],[115.8629,-6.9876],[115.8628,-6.9877],[115.8626,-6.9877],[115.8624,-6.9878],[115.8623,-6.9878],[115.8217,-7.0017],[115.7432,-7.0208],[115.7382,-7.0212],[115.7381,-7.0213],[115.738,-7.0213],[115.7379,-7.0213],[115.7378,-7.0213],[115.7377,-7.0213],[115.7375,-7.0214],[115.7374,-7.0214],[115.7373,-7.0214],[115.7317,-7.0231],[115.7316,-7.0231],[115.7315,-7.0232],[115.7262,-7.0251],[115.7199,-7.0266],[115.7174,-7.0272],[115.71,-7.029],[115.7006,-7.0313],[115.6834,-7.0277],[115.6418,-7.019],[115.6417,-7.019],[115.6416,-7.0189],[115.6415,-7.0189],[115.6414,-7.0189],[115.6413,-7.0189],[115.6412,-7.0189],[115.6411,-7.0189],[115.641,-7.0189],[115.6409,-7.0189],[115.6407,-7.0189],[115.6405,-7.0189],[115.6185,-7.0206],[115.5936,-7.0225],[115.5935,-7.0225],[115.5933,-7.0225],[115.5932,-7.0226],[115.5931,-7.0226],[115.593,-7.0226],[115.5929,-7.0226],[115.5928,-7.0226],[115.5927,-7.0227],[115.5926,-7.0227],[115.5925,-7.0227],[115.5924,-7.0228],[115.5923,-7.0228],[115.5921,-7.0229],[115.592,-7.0229],[115.5919,-7.023],[115.5917,-7.0231],[115.5917,-7.0332],[115.5951,-7.0315],[115.6406,-7.028],[115.6997,-7.0404],[115.6999,-7.0404],[115.7,-7.0404],[115.7,-7.0405],[115.7001,-7.0405],[115.7002,-7.0405],[115.7003,-7.0405],[115.7004,-7.0405],[115.7005,-7.0405],[115.7006,-7.0405],[115.7007,-7.0405],[115.7008,-7.0405],[115.7009,-7.0405],[115.701,-7.0405],[115.7011,-7.0405],[115.7012,-7.0405],[115.7013,-7.0404],[115.7014,-7.0404],[115.7016,-7.0404],[115.7017,-7.0404],[115.7172,-7.0366],[115.7195,-7.036],[115.7282,-7.0339],[115.7286,-7.0338],[115.7287,-7.0338],[115.7289,-7.0337],[115.729,-7.0337],[115.7291,-7.0336],[115.7344,-7.0317],[115.7394,-7.0302],[115.7443,-7.0298],[115.7444,-7.0298],[115.7445,-7.0298],[115.7446,-7.0297],[115.7447,-7.0297],[115.7449,-7.0297],[115.745,-7.0297],[115.824,-7.0104],[115.8241,-7.0104],[115.8242,-7.0103],[115.8243,-7.0103],[115.8244,-7.0103],[115.8645,-6.9966],[115.8692,-6.9966]]]}},{"type":"Feature","properties":{"name":"Pencadangan/Indikasi Kawasan Konservasi","fillColor":"#f60ada","fillOpacity":0.55},"geometry":{"type":"Polygon","coordinates":[[[115.9243,-6.9595],[115.9242,-6.9593],[115.9236,-6.9592],[115.9233,-6.9592],[115.9231,-6.9592],[115.9227,-6.9593],[115.9225,-6.9595],[115.9222,-6.9596],[115.9218,-6.9596],[115.9217,-6.9596],[115.9214,-6.9602],[115.9162,-6.9696],[115.9063,-6.9877],[115.8886,-6.9876],[115.8886,-6.9881],[115.8886,-6.989],[115.8886,-6.9899],[115.8885,-6.9908],[115.8883,-6.9917],[115.888,-6.9925],[115.8877,-6.9934],[115.8873,-6.9942],[115.8868,-6.995],[115.8863,-6.9957],[115.8857,-6.9964],[115.8855,-6.9966],[115.8855,-6.9967],[115.9089,-6.9967],[115.909,-6.9967],[115.9091,-6.9967],[115.9092,-6.9967],[115.9093,-6.9967],[115.9094,-6.9967],[115.9095,-6.9967],[115.9096,-6.9967],[115.9097,-6.9966],[115.9098,-6.9966],[115.9099,-6.9966],[115.91,-6.9966],[115.9101,-6.9966],[115.9102,-6.9965],[115.9103,-6.9965],[115.9104,-6.9965],[115.9105,-6.9964],[115.9106,-6.9964],[115.9107,-6.9964],[115.9108,-6.9963],[115.9109,-6.9963],[115.9109,-6.9962],[115.911,-6.9962],[115.9111,-6.9962],[115.9112,-6.9961],[115.9113,-6.9961],[115.9114,-6.996],[115.9115,-6.996],[115.9115,-6.9959],[115.9116,-6.9958],[115.9117,-6.9958],[115.9118,-6.9957],[115.9119,-6.9957],[115.9119,-6.9956],[115.912,-6.9955],[115.9121,-6.9955],[115.9121,-6.9954],[115.9122,-6.9953],[115.9123,-6.9952],[115.9124,-6.9951],[115.9125,-6.995],[115.9125,-6.9949],[115.9126,-6.9949],[115.9127,-6.9948],[115.9127,-6.9947],[115.9128,-6.9946],[115.9128,-6.9945],[115.9129,-6.9945],[115.9129,-6.9944],[115.9152,-6.9902],[115.9246,-6.9673],[115.9255,-6.965],[115.9274,-6.9604],[115.9275,-6.9601],[115.9276,-6.96],[115.9273,-6.9599],[115.9269,-6.9597],[115.9268,-6.9597],[115.9266,-6.9596],[115.9264,-6.9596],[115.9263,-6.9594],[115.926,-6.9594],[115.9256,-6.9593],[115.9255,-6.9593],[115.9253,-6.9593],[115.9251,-6.9595],[115.9248,-6.9595],[115.9247,-6.9596],[115.9245,-6.9596],[115.9243,-6.9595]]]}},{"type":"Feature","properties":{"name":"Pencadangan/Indikasi Kawasan Konservasi","fillColor":"#f60ada","fillOpacity":0.55},"geometry":{"type":"Polygon","coordinates":[[[114.3446,-7.1716],[114.3445,-7.1715],[114.3444,-7.1715],[114.3443,-7.1714],[114.3442,-7.1713],[114.3438,-7.1709],[114.3437,-7.1709],[114.3435,-7.1708],[114.3433,-7.1708],[114.343,-7.1705],[114.3429,-7.1704],[114.3428,-7.1703],[114.3427,-7.1702],[114.3422,-7.17],[114.3419,-7.1699],[114.3419,-7.1698],[114.3419,-7.1697],[114.3416,-7.1695],[114.3416,-7.1694],[114.3413,-7.1694],[114.3411,-7.1693],[114.3407,-7.169],[114.3406,-7.1689],[114.3404,-7.1688],[114.3402,-7.1687],[114.34,-7.1686],[114.3399,-7.1685],[114.3398,-7.1685],[114.3398,-7.1684],[114.3396,-7.1682],[114.3395,-7.1681],[114.3393,-7.168],[114.3392,-7.1679],[114.339,-7.1679],[114.3389,-7.1678],[114.3387,-7.1678],[114.3387,-7.1681],[114.3387,-7.1699],[114.3387,-7.1713],[114.3387,-7.1746],[114.3387,-7.1775],[114.3387,-7.1824],[114.3583,-7.1941],[114.3907,-7.1933],[114.3907,-7.1858],[114.3907,-7.1802],[114.3903,-7.1802],[114.3903,-7.1803],[114.3902,-7.1802],[114.3901,-7.1802],[114.3899,-7.1803],[114.3898,-7.1803],[114.3896,-7.1803],[114.3895,-7.1803],[114.3892,-7.1803],[114.389,-7.1804],[114.3889,-7.1805],[114.3889,-7.1806],[114.3888,-7.1807],[114.3887,-7.1809],[114.3885,-7.181],[114.3884,-7.181],[114.3882,-7.1812],[114.3881,-7.1812],[114.3879,-7.1813],[114.3878,-7.1814],[114.3876,-7.1815],[114.3875,-7.1815],[114.3874,-7.1815],[114.3873,-7.1815],[114.3871,-7.1816],[114.387,-7.1816],[114.3869,-7.1817],[114.3868,-7.1817],[114.3867,-7.1815],[114.3866,-7.1814],[114.3865,-7.1813],[114.3864,-7.1812],[114.3863,-7.1811],[114.3863,-7.1808],[114.3863,-7.1807],[114.3862,-7.1806],[114.3861,-7.1806],[114.3859,-7.1806],[114.3858,-7.1807],[114.3857,-7.1808],[114.3856,-7.1808],[114.3856,-7.181],[114.3854,-7.181],[114.3854,-7.1809],[114.3854,-7.1808],[114.3852,-7.1807],[114.3852,-7.1808],[114.3852,-7.1809],[114.3852,-7.181],[114.385,-7.1811],[114.3849,-7.1812],[114.3848,-7.1812],[114.3847,-7.1812],[114.3846,-7.181],[114.3846,-7.1809],[114.3845,-7.1809],[114.3844,-7.1809],[114.3843,-7.1811],[114.3843,-7.1812],[114.3842,-7.1812],[114.3842,-7.1813],[114.384,-7.1813],[114.3839,-7.1813],[114.3838,-7.1814],[114.3837,-7.1814],[114.3834,-7.1813],[114.3833,-7.1813],[114.3831,-7.1812],[114.3831,-7.1811],[114.3829,-7.1811],[114.3828,-7.181],[114.3827,-7.1811],[114.3826,-7.181],[114.3825,-7.181],[114.3823,-7.1809],[114.3822,-7.1809],[114.3821,-7.1809],[114.3821,-7.1808],[114.382,-7.1806],[114.382,-7.1805],[114.382,-7.1804],[114.382,-7.1803],[114.382,-7.18],[114.382,-7.1799],[114.3819,-7.1798],[114.3818,-7.1798],[114.3816,-7.1798],[114.3813,-7.1798],[114.3812,-7.1798],[114.381,-7.1797],[114.3808,-7.1797],[114.3807,-7.1797],[114.3806,-7.1796],[114.3805,-7.1795],[114.3802,-7.1795],[114.38,-7.1795],[114.3799,-7.1795],[114.3798,-7.1795],[114.3795,-7.1795],[114.3793,-7.1796],[114.3792,-7.1796],[114.379,-7.1796],[114.3787,-7.1797],[114.3785,-7.1798],[114.3784,-7.1799],[114.3782,-7.1799],[114.3781,-7.1799],[114.3779,-7.1798],[114.3777,-7.1798],[114.3776,-7.1797],[114.3775,-7.1796],[114.3772,-7.1796],[114.3771,-7.1796],[114.3769,-7.1796],[114.3767,-7.1797],[114.3765,-7.1797],[114.3762,-7.1798],[114.376,-7.1798],[114.3759,-7.1798],[114.3755,-7.1798],[114.3753,-7.1798],[114.3751,-7.1798],[114.3749,-7.1798],[114.3746,-7.1797],[114.3744,-7.1797],[114.3742,-7.1797],[114.3739,-7.1797],[114.3735,-7.1797],[114.3734,-7.1797],[114.3731,-7.1797],[114.3727,-7.1797],[114.3719,-7.1798],[114.3718,-7.1798],[114.3712,-7.1798],[114.3707,-7.1799],[114.3704,-7.18],[114.3702,-7.18],[114.37,-7.18],[114.3698,-7.18],[114.3695,-7.18],[114.3693,-7.18],[114.3691,-7.18],[114.369,-7.1799],[114.3689,-7.1799],[114.3687,-7.1796],[114.3686,-7.1796],[114.3685,-7.1795],[114.3683,-7.1795],[114.3677,-7.1794],[114.3674,-7.1794],[114.367,-7.1793],[114.3667,-7.1793],[114.3665,-7.1792],[114.3663,-7.1792],[114.366,-7.1792],[114.3658,-7.1793],[114.3654,-7.1793],[114.3652,-7.1793],[114.3649,-7.1793],[114.3647,-7.1793],[114.3641,-7.1792],[114.3638,-7.1792],[114.3636,-7.1791],[114.3634,-7.1791],[114.3631,-7.1789],[114.3629,-7.1788],[114.3626,-7.1786],[114.3623,-7.1785],[114.3621,-7.1784],[114.3621,-7.1782],[114.362,-7.1781],[114.3619,-7.1781],[114.3616,-7.178],[114.3615,-7.1779],[114.3614,-7.1778],[114.3614,-7.1777],[114.3611,-7.1775],[114.3609,-7.1774],[114.3609,-7.1773],[114.3608,-7.1773],[114.3607,-7.1772],[114.3604,-7.1772],[114.3603,-7.1771],[114.3601,-7.177],[114.3599,-7.177],[114.3597,-7.1769],[114.3596,-7.1768],[114.3594,-7.1767],[114.3593,-7.1766],[114.3587,-7.1764],[114.3587,-7.1763],[114.3586,-7.1763],[114.3585,-7.1762],[114.3581,-7.176],[114.3579,-7.1759],[114.3577,-7.1759],[114.3575,-7.1759],[114.3573,-7.176],[114.3572,-7.176],[114.3571,-7.1759],[114.3569,-7.1759],[114.3566,-7.1757],[114.3564,-7.1758],[114.3563,-7.1758],[114.3561,-7.1758],[114.3558,-7.1756],[114.3557,-7.1755],[114.3556,-7.1753],[114.3554,-7.1751],[114.3552,-7.1748],[114.3551,-7.1746],[114.3549,-7.1745],[114.3546,-7.1743],[114.3542,-7.1741],[114.3539,-7.174],[114.3537,-7.1739],[114.3535,-7.1738],[114.3533,-7.1737],[114.353,-7.1735],[114.3528,-7.1734],[114.3526,-7.1734],[114.3524,-7.1733],[114.3523,-7.1732],[114.3519,-7.1731],[114.3514,-7.173],[114.3513,-7.173],[114.3509,-7.1729],[114.3506,-7.1728],[114.3504,-7.1728],[114.3501,-7.1728],[114.3494,-7.1726],[114.3491,-7.1725],[114.3489,-7.1725],[114.3487,-7.1725],[114.3484,-7.1726],[114.3481,-7.1725],[114.3479,-7.1725],[114.3478,-7.1724],[114.3476,-7.1723],[114.3475,-7.1723],[114.3474,-7.1722],[114.3472,-7.1721],[114.3468,-7.1721],[114.3466,-7.1721],[114.3464,-7.172],[114.3462,-7.172],[114.346,-7.1719],[114.3459,-7.1718],[114.3458,-7.1717],[114.3456,-7.1716],[114.3452,-7.1716],[114.345,-7.1715],[114.3448,-7.1716],[114.3446,-7.1716]]]}},{"type":"Feature","properties":{"name":"Pencadangan/Indikasi Kawasan Konservasi","fillColor":"#f60ada","fillOpacity":0.55},"geometry":{"type":"MultiPolygon","coordinates":[[[[114.6897,-7.1581],[114.647,-7.1581],[114.6324,-7.1581],[114.6323,-7.1591],[114.6083,-7.1585],[114.6081,-7.1586],[114.6078,-7.1587],[114.6074,-7.1587],[114.6072,-7.1587],[114.607,-7.1588],[114.6066,-7.159],[114.6062,-7.1592],[114.6059,-7.1595],[114.6056,-7.1597],[114.6057,-7.16],[114.6056,-7.1604],[114.6056,-7.1607],[114.6056,-7.1611],[114.6056,-7.1614],[114.6054,-7.1617],[114.6053,-7.1618],[114.6051,-7.1619],[114.6049,-7.162],[114.6048,-7.162],[114.6042,-7.1622],[114.6034,-7.1622],[114.603,-7.1621],[114.6027,-7.1617],[114.6024,-7.1613],[114.6022,-7.161],[114.6022,-7.1606],[114.602,-7.1603],[114.6017,-7.16],[114.6016,-7.1599],[114.6014,-7.1598],[114.6012,-7.1599],[114.601,-7.1601],[114.6009,-7.1603],[114.6011,-7.1605],[114.6012,-7.1608],[114.6013,-7.1611],[114.6013,-7.1613],[114.6012,-7.1616],[114.6009,-7.162],[114.6007,-7.1622],[114.6005,-7.1625],[114.6002,-7.1627],[114.6001,-7.1629],[114.5999,-7.1627],[114.5998,-7.1625],[114.5997,-7.1623],[114.5996,-7.1622],[114.5995,-7.1624],[114.5994,-7.1627],[114.5993,-7.1628],[114.5993,-7.163],[114.5992,-7.1633],[114.5991,-7.1633],[114.599,-7.1636],[114.5988,-7.1638],[114.5985,-7.1639],[114.5981,-7.164],[114.5977,-7.1641],[114.5975,-7.1641],[114.5973,-7.1642],[114.5969,-7.1642],[114.5967,-7.1642],[114.5964,-7.1642],[114.5962,-7.1642],[114.596,-7.1642],[114.5959,-7.164],[114.5958,-7.1637],[114.5957,-7.1635],[114.5957,-7.1633],[114.5956,-7.163],[114.5956,-7.1628],[114.5956,-7.1627],[114.5954,-7.1626],[114.5953,-7.1626],[114.5952,-7.1627],[114.5952,-7.1629],[114.5953,-7.1632],[114.5954,-7.1633],[114.5954,-7.1635],[114.5955,-7.1635],[114.5955,-7.1637],[114.5956,-7.1639],[114.5956,-7.164],[114.5956,-7.1641],[114.5955,-7.1641],[114.5952,-7.1642],[114.595,-7.1643],[114.5948,-7.1643],[114.5946,-7.1643],[114.5944,-7.1641],[114.5943,-7.1639],[114.5943,-7.1638],[114.5943,-7.1636],[114.5943,-7.1633],[114.5944,-7.163],[114.5943,-7.1628],[114.5941,-7.1628],[114.5941,-7.1631],[114.5941,-7.1633],[114.594,-7.1634],[114.594,-7.1635],[114.5939,-7.1636],[114.5939,-7.1637],[114.5937,-7.1638],[114.5936,-7.1639],[114.5933,-7.1641],[114.593,-7.1643],[114.5929,-7.1643],[114.5928,-7.1643],[114.5927,-7.1643],[114.5925,-7.1643],[114.5923,-7.1643],[114.5916,-7.1643],[114.5915,-7.1642],[114.5913,-7.1642],[114.5911,-7.164],[114.591,-7.1639],[114.591,-7.1638],[114.591,-7.1637],[114.5909,-7.1637],[114.5908,-7.1634],[114.5907,-7.1633],[114.5904,-7.1632],[114.5901,-7.1631],[114.5898,-7.1631],[114.5894,-7.1632],[114.5892,-7.1633],[114.5889,-7.1633],[114.5887,-7.1633],[114.5884,-7.1633],[114.5883,-7.1632],[114.5882,-7.1631],[114.588,-7.1629],[114.5878,-7.1628],[114.5876,-7.1626],[114.5874,-7.1625],[114.5871,-7.1624],[114.5868,-7.1624],[114.5866,-7.1624],[114.5862,-7.1627],[114.5861,-7.1628],[114.586,-7.163],[114.586,-7.1632],[114.5859,-7.1634],[114.5857,-7.1635],[114.5856,-7.1636],[114.5853,-7.1637],[114.5851,-7.1638],[114.585,-7.1639],[114.5847,-7.164],[114.5846,-7.164],[114.5842,-7.164],[114.5839,-7.164],[114.5836,-7.1639],[114.5835,-7.164],[114.5832,-7.1641],[114.5829,-7.1642],[114.5827,-7.1642],[114.5825,-7.1642],[114.5824,-7.1643],[114.582,-7.1643],[114.5816,-7.1642],[114.5813,-7.1641],[114.5809,-7.164],[114.5805,-7.164],[114.5801,-7.1639],[114.5797,-7.1638],[114.5794,-7.1638],[114.5792,-7.1638],[114.5789,-7.1638],[114.5788,-7.164],[114.5787,-7.1641],[114.5785,-7.1641],[114.5784,-7.164],[114.5782,-7.164],[114.578,-7.164],[114.5779,-7.164],[114.5778,-7.164],[114.5777,-7.1642],[114.5777,-7.1644],[114.5776,-7.1646],[114.5775,-7.1647],[114.5774,-7.1648],[114.5773,-7.1648],[114.5771,-7.1647],[114.5769,-7.1647],[114.5768,-7.1646],[114.5766,-7.1647],[114.5765,-7.1647],[114.5763,-7.1649],[114.5762,-7.165],[114.5761,-7.1653],[114.5761,-7.1655],[114.576,-7.1657],[114.576,-7.1659],[114.576,-7.1661],[114.5758,-7.1663],[114.5756,-7.1664],[114.5755,-7.1663],[114.5753,-7.1661],[114.5752,-7.1658],[114.575,-7.1657],[114.5748,-7.1655],[114.5746,-7.1654],[114.5743,-7.1653],[114.5741,-7.1652],[114.574,-7.1652],[114.5739,-7.1651],[114.5738,-7.1651],[114.5737,-7.165],[114.5735,-7.1649],[114.5734,-7.1648],[114.5733,-7.1648],[114.5733,-7.1647],[114.5732,-7.1646],[114.5732,-7.1645],[114.5732,-7.1644],[114.5733,-7.1643],[114.5733,-7.1642],[114.5733,-7.1641],[114.5734,-7.164],[114.5734,-7.1639],[114.5735,-7.1639],[114.5736,-7.1638],[114.5737,-7.1636],[114.5738,-7.1635],[114.5738,-7.1634],[114.5739,-7.1634],[114.574,-7.1634],[114.5741,-7.1634],[114.5742,-7.1634],[114.5743,-7.1634],[114.5744,-7.1634],[114.5745,-7.1634],[114.5749,-7.1632],[114.575,-7.1631],[114.575,-7.1629],[114.5752,-7.1627],[114.5753,-7.1625],[114.5754,-7.1624],[114.5755,-7.1623],[114.5755,-7.1622],[114.5756,-7.162],[114.5757,-7.1619],[114.5757,-7.1617],[114.5757,-7.1616],[114.5756,-7.1615],[114.5755,-7.1614],[114.5754,-7.1613],[114.5754,-7.1611],[114.5754,-7.161],[114.5754,-7.1608],[114.5755,-7.1607],[114.5754,-7.1604],[114.5754,-7.1602],[114.5754,-7.1601],[114.5754,-7.16],[114.5753,-7.16],[114.5751,-7.1599],[114.575,-7.1599],[114.5749,-7.1599],[114.5747,-7.1599],[114.5746,-7.1599],[114.5744,-7.1599],[114.5743,-7.1599],[114.5743,-7.1598],[114.5743,-7.1596],[114.5742,-7.1595],[114.5742,-7.1594],[114.5742,-7.1593],[114.5741,-7.1592],[114.574,-7.1591],[114.5739,-7.159],[114.5739,-7.1589],[114.5738,-7.1587],[114.5737,-7.1587],[114.5736,-7.1586],[114.5733,-7.1585],[114.5732,-7.1584],[114.5731,-7.1583],[114.5731,-7.1582],[114.5731,-7.1581],[114.4994,-7.1581],[114.4994,-7.1592],[114.4994,-7.1612],[114.4994,-7.1641],[114.5044,-7.1641],[114.5081,-7.1635],[114.5257,-7.1607],[114.5592,-7.1645],[114.6011,-7.1785],[114.6707,-7.1785],[114.6897,-7.1679],[114.6897,-7.1581]]],[[[114.6759,-7.1584],[114.6761,-7.1583],[114.6762,-7.1582],[114.6763,-7.1583],[114.6764,-7.1583],[114.6765,-7.1584],[114.6767,-7.1585],[114.6773,-7.1587],[114.6776,-7.1587],[114.678,-7.1588],[114.6781,-7.1588],[114.6782,-7.1588],[114.6783,-7.1589],[114.6788,-7.159],[114.6789,-7.1591],[114.6793,-7.1592],[114.6795,-7.1593],[114.6796,-7.1593],[114.6799,-7.1595],[114.6801,-7.1597],[114.6804,-7.1599],[114.6808,-7.1603],[114.6812,-7.1606],[114.6815,-7.1609],[114.682,-7.1611],[114.6821,-7.1611],[114.6822,-7.1611],[114.6825,-7.1612],[114.6827,-7.1613],[114.6829,-7.1614],[114.6831,-7.1616],[114.6833,-7.1616],[114.6835,-7.1617],[114.6836,-7.1617],[114.6837,-7.1618],[114.6838,-7.1619],[114.684,-7.162],[114.6841,-7.1621],[114.6842,-7.1623],[114.6843,-7.1625],[114.6844,-7.1628],[114.6844,-7.1629],[114.6844,-7.163],[114.6844,-7.1631],[114.6845,-7.1634],[114.6847,-7.1637],[114.6847,-7.1638],[114.6849,-7.1639],[114.6849,-7.164],[114.685,-7.1639],[114.6851,-7.1639],[114.6852,-7.1638],[114.6853,-7.1637],[114.6854,-7.1637],[114.6855,-7.1637],[114.6856,-7.1638],[114.6855,-7.164],[114.6855,-7.1641],[114.6854,-7.1642],[114.6854,-7.1643],[114.6853,-7.1644],[114.6852,-7.1644],[114.6851,-7.1643],[114.6851,-7.1644],[114.685,-7.1644],[114.685,-7.1645],[114.685,-7.1646],[114.685,-7.1647],[114.6849,-7.1646],[114.6848,-7.1647],[114.6848,-7.1648],[114.6847,-7.1648],[114.6846,-7.1649],[114.6844,-7.165],[114.6843,-7.1652],[114.6843,-7.1653],[114.6842,-7.1654],[114.6841,-7.1654],[114.684,-7.1653],[114.6839,-7.1652],[114.6839,-7.165],[114.6839,-7.1649],[114.6838,-7.1648],[114.6838,-7.1646],[114.6838,-7.1645],[114.6837,-7.1644],[114.6836,-7.1644],[114.6836,-7.1643],[114.6835,-7.1642],[114.6833,-7.1642],[114.6832,-7.1643],[114.6829,-7.1643],[114.6828,-7.1644],[114.6826,-7.1645],[114.6822,-7.1645],[114.682,-7.1645],[114.6818,-7.1646],[114.6815,-7.1649],[114.6812,-7.1651],[114.681,-7.1653],[114.6809,-7.1654],[114.6806,-7.1656],[114.6804,-7.166],[114.6804,-7.1661],[114.6803,-7.1661],[114.6802,-7.1661],[114.6801,-7.1661],[114.68,-7.1661],[114.6798,-7.1661],[114.6796,-7.1661],[114.6794,-7.1662],[114.6793,-7.1662],[114.6792,-7.1662],[114.679,-7.1662],[114.6788,-7.1661],[114.6788,-7.1659],[114.6787,-7.1658],[114.6786,-7.1657],[114.6786,-7.1654],[114.6785,-7.1652],[114.6783,-7.165],[114.6782,-7.165],[114.6781,-7.1648],[114.678,-7.1648],[114.6777,-7.1649],[114.6767,-7.1652],[114.6764,-7.1654],[114.6761,-7.1655],[114.6746,-7.1663],[114.6744,-7.1664],[114.674,-7.1666],[114.6739,-7.1667],[114.6738,-7.1667],[114.6737,-7.1667],[114.6736,-7.1667],[114.6735,-7.1667],[114.6734,-7.1667],[114.6731,-7.1666],[114.6728,-7.1666],[114.6726,-7.1666],[114.6725,-7.1667],[114.6722,-7.1669],[114.6719,-7.1671],[114.6709,-7.1675],[114.6705,-7.1676],[114.6697,-7.1679],[114.6685,-7.1682],[114.6663,-7.1687],[114.6646,-7.1691],[114.664,-7.1692],[114.662,-7.1695],[114.6616,-7.1695],[114.6609,-7.1697],[114.6604,-7.1698],[114.66,-7.1698],[114.6594,-7.1699],[114.6587,-7.1699],[114.6577,-7.17],[114.6576,-7.17],[114.6575,-7.17],[114.6574,-7.1701],[114.6572,-7.1702],[114.657,-7.1702],[114.6568,-7.1701],[114.6567,-7.17],[114.6567,-7.1699],[114.6567,-7.1697],[114.6568,-7.1692],[114.6568,-7.1688],[114.6568,-7.1687],[114.6568,-7.1686],[114.6566,-7.1685],[114.6565,-7.1684],[114.6565,-7.1683],[114.6565,-7.1681],[114.6565,-7.1679],[114.6564,-7.1678],[114.6563,-7.1676],[114.6563,-7.1675],[114.6563,-7.1672],[114.6564,-7.167],[114.6564,-7.1669],[114.6564,-7.1668],[114.6564,-7.1667],[114.6564,-7.1665],[114.6563,-7.1663],[114.6562,-7.1661],[114.6561,-7.1659],[114.6561,-7.1657],[114.6561,-7.1655],[114.6563,-7.1653],[114.6564,-7.165],[114.6565,-7.1647],[114.6568,-7.1643],[114.657,-7.164],[114.6572,-7.1637],[114.6576,-7.1633],[114.6578,-7.1632],[114.6583,-7.1628],[114.6589,-7.1625],[114.6596,-7.1622],[114.6606,-7.162],[114.6612,-7.1618],[114.6615,-7.1617],[114.6618,-7.1616],[114.6625,-7.1614],[114.6628,-7.1613],[114.6628,-7.1612],[114.663,-7.1612],[114.6631,-7.1611],[114.6633,-7.1611],[114.6634,-7.1611],[114.6636,-7.161],[114.6637,-7.161],[114.6639,-7.1609],[114.6639,-7.1608],[114.6641,-7.1607],[114.6645,-7.1606],[114.6648,-7.1605],[114.6649,-7.1605],[114.665,-7.1605],[114.6651,-7.1605],[114.6653,-7.1603],[114.6656,-7.16],[114.6662,-7.1595],[114.6667,-7.1591],[114.6668,-7.1591],[114.6673,-7.1589],[114.6676,-7.1588],[114.668,-7.1587],[114.6688,-7.1587],[114.669,-7.1587],[114.6697,-7.1587],[114.6702,-7.1587],[114.6709,-7.1587],[114.672,-7.1586],[114.6725,-7.1586],[114.6725,-7.1585],[114.6729,-7.1585],[114.6729,-7.1586],[114.6731,-7.1586],[114.6734,-7.1587],[114.6737,-7.1587],[114.6737,-7.1586],[114.6738,-7.1586],[114.6738,-7.1585],[114.6743,-7.1585],[114.6743,-7.1586],[114.6746,-7.1586],[114.675,-7.1586],[114.6757,-7.1586],[114.6758,-7.1585],[114.6759,-7.1584]]],[[[114.6161,-7.1645],[114.6164,-7.1645],[114.6165,-7.1646],[114.6168,-7.1647],[114.6169,-7.1648],[114.6169,-7.1649],[114.6169,-7.165],[114.6169,-7.1651],[114.6169,-7.1652],[114.6168,-7.1655],[114.6166,-7.1656],[114.6164,-7.1658],[114.6164,-7.1659],[114.6165,-7.1659],[114.6166,-7.166],[114.6167,-7.166],[114.617,-7.1661],[114.6171,-7.1661],[114.6173,-7.1663],[114.6174,-7.1663],[114.6174,-7.1664],[114.6174,-7.1666],[114.6175,-7.1667],[114.6175,-7.1669],[114.6175,-7.1671],[114.6175,-7.1672],[114.6176,-7.1676],[114.6175,-7.168],[114.6176,-7.1685],[114.6177,-7.1686],[114.6178,-7.1688],[114.6178,-7.1689],[114.6178,-7.169],[114.6176,-7.1693],[114.6173,-7.1696],[114.6171,-7.1697],[114.617,-7.1697],[114.6167,-7.1698],[114.6155,-7.17],[114.6153,-7.17],[114.6148,-7.1701],[114.6145,-7.1701],[114.6144,-7.1702],[114.6142,-7.1702],[114.6141,-7.1702],[114.6139,-7.1703],[114.6132,-7.1706],[114.6128,-7.1706],[114.6127,-7.1706],[114.6125,-7.1708],[114.6118,-7.1714],[114.6114,-7.1716],[114.6102,-7.1721],[114.61,-7.1722],[114.6098,-7.1722],[114.6095,-7.1722],[114.6093,-7.1721],[114.6092,-7.172],[114.6091,-7.172],[114.6091,-7.1719],[114.609,-7.1718],[114.6089,-7.1716],[114.6087,-7.1716],[114.6085,-7.1717],[114.6083,-7.1717],[114.6081,-7.1716],[114.6079,-7.1716],[114.6075,-7.1715],[114.6074,-7.1715],[114.6074,-7.1714],[114.6074,-7.1712],[114.6074,-7.1711],[114.6073,-7.1709],[114.6072,-7.1708],[114.607,-7.1708],[114.6069,-7.1708],[114.6068,-7.1707],[114.6067,-7.1706],[114.6066,-7.1706],[114.6064,-7.1707],[114.6063,-7.1707],[114.6061,-7.1706],[114.606,-7.1705],[114.6058,-7.1706],[114.6057,-7.1707],[114.6057,-7.1708],[114.6056,-7.1708],[114.6056,-7.1709],[114.6055,-7.1711],[114.6054,-7.1712],[114.6053,-7.1712],[114.6051,-7.1711],[114.605,-7.171],[114.605,-7.1709],[114.605,-7.1707],[114.605,-7.1705],[114.6051,-7.1703],[114.605,-7.1702],[114.6048,-7.1701],[114.6046,-7.1699],[114.6046,-7.1696],[114.6046,-7.1693],[114.6047,-7.1693],[114.6047,-7.169],[114.6048,-7.1689],[114.605,-7.1685],[114.6053,-7.1679],[114.6054,-7.1678],[114.6057,-7.1672],[114.606,-7.1665],[114.6061,-7.1663],[114.6062,-7.1662],[114.6066,-7.1657],[114.6068,-7.1655],[114.6068,-7.1654],[114.6069,-7.1653],[114.607,-7.1652],[114.6073,-7.1648],[114.6076,-7.1645],[114.6077,-7.1644],[114.6078,-7.1643],[114.6083,-7.1638],[114.609,-7.1631],[114.6095,-7.1624],[114.6097,-7.1622],[114.6099,-7.1621],[114.61,-7.1621],[114.6102,-7.1621],[114.6109,-7.162],[114.6112,-7.162],[114.6113,-7.162],[114.6117,-7.1618],[114.6123,-7.1617],[114.6125,-7.1617],[114.6126,-7.1617],[114.6128,-7.1618],[114.6129,-7.162],[114.6129,-7.1622],[114.6128,-7.1623],[114.6128,-7.1624],[114.6126,-7.1631],[114.6125,-7.1635],[114.6124,-7.1639],[114.6122,-7.1643],[114.6121,-7.1643],[114.612,-7.1644],[114.6114,-7.1646],[114.6109,-7.1648],[114.6108,-7.165],[114.6108,-7.1651],[114.6108,-7.1652],[114.6109,-7.1654],[114.6111,-7.1657],[114.6112,-7.1661],[114.6113,-7.1662],[114.6114,-7.1662],[114.6115,-7.1662],[114.6118,-7.1661],[114.6119,-7.1661],[114.6122,-7.1659],[114.6124,-7.1657],[114.6129,-7.1654],[114.6134,-7.165],[114.6137,-7.1648],[114.6142,-7.1645],[114.6144,-7.1645],[114.6148,-7.1645],[114.615,-7.1645],[114.6153,-7.1646],[114.6154,-7.1646],[114.6155,-7.1646],[114.616,-7.1645],[114.6161,-7.1645]]]]}},{"type":"Feature","properties":{"name":"Pencadangan/Indikasi Kawasan Konservasi","fillColor":"#f60ada","fillOpacity":0.55},"geometry":{"type":"Polygon","coordinates":[[[114.2843,-7.1231],[114.2841,-7.123],[114.2841,-7.1229],[114.2838,-7.1225],[114.2837,-7.1222],[114.2756,-7.1286],[114.2778,-7.1354],[114.2814,-7.1403],[114.284,-7.1439],[114.2965,-7.1439],[114.2964,-7.1437],[114.2962,-7.1435],[114.296,-7.1434],[114.2958,-7.1431],[114.2956,-7.1429],[114.2954,-7.1426],[114.2952,-7.1424],[114.295,-7.1421],[114.2948,-7.1419],[114.2946,-7.1416],[114.2945,-7.1413],[114.2944,-7.141],[114.2944,-7.1409],[114.2944,-7.1408],[114.2944,-7.1405],[114.2943,-7.1403],[114.2943,-7.1402],[114.2942,-7.1401],[114.2941,-7.14],[114.2939,-7.1397],[114.2937,-7.1394],[114.2935,-7.1391],[114.2933,-7.1389],[114.2931,-7.1387],[114.293,-7.1384],[114.2929,-7.1383],[114.2928,-7.1382],[114.2926,-7.138],[114.2924,-7.138],[114.2922,-7.1378],[114.2922,-7.1377],[114.2922,-7.1375],[114.2922,-7.1374],[114.2921,-7.1372],[114.2921,-7.137],[114.292,-7.1368],[114.292,-7.1366],[114.292,-7.1365],[114.2922,-7.1364],[114.2922,-7.1362],[114.2923,-7.1361],[114.2922,-7.1359],[114.2922,-7.1357],[114.2921,-7.1356],[114.292,-7.1356],[114.2918,-7.1355],[114.2917,-7.1354],[114.2915,-7.1353],[114.2914,-7.1351],[114.2912,-7.1349],[114.2911,-7.1348],[114.291,-7.1346],[114.291,-7.1344],[114.291,-7.1343],[114.2909,-7.1341],[114.2907,-7.1339],[114.2905,-7.1337],[114.2903,-7.1335],[114.2902,-7.1333],[114.2899,-7.1331],[114.2897,-7.1328],[114.2895,-7.1326],[114.2893,-7.1324],[114.2892,-7.1321],[114.2891,-7.132],[114.289,-7.1319],[114.2889,-7.1318],[114.2888,-7.1316],[114.2886,-7.1313],[114.2885,-7.131],[114.2884,-7.1308],[114.2883,-7.1306],[114.2882,-7.1304],[114.2881,-7.1302],[114.2881,-7.1299],[114.2881,-7.1297],[114.288,-7.1295],[114.288,-7.1293],[114.288,-7.1292],[114.288,-7.129],[114.2879,-7.1288],[114.2877,-7.1288],[114.2876,-7.1287],[114.2874,-7.1288],[114.2873,-7.1287],[114.2873,-7.1286],[114.2873,-7.1283],[114.2873,-7.1282],[114.2872,-7.128],[114.2871,-7.1279],[114.2869,-7.1278],[114.2867,-7.1277],[114.2866,-7.1276],[114.2866,-7.1274],[114.2866,-7.1273],[114.2866,-7.1271],[114.2867,-7.127],[114.2868,-7.1268],[114.2869,-7.1267],[114.2869,-7.1266],[114.287,-7.1265],[114.287,-7.1264],[114.287,-7.1263],[114.2869,-7.1262],[114.2867,-7.1261],[114.2867,-7.1259],[114.2865,-7.1258],[114.2864,-7.1258],[114.2862,-7.1257],[114.286,-7.1257],[114.2859,-7.1257],[114.2857,-7.1258],[114.2856,-7.1259],[114.2855,-7.1259],[114.2854,-7.1259],[114.2854,-7.1258],[114.2853,-7.1256],[114.2853,-7.1254],[114.2854,-7.1252],[114.2856,-7.1251],[114.2856,-7.125],[114.2857,-7.1249],[114.2858,-7.1248],[114.2859,-7.1247],[114.2859,-7.1245],[114.2858,-7.1244],[114.2857,-7.1243],[114.2857,-7.1242],[114.2856,-7.1241],[114.2855,-7.124],[114.2854,-7.1239],[114.2853,-7.1238],[114.2852,-7.1237],[114.2851,-7.1235],[114.285,-7.1234],[114.285,-7.1233],[114.2849,-7.1232],[114.2848,-7.1231],[114.2847,-7.1231],[114.2846,-7.1231],[114.2844,-7.1231],[114.2843,-7.1231]]]}},{"type":"Feature","properties":{"name":"Pencadangan/Indikasi Kawasan Konservasi","fillColor":"#f60ada","fillOpacity":0.55},"geometry":{"type":"MultiPolygon","coordinates":[[[[115.9152,-6.9902],[115.9127,-6.9947],[115.9124,-6.9951],[115.9119,-6.9956],[115.9115,-6.9959],[115.911,-6.9962],[115.9106,-6.9964],[115.91,-6.9966],[115.9095,-6.9967],[115.9089,-6.9967],[115.8829,-6.9986],[115.8778,-7.0001],[115.8734,-6.9994],[115.8696,-6.997],[115.8241,-7.0104],[115.7446,-7.0297],[115.7291,-7.0336],[115.7282,-7.0339],[115.7013,-7.0404],[115.7008,-7.0405],[115.7002,-7.0405],[115.6997,-7.0404],[115.6413,-7.0763],[115.7473,-7.0644],[115.7261,-7.1226],[115.7596,-7.1747],[115.7552,-7.1721],[115.7507,-7.1683],[115.7472,-7.1644],[115.7452,-7.1615],[115.7436,-7.1586],[115.7414,-7.1538],[115.7423,-7.152],[115.7429,-7.152],[115.7438,-7.151],[115.7446,-7.1512],[115.7468,-7.1508],[115.7495,-7.1493],[115.7508,-7.1479],[115.7524,-7.1467],[115.7542,-7.1442],[115.7539,-7.1431],[115.7522,-7.1419],[115.7527,-7.1414],[115.7535,-7.141],[115.7544,-7.1409],[115.7543,-7.1401],[115.7545,-7.1395],[115.7557,-7.1394],[115.7556,-7.1382],[115.7568,-7.1372],[115.7575,-7.1364],[115.7583,-7.1362],[115.7593,-7.1357],[115.7591,-7.1353],[115.7608,-7.135],[115.7611,-7.1339],[115.7611,-7.1333],[115.7605,-7.1322],[115.7606,-7.1314],[115.7626,-7.1295],[115.7639,-7.1298],[115.766,-7.1314],[115.7674,-7.1331],[115.7675,-7.1343],[115.7677,-7.1352],[115.7686,-7.1387],[115.7691,-7.1399],[115.7701,-7.1413],[115.7714,-7.1421],[115.772,-7.144],[115.7717,-7.1468],[115.7703,-7.1481],[115.7721,-7.1496],[115.772,-7.1488],[115.773,-7.1484],[115.7738,-7.1495],[115.7744,-7.1493],[115.7751,-7.15],[115.7751,-7.149],[115.7753,-7.1484],[115.7746,-7.1469],[115.7739,-7.1457],[115.7743,-7.145],[115.7747,-7.1439],[115.7764,-7.1434],[115.7764,-7.1428],[115.7749,-7.1426],[115.7736,-7.1402],[115.7715,-7.1379],[115.7718,-7.1356],[115.773,-7.1353],[115.7728,-7.1344],[115.7735,-7.1328],[115.7741,-7.1312],[115.7766,-7.1298],[115.7786,-7.1294],[115.7781,-7.1275],[115.7771,-7.1259],[115.7773,-7.1245],[115.7794,-7.1239],[115.78,-7.1219],[115.7803,-7.1204],[115.7803,-7.1189],[115.7777,-7.1173],[115.777,-7.1173],[115.777,-7.1161],[115.7784,-7.114],[115.779,-7.1126],[115.7787,-7.1111],[115.7816,-7.1095],[115.7837,-7.1098],[115.787,-7.1123],[115.7885,-7.1134],[115.7901,-7.1149],[115.7906,-7.1166],[115.7923,-7.1183],[115.7936,-7.1188],[115.7954,-7.1199],[115.7966,-7.1208],[115.7974,-7.122],[115.7979,-7.1241],[115.7984,-7.125],[115.7982,-7.1258],[115.7967,-7.1257],[115.7959,-7.1273],[115.798,-7.127],[115.7987,-7.1282],[115.7975,-7.1306],[115.7954,-7.132],[115.7938,-7.1342],[115.7941,-7.1347],[115.7941,-7.1363],[115.7932,-7.1377],[115.7936,-7.1387],[115.7952,-7.1397],[115.7967,-7.1409],[115.797,-7.1402],[115.798,-7.1411],[115.7985,-7.1428],[115.7985,-7.1436],[115.7995,-7.1452],[115.8005,-7.1453],[115.8011,-7.1463],[115.8018,-7.1467],[115.802,-7.1479],[115.803,-7.147],[115.8039,-7.1455],[115.8044,-7.1448],[115.8068,-7.1453],[115.8087,-7.1469],[115.8091,-7.1482],[115.8092,-7.1494],[115.809,-7.1502],[115.8092,-7.1508],[115.8091,-7.1517],[115.8086,-7.1535],[115.8107,-7.1537],[115.8132,-7.152],[115.8149,-7.1494],[115.8176,-7.1494],[115.819,-7.1486],[115.8222,-7.1478],[115.8258,-7.148],[115.8291,-7.1486],[115.831,-7.1492],[115.8336,-7.149],[115.8361,-7.1492],[115.837,-7.1503],[115.8375,-7.1519],[115.8373,-7.1532],[115.837,-7.1565],[115.8379,-7.1573],[115.8395,-7.1581],[115.8402,-7.1592],[115.8401,-7.1598],[115.8423,-7.1617],[115.8433,-7.1627],[115.8466,-7.162],[115.8486,-7.1626],[115.8502,-7.1624],[115.8521,-7.1609],[115.8556,-7.1598],[115.8573,-7.1601],[115.8592,-7.1586],[115.861,-7.1582],[115.8621,-7.159],[115.8635,-7.1607],[115.8652,-7.1618],[115.8667,-7.1625],[115.869,-7.1632],[115.8696,-7.1622],[115.8694,-7.1605],[115.8693,-7.1589],[115.8695,-7.1584],[115.8703,-7.1581],[115.8713,-7.1569],[115.8723,-7.1567],[115.8739,-7.1582],[115.875,-7.1594],[115.8775,-7.1607],[115.8787,-7.1616],[115.8806,-7.162],[115.8819,-7.1627],[115.8834,-7.1638],[115.8843,-7.1642],[115.8853,-7.1641],[115.8863,-7.163],[115.8871,-7.1615],[115.8891,-7.1616],[115.8904,-7.162],[115.8921,-7.1605],[115.8931,-7.1585],[115.8926,-7.1576],[115.8911,-7.1587],[115.89,-7.158],[115.8901,-7.1561],[115.8917,-7.1529],[115.8923,-7.1512],[115.8923,-7.1497],[115.8908,-7.1478],[115.8893,-7.1465],[115.8872,-7.1474],[115.887,-7.1506],[115.8874,-7.1535],[115.8868,-7.1546],[115.8851,-7.1563],[115.8839,-7.1586],[115.882,-7.1608],[115.8799,-7.1599],[115.8779,-7.1566],[115.8761,-7.1536],[115.875,-7.1528],[115.8734,-7.1515],[115.8729,-7.1469],[115.8725,-7.1453],[115.8719,-7.1419],[115.8715,-7.14],[115.8703,-7.1376],[115.8706,-7.1358],[115.8704,-7.1331],[115.8717,-7.1317],[115.8736,-7.1304],[115.8765,-7.1289],[115.8806,-7.1258],[115.8817,-7.1249],[115.8859,-7.1214],[115.8881,-7.1203],[115.8897,-7.1217],[115.8898,-7.1229],[115.8907,-7.1246],[115.8928,-7.1255],[115.8924,-7.1283],[115.8913,-7.1298],[115.8906,-7.1309],[115.89,-7.1323],[115.8905,-7.1331],[115.8901,-7.1347],[115.89,-7.1352],[115.8913,-7.1378],[115.8922,-7.1383],[115.8937,-7.1358],[115.895,-7.1348],[115.8964,-7.1322],[115.8964,-7.1291],[115.8967,-7.1255],[115.8975,-7.124],[115.8973,-7.1229],[115.8977,-7.121],[115.8981,-7.1194],[115.8986,-7.1168],[115.8988,-7.1157],[115.8986,-7.1143],[115.8968,-7.1125],[115.893,-7.1114],[115.8913,-7.1108],[115.8939,-7.1069],[115.8963,-7.1055],[115.898,-7.1058],[115.9045,-7.1037],[115.9068,-7.1026],[115.9056,-7.1059],[115.9045,-7.1096],[115.9036,-7.1135],[115.9028,-7.1177],[115.9022,-7.1229],[115.9019,-7.1262],[115.9017,-7.1306],[115.9018,-7.1327],[115.9017,-7.1354],[115.9016,-7.1387],[115.9017,-7.1405],[115.9013,-7.1494],[115.9006,-7.1555],[115.9001,-7.1611],[115.8998,-7.1659],[115.8995,-7.1684],[115.8995,-7.1716],[115.8992,-7.1729],[115.9152,-6.9902]]],[[[115.813,-7.0388],[115.8128,-7.0387],[115.8126,-7.0386],[115.8123,-7.0385],[115.812,-7.0384],[115.8116,-7.0383],[115.8112,-7.0382],[115.8109,-7.038],[115.8107,-7.0377],[115.8107,-7.0376],[115.8106,-7.0375],[115.8106,-7.0373],[115.8107,-7.0367],[115.8108,-7.0365],[115.8108,-7.0361],[115.8109,-7.0357],[115.8112,-7.0352],[115.8114,-7.035],[115.8115,-7.0348],[115.8117,-7.0346],[115.8117,-7.0344],[115.8121,-7.0337],[115.8123,-7.0333],[115.8124,-7.0331],[115.8126,-7.0328],[115.813,-7.0324],[115.8133,-7.0323],[115.8134,-7.0323],[115.8138,-7.0322],[115.8142,-7.0322],[115.8145,-7.0322],[115.8148,-7.0322],[115.8157,-7.0323],[115.8158,-7.0323],[115.8164,-7.0323],[115.8165,-7.0324],[115.8166,-7.0324],[115.8168,-7.0327],[115.817,-7.033],[115.817,-7.0331],[115.8169,-7.0334],[115.8169,-7.0335],[115.8168,-7.0337],[115.8168,-7.0339],[115.8167,-7.0341],[115.8165,-7.0343],[115.8162,-7.0347],[115.8159,-7.0352],[115.8156,-7.0356],[115.8155,-7.0357],[115.8153,-7.036],[115.815,-7.0364],[115.8149,-7.0367],[115.8146,-7.0369],[115.8146,-7.037],[115.8142,-7.0376],[115.8133,-7.0388],[115.8131,-7.0388],[115.813,-7.0388]]],[[[115.6316,-7.034],[115.632,-7.0341],[115.6323,-7.0342],[115.6326,-7.0344],[115.633,-7.0346],[115.6344,-7.0349],[115.6353,-7.0351],[115.6356,-7.0353],[115.6358,-7.0355],[115.6366,-7.0364],[115.6366,-7.0369],[115.6368,-7.0378],[115.6368,-7.0381],[115.6367,-7.0387],[115.6367,-7.039],[115.6366,-7.04],[115.6366,-7.0408],[115.6366,-7.0416],[115.6366,-7.0423],[115.6365,-7.0426],[115.6363,-7.0435],[115.6361,-7.045],[115.6362,-7.0453],[115.6361,-7.0455],[115.636,-7.0464],[115.636,-7.0472],[115.6358,-7.0477],[115.6357,-7.0483],[115.6356,-7.0487],[115.6354,-7.0492],[115.6353,-7.0499],[115.6352,-7.0501],[115.6352,-7.0504],[115.635,-7.0514],[115.6349,-7.0518],[115.6347,-7.0523],[115.6346,-7.0525],[115.6346,-7.0528],[115.6346,-7.0534],[115.6347,-7.0537],[115.6345,-7.054],[115.634,-7.0544],[115.634,-7.055],[115.6339,-7.0558],[115.6338,-7.0565],[115.6339,-7.0569],[115.6344,-7.057],[115.6346,-7.0569],[115.6349,-7.0568],[115.6351,-7.0568],[115.6355,-7.057],[115.6364,-7.0577],[115.6367,-7.0582],[115.6367,-7.0586],[115.6367,-7.059],[115.6365,-7.0597],[115.6359,-7.061],[115.635,-7.0619],[115.6346,-7.0623],[115.6339,-7.0628],[115.6321,-7.0641],[115.6318,-7.0642],[115.6305,-7.0648],[115.6288,-7.0647],[115.6274,-7.0648],[115.627,-7.0649],[115.6268,-7.0649],[115.6265,-7.065],[115.6257,-7.065],[115.6255,-7.065],[115.625,-7.0649],[115.6234,-7.0648],[115.6228,-7.0648],[115.6219,-7.0647],[115.6214,-7.0647],[115.6203,-7.0644],[115.6201,-7.0644],[115.6188,-7.0641],[115.6183,-7.0639],[115.6175,-7.0635],[115.6168,-7.0633],[115.6162,-7.063],[115.6159,-7.0627],[115.6156,-7.0625],[115.6154,-7.062],[115.6154,-7.0617],[115.6154,-7.0615],[115.6155,-7.0611],[115.6166,-7.059],[115.6168,-7.0587],[115.6166,-7.0586],[115.6165,-7.0585],[115.6156,-7.0584],[115.6152,-7.0582],[115.615,-7.058],[115.6144,-7.0576],[115.614,-7.0574],[115.6138,-7.0573],[115.6135,-7.0569],[115.6132,-7.0566],[115.6132,-7.0558],[115.6132,-7.0555],[115.6133,-7.0553],[115.6136,-7.0543],[115.6138,-7.0537],[115.614,-7.0535],[115.6141,-7.0533],[115.6142,-7.0531],[115.6147,-7.0527],[115.615,-7.0527],[115.6156,-7.0526],[115.6158,-7.0526],[115.6159,-7.0525],[115.6163,-7.0517],[115.6164,-7.0512],[115.6169,-7.0508],[115.6171,-7.0506],[115.6174,-7.0504],[115.6175,-7.0502],[115.6177,-7.05],[115.6177,-7.0497],[115.618,-7.0485],[115.6182,-7.0474],[115.6178,-7.0471],[115.6176,-7.0472],[115.6173,-7.0475],[115.6166,-7.0484],[115.6163,-7.0488],[115.6158,-7.0492],[115.6155,-7.0494],[115.6148,-7.0495],[115.6146,-7.0495],[115.614,-7.049],[115.6135,-7.0486],[115.613,-7.0485],[115.6127,-7.0485],[115.6121,-7.0484],[115.6117,-7.0484],[115.6113,-7.0485],[115.6101,-7.0486],[115.6097,-7.0487],[115.609,-7.0488],[115.6083,-7.0488],[115.6081,-7.0488],[115.6077,-7.0487],[115.6074,-7.0486],[115.607,-7.0485],[115.6068,-7.0486],[115.6063,-7.0492],[115.606,-7.0496],[115.6057,-7.0499],[115.6053,-7.0504],[115.6052,-7.0505],[115.6051,-7.0507],[115.6047,-7.051],[115.6043,-7.0513],[115.6039,-7.052],[115.6037,-7.0523],[115.6035,-7.0525],[115.6028,-7.0525],[115.6023,-7.0521],[115.6016,-7.0517],[115.6012,-7.0514],[115.6008,-7.0514],[115.6006,-7.0513],[115.6004,-7.0512],[115.6003,-7.0511],[115.5999,-7.0507],[115.5999,-7.0505],[115.5999,-7.05],[115.6001,-7.0498],[115.6003,-7.0491],[115.6005,-7.0486],[115.6007,-7.0482],[115.6008,-7.048],[115.6008,-7.0472],[115.6008,-7.047],[115.6006,-7.0466],[115.6004,-7.0462],[115.6004,-7.046],[115.6004,-7.0452],[115.6004,-7.045],[115.6004,-7.0447],[115.6004,-7.0444],[115.6002,-7.0437],[115.6,-7.0435],[115.5993,-7.0432],[115.5989,-7.043],[115.5982,-7.0423],[115.598,-7.0423],[115.5978,-7.0423],[115.5976,-7.0422],[115.597,-7.0418],[115.597,-7.0414],[115.5968,-7.0413],[115.5967,-7.0411],[115.5962,-7.0409],[115.5957,-7.0407],[115.5956,-7.0405],[115.5956,-7.0403],[115.5964,-7.0385],[115.5966,-7.0382],[115.5971,-7.0385],[115.5975,-7.0388],[115.5979,-7.0388],[115.5984,-7.0386],[115.5987,-7.0382],[115.5993,-7.0375],[115.5995,-7.0373],[115.6002,-7.0368],[115.6006,-7.0367],[115.6007,-7.0368],[115.6008,-7.0371],[115.6012,-7.0373],[115.6016,-7.0373],[115.6022,-7.0372],[115.6024,-7.0372],[115.6051,-7.0379],[115.6052,-7.0381],[115.6053,-7.0385],[115.6052,-7.0387],[115.6052,-7.0393],[115.6056,-7.0396],[115.6058,-7.0397],[115.6065,-7.0399],[115.6071,-7.0399],[115.6076,-7.0397],[115.608,-7.0394],[115.6081,-7.0392],[115.6085,-7.0388],[115.6089,-7.0384],[115.609,-7.0383],[115.6091,-7.0381],[115.6093,-7.038],[115.6095,-7.0377],[115.6097,-7.0377],[115.6101,-7.0376],[115.6106,-7.0375],[115.611,-7.0375],[115.6118,-7.0378],[115.6123,-7.0375],[115.6127,-7.0374],[115.6135,-7.0373],[115.6138,-7.0373],[115.6142,-7.0375],[115.6147,-7.0379],[115.6152,-7.0383],[115.6155,-7.0384],[115.616,-7.0386],[115.6164,-7.0387],[115.6173,-7.0392],[115.6177,-7.0396],[115.6179,-7.0399],[115.618,-7.0401],[115.6185,-7.04],[115.6191,-7.04],[115.6194,-7.04],[115.6197,-7.04],[115.6201,-7.0401],[115.6207,-7.0402],[115.6209,-7.0402],[115.6213,-7.0401],[115.6222,-7.0402],[115.6227,-7.0404],[115.623,-7.0405],[115.6235,-7.0408],[115.6242,-7.0409],[115.6245,-7.0413],[115.6247,-7.0415],[115.6249,-7.0418],[115.625,-7.0419],[115.6255,-7.042],[115.6259,-7.042],[115.6262,-7.042],[115.6265,-7.0421],[115.6273,-7.0422],[115.6276,-7.0413],[115.6277,-7.041],[115.6276,-7.0407],[115.6275,-7.0405],[115.6272,-7.0397],[115.627,-7.0393],[115.6269,-7.039],[115.6269,-7.0388],[115.6269,-7.0384],[115.6269,-7.0379],[115.6269,-7.0376],[115.6273,-7.0368],[115.6276,-7.0366],[115.6277,-7.0364],[115.6279,-7.0363],[115.6281,-7.0361],[115.6286,-7.0357],[115.6292,-7.0352],[115.6293,-7.0351],[115.6299,-7.0347],[115.6302,-7.0346],[115.6303,-7.0345],[115.6309,-7.0342],[115.6316,-7.034]]],[[[115.6489,-7.0565],[115.6484,-7.0552],[115.6483,-7.055],[115.6484,-7.0549],[115.6485,-7.0547],[115.6485,-7.0546],[115.6485,-7.0544],[115.6485,-7.0542],[115.6486,-7.0541],[115.649,-7.0541],[115.6491,-7.0541],[115.6491,-7.054],[115.6491,-7.0539],[115.6491,-7.0538],[115.6491,-7.0536],[115.6491,-7.0534],[115.6491,-7.0529],[115.6489,-7.0521],[115.6488,-7.0517],[115.6488,-7.0513],[115.6487,-7.0512],[115.6487,-7.0511],[115.6487,-7.0508],[115.6487,-7.0507],[115.6488,-7.0503],[115.6488,-7.0499],[115.6488,-7.0492],[115.6487,-7.0489],[115.6487,-7.0488],[115.6487,-7.0487],[115.6485,-7.0481],[115.6485,-7.0478],[115.6484,-7.0476],[115.6484,-7.0472],[115.6484,-7.047],[115.6485,-7.0465],[115.6486,-7.0462],[115.6487,-7.0457],[115.6488,-7.0456],[115.6488,-7.0455],[115.6489,-7.0454],[115.649,-7.0451],[115.6493,-7.0449],[115.6494,-7.0448],[115.6494,-7.0447],[115.6498,-7.0445],[115.6499,-7.0444],[115.6503,-7.0441],[115.6506,-7.044],[115.6509,-7.044],[115.653,-7.0433],[115.6539,-7.043],[115.6547,-7.0428],[115.6551,-7.0426],[115.6554,-7.0425],[115.6558,-7.0424],[115.6566,-7.0422],[115.6573,-7.042],[115.6577,-7.0418],[115.6578,-7.0417],[115.6581,-7.0415],[115.6581,-7.0414],[115.6586,-7.041],[115.6588,-7.0408],[115.6589,-7.0407],[115.659,-7.0407],[115.6594,-7.0406],[115.6596,-7.0405],[115.6601,-7.0406],[115.6611,-7.0409],[115.6611,-7.041],[115.6612,-7.041],[115.6615,-7.0412],[115.6616,-7.0413],[115.6618,-7.0416],[115.6619,-7.0416],[115.6622,-7.0422],[115.6624,-7.0427],[115.6628,-7.0442],[115.6629,-7.0443],[115.663,-7.0441],[115.6631,-7.0441],[115.6633,-7.0442],[115.6633,-7.0444],[115.6633,-7.0445],[115.6634,-7.0446],[115.6634,-7.0448],[115.6635,-7.0449],[115.6638,-7.0452],[115.664,-7.0454],[115.6642,-7.0457],[115.6646,-7.046],[115.6647,-7.0462],[115.6649,-7.0466],[115.665,-7.0467],[115.665,-7.0475],[115.6651,-7.0478],[115.6651,-7.0479],[115.6652,-7.0479],[115.6655,-7.0482],[115.6656,-7.0483],[115.6657,-7.0484],[115.6657,-7.0487],[115.6657,-7.0488],[115.6658,-7.0497],[115.6659,-7.0501],[115.6659,-7.0502],[115.666,-7.0504],[115.6661,-7.0506],[115.6662,-7.051],[115.6663,-7.0511],[115.6664,-7.0515],[115.6666,-7.0521],[115.6668,-7.0525],[115.667,-7.0528],[115.6672,-7.0529],[115.6676,-7.0533],[115.6678,-7.0534],[115.6678,-7.0535],[115.6681,-7.0538],[115.6682,-7.054],[115.6684,-7.0547],[115.6684,-7.0548],[115.6685,-7.0551],[115.6685,-7.0552],[115.6687,-7.0554],[115.6692,-7.0559],[115.6695,-7.0559],[115.6696,-7.056],[115.6697,-7.056],[115.6698,-7.0561],[115.6698,-7.0563],[115.6698,-7.0566],[115.6698,-7.057],[115.6696,-7.0579],[115.6696,-7.058],[115.6696,-7.0583],[115.6697,-7.0584],[115.6698,-7.0584],[115.6699,-7.0585],[115.6708,-7.0592],[115.671,-7.0592],[115.6719,-7.0592],[115.6722,-7.0593],[115.6722,-7.0594],[115.6723,-7.0597],[115.6723,-7.0599],[115.6723,-7.06],[115.6724,-7.0602],[115.6724,-7.0603],[115.6724,-7.0604],[115.6725,-7.0608],[115.6727,-7.0609],[115.6729,-7.061],[115.6736,-7.0612],[115.6746,-7.0616],[115.6749,-7.0617],[115.6751,-7.0619],[115.6752,-7.062],[115.6752,-7.0621],[115.6751,-7.0622],[115.6751,-7.0623],[115.675,-7.0623],[115.6748,-7.0625],[115.6745,-7.0628],[115.6743,-7.0629],[115.6741,-7.0631],[115.6736,-7.0634],[115.6728,-7.0637],[115.6725,-7.064],[115.6724,-7.0641],[115.6716,-7.0647],[115.6709,-7.0652],[115.6708,-7.0652],[115.6706,-7.0653],[115.6697,-7.0659],[115.6693,-7.0661],[115.6685,-7.0664],[115.668,-7.0665],[115.6675,-7.0666],[115.6669,-7.0666],[115.6665,-7.0666],[115.6661,-7.0665],[115.6653,-7.0667],[115.6647,-7.0667],[115.6626,-7.0666],[115.6625,-7.0666],[115.6619,-7.0665],[115.6616,-7.0665],[115.661,-7.0663],[115.6603,-7.0661],[115.6593,-7.0658],[115.6588,-7.0657],[115.658,-7.0655],[115.6558,-7.0654],[115.6549,-7.065],[115.6534,-7.0643],[115.653,-7.064],[115.6525,-7.0636],[115.652,-7.0633],[115.6516,-7.0631],[115.6515,-7.063],[115.6515,-7.0629],[115.6514,-7.0626],[115.6514,-7.0625],[115.6514,-7.0624],[115.6513,-7.0623],[115.6513,-7.0622],[115.6512,-7.0621],[115.651,-7.0618],[115.6509,-7.0617],[115.6506,-7.0614],[115.6502,-7.061],[115.6499,-7.0607],[115.6496,-7.0602],[115.6495,-7.0599],[115.6494,-7.0593],[115.6494,-7.059],[115.6494,-7.0581],[115.6494,-7.0578],[115.6492,-7.0572],[115.6489,-7.0565]]],[[[115.8014,-7.056],[115.8019,-7.0555],[115.8028,-7.0544],[115.803,-7.0541],[115.8033,-7.0534],[115.8035,-7.0526],[115.8037,-7.0523],[115.8037,-7.0522],[115.8039,-7.0519],[115.804,-7.0516],[115.8041,-7.0516],[115.8043,-7.0516],[115.8044,-7.0516],[115.8044,-7.0518],[115.8043,-7.0521],[115.8041,-7.0526],[115.8041,-7.0527],[115.8039,-7.053],[115.8039,-7.0531],[115.8035,-7.0539],[115.8034,-7.0541],[115.8032,-7.0547],[115.8028,-7.0555],[115.8025,-7.0566],[115.802,-7.0579],[115.8018,-7.0586],[115.8016,-7.059],[115.8014,-7.0595],[115.8013,-7.0595],[115.8013,-7.0596],[115.8012,-7.0597],[115.8011,-7.0597],[115.801,-7.0598],[115.8008,-7.0598],[115.8007,-7.0597],[115.8004,-7.0592],[115.8003,-7.0586],[115.8002,-7.0582],[115.8003,-7.0578],[115.8003,-7.0577],[115.8004,-7.0574],[115.8005,-7.0573],[115.8011,-7.0564],[115.8013,-7.0563],[115.8014,-7.056]]],[[[115.7078,-7.0582],[115.7079,-7.0582],[115.708,-7.0583],[115.7081,-7.0583],[115.7085,-7.0585],[115.709,-7.0588],[115.7096,-7.059],[115.71,-7.0592],[115.7103,-7.0594],[115.7104,-7.0595],[115.7106,-7.0597],[115.7112,-7.0602],[115.7115,-7.0608],[115.7115,-7.0609],[115.7117,-7.0612],[115.7119,-7.0615],[115.7121,-7.062],[115.7121,-7.0622],[115.7122,-7.0623],[115.7123,-7.0625],[115.7124,-7.0628],[115.7125,-7.0632],[115.7125,-7.0635],[115.7125,-7.064],[115.7124,-7.0643],[115.7124,-7.0645],[115.7124,-7.0647],[115.7123,-7.0651],[115.7123,-7.0652],[115.7122,-7.0655],[115.7121,-7.0657],[115.712,-7.0658],[115.7119,-7.0661],[115.7119,-7.0662],[115.7117,-7.0666],[115.7117,-7.0668],[115.7119,-7.0674],[115.7118,-7.0677],[115.7118,-7.0679],[115.7119,-7.0684],[115.7121,-7.0692],[115.7121,-7.0694],[115.7119,-7.0695],[115.7117,-7.0696],[115.7116,-7.0696],[115.7115,-7.0697],[115.7108,-7.0701],[115.7103,-7.0706],[115.7103,-7.0707],[115.7102,-7.0707],[115.7099,-7.0711],[115.7096,-7.0715],[115.7095,-7.0717],[115.7093,-7.0719],[115.709,-7.0724],[115.7089,-7.0725],[115.7088,-7.0726],[115.7087,-7.0726],[115.7084,-7.0727],[115.7076,-7.0729],[115.707,-7.0729],[115.7068,-7.0729],[115.7065,-7.073],[115.7064,-7.0732],[115.7064,-7.0733],[115.7064,-7.0737],[115.7064,-7.0738],[115.7063,-7.0738],[115.7062,-7.0738],[115.7052,-7.074],[115.7049,-7.0739],[115.7041,-7.0737],[115.7033,-7.0737],[115.7028,-7.0737],[115.7005,-7.0737],[115.6996,-7.0737],[115.6987,-7.0737],[115.6969,-7.0733],[115.6961,-7.0732],[115.6959,-7.0732],[115.6958,-7.0731],[115.6953,-7.073],[115.6938,-7.0725],[115.6932,-7.0723],[115.6923,-7.0719],[115.6909,-7.0711],[115.6904,-7.0709],[115.6903,-7.0708],[115.6898,-7.0705],[115.6894,-7.0702],[115.6884,-7.0694],[115.6879,-7.069],[115.6878,-7.0689],[115.6874,-7.0685],[115.6871,-7.0681],[115.6868,-7.0679],[115.6854,-7.0661],[115.6852,-7.0658],[115.6852,-7.0657],[115.6851,-7.0655],[115.6851,-7.0653],[115.685,-7.0649],[115.6849,-7.0647],[115.6848,-7.0646],[115.6847,-7.0642],[115.6845,-7.0638],[115.6843,-7.0634],[115.6842,-7.0631],[115.6842,-7.0629],[115.6842,-7.0627],[115.6843,-7.0626],[115.6845,-7.0625],[115.6846,-7.0625],[115.6847,-7.0624],[115.685,-7.0623],[115.6851,-7.0622],[115.6852,-7.0619],[115.6852,-7.0618],[115.6851,-7.0616],[115.6851,-7.0612],[115.6852,-7.0611],[115.6852,-7.061],[115.6853,-7.0609],[115.6853,-7.0608],[115.6853,-7.0606],[115.6854,-7.0599],[115.6857,-7.0582],[115.6858,-7.0578],[115.6859,-7.0572],[115.686,-7.0569],[115.686,-7.0568],[115.6861,-7.0568],[115.6861,-7.0565],[115.6862,-7.0563],[115.6864,-7.0562],[115.6866,-7.0562],[115.6867,-7.0562],[115.687,-7.0563],[115.6878,-7.0565],[115.6881,-7.0566],[115.6888,-7.0567],[115.689,-7.0567],[115.6891,-7.0567],[115.6895,-7.0567],[115.6896,-7.0568],[115.6898,-7.0569],[115.6905,-7.0574],[115.6906,-7.0574],[115.6926,-7.0583],[115.693,-7.0585],[115.6934,-7.0587],[115.6946,-7.059],[115.6955,-7.0592],[115.6962,-7.0593],[115.6963,-7.0593],[115.6969,-7.0593],[115.6986,-7.0591],[115.6991,-7.059],[115.6994,-7.059],[115.6998,-7.0589],[115.7007,-7.0587],[115.7011,-7.0586],[115.7016,-7.0585],[115.7017,-7.0585],[115.7023,-7.0583],[115.7032,-7.0581],[115.7033,-7.0581],[115.7037,-7.0581],[115.7039,-7.0581],[115.7043,-7.0582],[115.7061,-7.0586],[115.7063,-7.0585],[115.7068,-7.0583],[115.7075,-7.0583],[115.7076,-7.0582],[115.7078,-7.0582]]],[[[115.5939,-7.0547],[115.5938,-7.0547],[115.5937,-7.0547],[115.5936,-7.0547],[115.5935,-7.0546],[115.5935,-7.0545],[115.5935,-7.0544],[115.5936,-7.0539],[115.5936,-7.0538],[115.5937,-7.0536],[115.594,-7.0533],[115.5941,-7.0531],[115.5943,-7.0529],[115.5944,-7.0528],[115.5944,-7.0527],[115.5946,-7.0527],[115.5947,-7.0527],[115.5948,-7.0528],[115.5949,-7.0529],[115.5948,-7.0531],[115.5946,-7.0533],[115.5943,-7.0535],[115.5942,-7.0536],[115.5942,-7.0537],[115.5941,-7.0544],[115.5942,-7.0544],[115.5941,-7.0545],[115.5939,-7.0547]]],[[[115.5968,-7.0536],[115.5967,-7.0536],[115.5965,-7.0536],[115.5964,-7.0535],[115.5963,-7.0533],[115.5962,-7.0528],[115.5961,-7.0521],[115.5961,-7.0516],[115.5962,-7.0512],[115.5963,-7.0508],[115.5966,-7.0505],[115.5968,-7.0503],[115.5971,-7.0502],[115.5973,-7.0502],[115.5982,-7.0502],[115.5988,-7.0503],[115.5991,-7.0504],[115.5993,-7.0506],[115.5995,-7.0507],[115.5998,-7.051],[115.6001,-7.0515],[115.6003,-7.0517],[115.6006,-7.0519],[115.6007,-7.0521],[115.6009,-7.0524],[115.6012,-7.0528],[115.6015,-7.053],[115.6021,-7.0532],[115.6026,-7.0534],[115.6029,-7.0536],[115.603,-7.0537],[115.603,-7.0539],[115.6029,-7.054],[115.6027,-7.0543],[115.6022,-7.0546],[115.6021,-7.0546],[115.6019,-7.0545],[115.6015,-7.0543],[115.6014,-7.0543],[115.6013,-7.0542],[115.6,-7.0538],[115.5997,-7.0537],[115.5994,-7.0536],[115.5993,-7.0536],[115.5992,-7.0535],[115.5982,-7.0532],[115.5978,-7.0532],[115.5975,-7.0533],[115.5973,-7.0534],[115.5971,-7.0535],[115.597,-7.0536],[115.5969,-7.0536],[115.5968,-7.0536]]],[[[115.5997,-7.0459],[115.5998,-7.046],[115.6,-7.0461],[115.6,-7.0462],[115.6001,-7.0468],[115.6003,-7.0475],[115.6003,-7.0476],[115.6003,-7.0478],[115.6003,-7.048],[115.6003,-7.0481],[115.6002,-7.0482],[115.6001,-7.0484],[115.6,-7.0485],[115.5998,-7.0486],[115.5995,-7.0487],[115.5994,-7.0487],[115.5991,-7.0485],[115.599,-7.0484],[115.5991,-7.0479],[115.5992,-7.0477],[115.5993,-7.0475],[115.5993,-7.0474],[115.5993,-7.0473],[115.5993,-7.0472],[115.5993,-7.0466],[115.5993,-7.0465],[115.5993,-7.0461],[115.5993,-7.0459],[115.5994,-7.0459],[115.5996,-7.0458],[115.5997,-7.0459]]],[[[115.7583,-7.0853],[115.7587,-7.0853],[115.759,-7.0852],[115.761,-7.0845],[115.7613,-7.0844],[115.7614,-7.0844],[115.7616,-7.0845],[115.7617,-7.0847],[115.7623,-7.0854],[115.7635,-7.0867],[115.764,-7.0871],[115.7642,-7.0872],[115.7643,-7.0873],[115.7646,-7.0876],[115.7649,-7.0878],[115.7651,-7.088],[115.7652,-7.0881],[115.7653,-7.0882],[115.7655,-7.0884],[115.7656,-7.0885],[115.7657,-7.0885],[115.7661,-7.0883],[115.7668,-7.088],[115.7699,-7.0865],[115.7705,-7.0897],[115.7684,-7.0905],[115.7665,-7.0913],[115.7663,-7.0914],[115.7662,-7.092],[115.7661,-7.0921],[115.766,-7.0924],[115.7654,-7.0942],[115.7651,-7.0951],[115.765,-7.0954],[115.7649,-7.0954],[115.7649,-7.0955],[115.7648,-7.0958],[115.7642,-7.097],[115.764,-7.0974],[115.7639,-7.0975],[115.7637,-7.0978],[115.7634,-7.098],[115.7633,-7.098],[115.7631,-7.0981],[115.763,-7.0981],[115.7621,-7.0984],[115.7613,-7.0986],[115.7608,-7.0985],[115.7601,-7.0985],[115.7579,-7.0984],[115.7578,-7.0984],[115.7575,-7.0985],[115.7574,-7.0986],[115.7573,-7.0988],[115.757,-7.0994],[115.7564,-7.1009],[115.7564,-7.101],[115.7566,-7.1012],[115.7571,-7.1016],[115.7571,-7.1017],[115.7572,-7.1019],[115.7572,-7.1022],[115.7571,-7.1028],[115.7571,-7.103],[115.7571,-7.1032],[115.757,-7.1033],[115.7568,-7.1034],[115.7567,-7.1035],[115.7562,-7.1039],[115.7561,-7.1042],[115.756,-7.1044],[115.7561,-7.1047],[115.7563,-7.1052],[115.7563,-7.1054],[115.7564,-7.1056],[115.7564,-7.1059],[115.7564,-7.106],[115.7564,-7.1064],[115.7563,-7.1066],[115.7562,-7.1068],[115.7561,-7.1068],[115.7561,-7.1069],[115.7559,-7.1069],[115.7553,-7.1073],[115.7553,-7.1074],[115.7555,-7.1075],[115.7559,-7.1077],[115.7559,-7.1078],[115.7559,-7.1079],[115.7558,-7.1079],[115.7556,-7.108],[115.7553,-7.108],[115.755,-7.1079],[115.7548,-7.1078],[115.7547,-7.1077],[115.7543,-7.1075],[115.7542,-7.1074],[115.7539,-7.1072],[115.7538,-7.1071],[115.7532,-7.1068],[115.7529,-7.1065],[115.7528,-7.1063],[115.7526,-7.1061],[115.7524,-7.1057],[115.752,-7.1052],[115.7519,-7.1051],[115.7516,-7.1051],[115.7515,-7.1051],[115.7512,-7.1049],[115.7512,-7.1048],[115.751,-7.1047],[115.7509,-7.1047],[115.7508,-7.1046],[115.75,-7.104],[115.7495,-7.1037],[115.7494,-7.1035],[115.7493,-7.1032],[115.7492,-7.103],[115.7491,-7.1027],[115.7487,-7.1017],[115.7486,-7.1014],[115.7485,-7.1009],[115.7485,-7.1008],[115.7486,-7.1007],[115.7486,-7.1005],[115.7486,-7.1003],[115.7489,-7.0997],[115.7491,-7.0991],[115.7494,-7.0986],[115.7495,-7.0985],[115.7496,-7.0983],[115.7499,-7.098],[115.75,-7.098],[115.7506,-7.0976],[115.7509,-7.0974],[115.7511,-7.0974],[115.7517,-7.0972],[115.7519,-7.0972],[115.7521,-7.0973],[115.7527,-7.0973],[115.7528,-7.0972],[115.7529,-7.0972],[115.7532,-7.0969],[115.7535,-7.0966],[115.7537,-7.0962],[115.7538,-7.0961],[115.7538,-7.096],[115.754,-7.0955],[115.7541,-7.0954],[115.7542,-7.095],[115.7542,-7.0949],[115.7541,-7.0948],[115.7539,-7.0948],[115.7537,-7.0948],[115.7535,-7.0947],[115.7535,-7.0945],[115.7533,-7.0939],[115.7533,-7.0937],[115.7533,-7.0936],[115.7533,-7.0935],[115.7533,-7.0931],[115.7533,-7.0929],[115.7534,-7.0929],[115.7534,-7.0927],[115.7536,-7.0927],[115.7536,-7.0926],[115.754,-7.0924],[115.7541,-7.0923],[115.7541,-7.0922],[115.7542,-7.0919],[115.7542,-7.0916],[115.7541,-7.0914],[115.7539,-7.0909],[115.7538,-7.0906],[115.7537,-7.0904],[115.7536,-7.0901],[115.7535,-7.0899],[115.7535,-7.0898],[115.7535,-7.0897],[115.7536,-7.0895],[115.7538,-7.0893],[115.7541,-7.0891],[115.7543,-7.0889],[115.7543,-7.0888],[115.7544,-7.0887],[115.7544,-7.0886],[115.7544,-7.0885],[115.7544,-7.0882],[115.7545,-7.0872],[115.7546,-7.087],[115.7547,-7.0868],[115.755,-7.0865],[115.7553,-7.0862],[115.7557,-7.0859],[115.7558,-7.0859],[115.7559,-7.0859],[115.7561,-7.086],[115.7562,-7.0862],[115.7563,-7.0862],[115.7564,-7.0865],[115.7564,-7.0866],[115.7567,-7.087],[115.7569,-7.087],[115.757,-7.087],[115.7571,-7.0869],[115.7571,-7.0867],[115.7571,-7.0866],[115.757,-7.0865],[115.7569,-7.0864],[115.7567,-7.0862],[115.7567,-7.086],[115.7568,-7.0858],[115.7569,-7.0856],[115.7571,-7.0855],[115.7573,-7.0854],[115.7574,-7.0854],[115.7576,-7.0854],[115.7581,-7.0854],[115.7583,-7.0853]]],[[[115.7581,-7.104],[115.7581,-7.1039],[115.758,-7.1038],[115.758,-7.1037],[115.758,-7.1035],[115.7579,-7.1027],[115.7581,-7.1027],[115.7582,-7.1027],[115.7584,-7.1027],[115.7585,-7.1027],[115.7587,-7.1029],[115.7588,-7.1031],[115.7589,-7.1032],[115.7589,-7.1033],[115.7589,-7.1034],[115.7587,-7.1035],[115.7587,-7.1036],[115.7583,-7.1039],[115.7582,-7.104],[115.7581,-7.104]]],[[[115.7612,-7.1058],[115.7614,-7.1059],[115.7615,-7.1059],[115.7616,-7.106],[115.7618,-7.1062],[115.7619,-7.1065],[115.762,-7.1066],[115.7621,-7.1069],[115.7622,-7.107],[115.7623,-7.1071],[115.763,-7.1073],[115.7636,-7.1076],[115.7637,-7.1076],[115.7638,-7.1076],[115.7642,-7.1079],[115.7645,-7.1081],[115.765,-7.1085],[115.7652,-7.1085],[115.7653,-7.1085],[115.7655,-7.1085],[115.7659,-7.1085],[115.7665,-7.1084],[115.7666,-7.1083],[115.7668,-7.1084],[115.7673,-7.1085],[115.7679,-7.1087],[115.7686,-7.109],[115.7688,-7.1091],[115.7691,-7.1092],[115.7693,-7.1093],[115.7695,-7.1094],[115.7696,-7.1094],[115.77,-7.1094],[115.7702,-7.1095],[115.7704,-7.1097],[115.7706,-7.1101],[115.7707,-7.1104],[115.7707,-7.1109],[115.7709,-7.1122],[115.7709,-7.1126],[115.7709,-7.1127],[115.7709,-7.1131],[115.7709,-7.1134],[115.7709,-7.1136],[115.771,-7.1137],[115.7709,-7.1138],[115.7709,-7.114],[115.7707,-7.1145],[115.7707,-7.1146],[115.7706,-7.1147],[115.7705,-7.1152],[115.7704,-7.1153],[115.7704,-7.1154],[115.7703,-7.1155],[115.7701,-7.1155],[115.7694,-7.1156],[115.7692,-7.1155],[115.7688,-7.1153],[115.7686,-7.1153],[115.7685,-7.1154],[115.7684,-7.1154],[115.7682,-7.1155],[115.7682,-7.1156],[115.768,-7.1156],[115.7678,-7.1156],[115.7678,-7.1155],[115.7677,-7.1155],[115.7675,-7.1153],[115.7671,-7.1148],[115.7668,-7.1147],[115.7663,-7.1146],[115.7661,-7.1146],[115.7657,-7.1147],[115.7652,-7.1148],[115.7646,-7.1151],[115.7642,-7.1151],[115.7638,-7.115],[115.7635,-7.1149],[115.7627,-7.1145],[115.7621,-7.1143],[115.7617,-7.1142],[115.7612,-7.1141],[115.7601,-7.1138],[115.7597,-7.1137],[115.7593,-7.1135],[115.759,-7.1132],[115.7588,-7.113],[115.7588,-7.1129],[115.7587,-7.1128],[115.7586,-7.1125],[115.7585,-7.1123],[115.7583,-7.1122],[115.7582,-7.1122],[115.7581,-7.1123],[115.7579,-7.1125],[115.7577,-7.1125],[115.7575,-7.1124],[115.7573,-7.1122],[115.7572,-7.112],[115.7572,-7.1118],[115.7573,-7.1114],[115.7574,-7.111],[115.7576,-7.1107],[115.7578,-7.1104],[115.7578,-7.1101],[115.7579,-7.1099],[115.758,-7.1098],[115.7581,-7.1098],[115.7584,-7.1098],[115.7585,-7.1098],[115.7589,-7.1099],[115.759,-7.1098],[115.7591,-7.1097],[115.7591,-7.1096],[115.7591,-7.1095],[115.759,-7.1093],[115.7588,-7.1089],[115.7588,-7.1085],[115.7587,-7.1079],[115.7587,-7.1078],[115.7587,-7.1072],[115.7588,-7.1069],[115.7589,-7.1068],[115.759,-7.1065],[115.7592,-7.1062],[115.7593,-7.1062],[115.7594,-7.106],[115.7597,-7.1059],[115.76,-7.1058],[115.7603,-7.1058],[115.7609,-7.1059],[115.7612,-7.1058]]],[[[115.7631,-7.1154],[115.7633,-7.1155],[115.7635,-7.1156],[115.7637,-7.1157],[115.764,-7.1158],[115.7641,-7.1159],[115.7641,-7.116],[115.7642,-7.116],[115.7642,-7.1161],[115.764,-7.1162],[115.7639,-7.1163],[115.7639,-7.1164],[115.7636,-7.1166],[115.7633,-7.1168],[115.7631,-7.117],[115.7628,-7.1172],[115.7623,-7.1176],[115.7619,-7.1178],[115.7601,-7.1186],[115.7597,-7.1187],[115.7595,-7.1186],[115.7587,-7.1182],[115.7583,-7.1182],[115.7579,-7.1181],[115.7578,-7.1181],[115.7577,-7.1181],[115.7576,-7.118],[115.7575,-7.118],[115.7574,-7.1178],[115.7574,-7.1176],[115.7573,-7.1174],[115.7573,-7.1172],[115.7573,-7.1171],[115.7571,-7.1166],[115.757,-7.1163],[115.7567,-7.116],[115.7563,-7.1157],[115.7561,-7.1155],[115.756,-7.1154],[115.756,-7.1152],[115.7561,-7.115],[115.7563,-7.1149],[115.7567,-7.1147],[115.757,-7.1145],[115.7574,-7.1144],[115.758,-7.1142],[115.7584,-7.1142],[115.7587,-7.1143],[115.7592,-7.1147],[115.7597,-7.115],[115.7599,-7.1151],[115.7601,-7.1151],[115.7606,-7.1149],[115.7609,-7.1148],[115.7612,-7.1149],[115.7615,-7.115],[115.7619,-7.115],[115.7622,-7.1151],[115.7631,-7.1154]]],[[[115.7675,-7.1202],[115.7674,-7.1201],[115.7673,-7.12],[115.7673,-7.1199],[115.7673,-7.1198],[115.7673,-7.1196],[115.7675,-7.1196],[115.7677,-7.1195],[115.7678,-7.1196],[115.768,-7.1198],[115.768,-7.1201],[115.7679,-7.1202],[115.7678,-7.1202],[115.7676,-7.1202],[115.7675,-7.1202]]],[[[115.7659,-7.1203],[115.7662,-7.1204],[115.767,-7.1203],[115.7671,-7.1203],[115.7672,-7.1204],[115.7675,-7.1207],[115.7676,-7.1207],[115.7678,-7.1208],[115.7682,-7.121],[115.7684,-7.1212],[115.7685,-7.1215],[115.7686,-7.1221],[115.7687,-7.1224],[115.7688,-7.1229],[115.7689,-7.1239],[115.7689,-7.124],[115.769,-7.1241],[115.7691,-7.1242],[115.7692,-7.1243],[115.7694,-7.1242],[115.7697,-7.1241],[115.7701,-7.1238],[115.7703,-7.1237],[115.7705,-7.1236],[115.7706,-7.1237],[115.7708,-7.1238],[115.771,-7.1243],[115.771,-7.1245],[115.7711,-7.1249],[115.7712,-7.125],[115.7713,-7.1255],[115.7713,-7.1256],[115.7714,-7.1261],[115.7715,-7.1265],[115.7715,-7.1266],[115.7714,-7.1271],[115.7712,-7.1278],[115.771,-7.1281],[115.7704,-7.1287],[115.7703,-7.1289],[115.7701,-7.1293],[115.77,-7.1295],[115.77,-7.1296],[115.7698,-7.1296],[115.7697,-7.1296],[115.7695,-7.1295],[115.7692,-7.1294],[115.7692,-7.1292],[115.7691,-7.1288],[115.769,-7.1286],[115.7689,-7.1286],[115.7687,-7.1287],[115.7686,-7.1288],[115.7685,-7.1289],[115.7684,-7.1292],[115.7683,-7.1293],[115.768,-7.1295],[115.7677,-7.1296],[115.7675,-7.1298],[115.7672,-7.13],[115.7671,-7.1301],[115.7671,-7.1305],[115.767,-7.1305],[115.7669,-7.1304],[115.7666,-7.1303],[115.7663,-7.13],[115.7659,-7.1298],[115.7659,-7.1297],[115.7659,-7.1296],[115.7658,-7.1295],[115.7659,-7.1294],[115.7659,-7.1292],[115.7657,-7.129],[115.7655,-7.1288],[115.7655,-7.1287],[115.7655,-7.1284],[115.7654,-7.1283],[115.7651,-7.1283],[115.7646,-7.1284],[115.7639,-7.1285],[115.7635,-7.1286],[115.7621,-7.1291],[115.7619,-7.1291],[115.7617,-7.1291],[115.7612,-7.129],[115.7612,-7.1291],[115.7609,-7.1293],[115.7606,-7.1294],[115.7604,-7.1292],[115.7603,-7.129],[115.7603,-7.1289],[115.7603,-7.1286],[115.7605,-7.128],[115.7606,-7.1276],[115.7608,-7.1274],[115.7611,-7.1271],[115.7615,-7.1269],[115.7619,-7.1267],[115.7621,-7.1265],[115.7624,-7.1261],[115.7628,-7.1257],[115.7629,-7.1256],[115.763,-7.1255],[115.7629,-7.1254],[115.7629,-7.1253],[115.7628,-7.1251],[115.7628,-7.125],[115.7625,-7.1244],[115.7624,-7.1239],[115.7623,-7.1237],[115.7623,-7.1234],[115.7623,-7.1222],[115.7624,-7.122],[115.7627,-7.1215],[115.763,-7.1213],[115.7633,-7.1212],[115.7636,-7.1211],[115.764,-7.1208],[115.7644,-7.1205],[115.7648,-7.1203],[115.7651,-7.1202],[115.7654,-7.1202],[115.7659,-7.1203]]],[[[115.8161,-7.1178],[115.8166,-7.117],[115.8172,-7.1163],[115.8178,-7.1157],[115.8184,-7.115],[115.8191,-7.1145],[115.8199,-7.114],[115.8207,-7.1135],[115.8215,-7.1132],[115.8223,-7.1128],[115.8232,-7.1126],[115.8241,-7.1124],[115.825,-7.1123],[115.8259,-7.1123],[115.8268,-7.1123],[115.8277,-7.1124],[115.8285,-7.1126],[115.8294,-7.1128],[115.8302,-7.1132],[115.8311,-7.1135],[115.8318,-7.114],[115.8326,-7.1145],[115.8333,-7.115],[115.8339,-7.1157],[115.8345,-7.1163],[115.8351,-7.117],[115.8356,-7.1178],[115.836,-7.1186],[115.8364,-7.1194],[115.8367,-7.1203],[115.8369,-7.1211],[115.8371,-7.122],[115.8372,-7.1229],[115.8372,-7.1238],[115.8372,-7.1239],[115.8371,-7.1247],[115.837,-7.1256],[115.8368,-7.1265],[115.8365,-7.1273],[115.8362,-7.1282],[115.8358,-7.129],[115.8353,-7.1297],[115.8348,-7.1305],[115.8343,-7.1312],[115.8336,-7.1318],[115.8329,-7.1324],[115.8322,-7.1329],[115.8315,-7.1334],[115.8307,-7.1338],[115.8298,-7.1342],[115.829,-7.1344],[115.8281,-7.1347],[115.8272,-7.1348],[115.8263,-7.1349],[115.8254,-7.1349],[115.8245,-7.1348],[115.8236,-7.1347],[115.8228,-7.1344],[115.8219,-7.1342],[115.8211,-7.1338],[115.8203,-7.1334],[115.8195,-7.1329],[115.8188,-7.1324],[115.8181,-7.1318],[115.8175,-7.1312],[115.8169,-7.1305],[115.8164,-7.1297],[115.8159,-7.129],[115.8155,-7.1282],[115.8152,-7.1273],[115.8149,-7.1265],[115.8147,-7.1256],[115.8146,-7.1247],[115.8145,-7.1238],[115.8146,-7.1229],[115.8146,-7.1226],[115.8147,-7.122],[115.8148,-7.1211],[115.815,-7.1203],[115.8153,-7.1194],[115.8157,-7.1186],[115.8161,-7.1178]]],[[[115.8358,-7.1401],[115.8357,-7.1401],[115.8357,-7.14],[115.8354,-7.1395],[115.835,-7.1391],[115.8349,-7.1388],[115.8349,-7.1386],[115.835,-7.1382],[115.8351,-7.1379],[115.8351,-7.1378],[115.8354,-7.1376],[115.8358,-7.1372],[115.8361,-7.137],[115.8362,-7.1369],[115.8362,-7.1368],[115.8367,-7.1364],[115.837,-7.1362],[115.8374,-7.1361],[115.8381,-7.1358],[115.8385,-7.1357],[115.839,-7.1356],[115.8394,-7.1356],[115.8398,-7.1356],[115.8405,-7.136],[115.8412,-7.1365],[115.8414,-7.1367],[115.8415,-7.1369],[115.8416,-7.1369],[115.8416,-7.137],[115.8416,-7.1372],[115.8415,-7.1385],[115.8415,-7.1387],[115.8415,-7.1395],[115.8415,-7.14],[115.8415,-7.1402],[115.8415,-7.1404],[115.8413,-7.1405],[115.8411,-7.1405],[115.8408,-7.1405],[115.8396,-7.1403],[115.8385,-7.14],[115.8382,-7.14],[115.8366,-7.1403],[115.8362,-7.1402],[115.8358,-7.1401]]],[[[115.8405,-7.1446],[115.8405,-7.1442],[115.8406,-7.1438],[115.8405,-7.1428],[115.8406,-7.1423],[115.8406,-7.142],[115.8406,-7.1418],[115.8407,-7.1416],[115.8409,-7.1414],[115.8413,-7.141],[115.8414,-7.141],[115.8415,-7.141],[115.8416,-7.141],[115.8418,-7.141],[115.8419,-7.1411],[115.8419,-7.1412],[115.8418,-7.1413],[115.8417,-7.1413],[115.8417,-7.1414],[115.8419,-7.1414],[115.842,-7.1414],[115.8421,-7.1414],[115.8421,-7.1415],[115.842,-7.1416],[115.8419,-7.1417],[115.8419,-7.1419],[115.8419,-7.1423],[115.8419,-7.1426],[115.8419,-7.1427],[115.8419,-7.1428],[115.842,-7.1429],[115.8423,-7.143],[115.8427,-7.1429],[115.8429,-7.143],[115.843,-7.1431],[115.8431,-7.1431],[115.8433,-7.1434],[115.8434,-7.1439],[115.8434,-7.144],[115.8434,-7.1441],[115.8433,-7.1443],[115.8433,-7.1448],[115.8433,-7.145],[115.8433,-7.1452],[115.8431,-7.1455],[115.8429,-7.1456],[115.8428,-7.1456],[115.8419,-7.1459],[115.8417,-7.1459],[115.8415,-7.1459],[115.8413,-7.1458],[115.841,-7.1455],[115.8407,-7.1451],[115.8405,-7.1448],[115.8405,-7.1446]]],[[[115.8506,-7.1425],[115.8506,-7.1423],[115.8508,-7.1421],[115.8509,-7.1419],[115.8512,-7.1418],[115.8517,-7.1417],[115.8524,-7.142],[115.8528,-7.1421],[115.853,-7.1422],[115.8532,-7.1421],[115.8533,-7.1421],[115.8535,-7.1421],[115.8536,-7.1423],[115.8537,-7.1425],[115.854,-7.1431],[115.8541,-7.1434],[115.8541,-7.1435],[115.8541,-7.1438],[115.8541,-7.144],[115.8541,-7.1443],[115.8542,-7.1447],[115.8544,-7.145],[115.8546,-7.1452],[115.8546,-7.1455],[115.8546,-7.1456],[115.8546,-7.1458],[115.8544,-7.1463],[115.8539,-7.1473],[115.8538,-7.1474],[115.8534,-7.1478],[115.8531,-7.1478],[115.8527,-7.1479],[115.8519,-7.1478],[115.8516,-7.1478],[115.8513,-7.1477],[115.8513,-7.1476],[115.8512,-7.1476],[115.8509,-7.1469],[115.8508,-7.1465],[115.8508,-7.1464],[115.8507,-7.1453],[115.8505,-7.143],[115.8506,-7.1425]]],[[[115.8548,-7.1476],[115.855,-7.1472],[115.8554,-7.1466],[115.8559,-7.146],[115.8561,-7.1457],[115.8564,-7.1454],[115.8567,-7.1451],[115.8569,-7.145],[115.8574,-7.1449],[115.8578,-7.1449],[115.8583,-7.1449],[115.8589,-7.145],[115.8596,-7.1451],[115.8612,-7.1458],[115.8624,-7.1465],[115.864,-7.1475],[115.8643,-7.1478],[115.8644,-7.1478],[115.8645,-7.148],[115.8646,-7.1481],[115.8646,-7.1482],[115.8646,-7.1487],[115.8645,-7.1489],[115.8644,-7.149],[115.8642,-7.1491],[115.8641,-7.1491],[115.8634,-7.1492],[115.8632,-7.1493],[115.8632,-7.1495],[115.8632,-7.1497],[115.8634,-7.15],[115.8637,-7.1504],[115.8638,-7.1506],[115.8638,-7.1508],[115.8639,-7.1509],[115.8639,-7.151],[115.8638,-7.1511],[115.8638,-7.1512],[115.8637,-7.1512],[115.8636,-7.1513],[115.8635,-7.1513],[115.863,-7.1513],[115.8622,-7.1514],[115.8617,-7.1514],[115.8606,-7.152],[115.8602,-7.1521],[115.8598,-7.1522],[115.8595,-7.1522],[115.8588,-7.152],[115.8587,-7.152],[115.8584,-7.1518],[115.8564,-7.1506],[115.8561,-7.1505],[115.8557,-7.1502],[115.8553,-7.1499],[115.8551,-7.1495],[115.8548,-7.1491],[115.8548,-7.1489],[115.8547,-7.1487],[115.8547,-7.1484],[115.8547,-7.1479],[115.8548,-7.1476]]],[[[115.8408,-7.1508],[115.841,-7.1509],[115.8413,-7.1512],[115.8416,-7.1514],[115.8418,-7.1515],[115.8419,-7.1517],[115.8419,-7.1518],[115.8419,-7.1519],[115.8414,-7.1521],[115.8404,-7.1522],[115.8401,-7.1522],[115.8397,-7.1521],[115.8396,-7.152],[115.8396,-7.1519],[115.8395,-7.1519],[115.8395,-7.1518],[115.8394,-7.1515],[115.8398,-7.1509],[115.8398,-7.1508],[115.8403,-7.1507],[115.8404,-7.1507],[115.8408,-7.1508]]],[[[115.8694,-7.1575],[115.8692,-7.1574],[115.869,-7.1571],[115.8689,-7.1568],[115.8689,-7.1565],[115.8689,-7.1564],[115.8689,-7.1562],[115.869,-7.156],[115.8693,-7.1557],[115.8695,-7.1556],[115.8696,-7.1553],[115.8697,-7.1551],[115.8698,-7.155],[115.8699,-7.1549],[115.87,-7.155],[115.8701,-7.1551],[115.8701,-7.1552],[115.8701,-7.1555],[115.8701,-7.1559],[115.8701,-7.156],[115.8702,-7.1563],[115.8702,-7.1565],[115.8702,-7.1569],[115.8702,-7.1571],[115.87,-7.1573],[115.8697,-7.1575],[115.8695,-7.1575],[115.8694,-7.1575]]]]}},{"type":"Feature","properties":{"name":"Pencadangan/Indikasi Kawasan Konservasi","fillColor":"#f60ada","fillOpacity":0.55},"geometry":{"type":"Polygon","coordinates":[[[115.5923,-6.991],[115.5924,-6.9909],[115.5925,-6.9908],[115.5925,-6.9907],[115.5925,-6.9906],[115.5925,-6.9905],[115.5925,-6.9904],[115.5925,-6.9903],[115.5924,-6.9902],[115.5924,-6.9901],[115.5923,-6.9901],[115.5923,-6.99],[115.5922,-6.99],[115.5921,-6.9899],[115.592,-6.9899],[115.5919,-6.9898],[115.5918,-6.9898],[115.5917,-6.9898],[115.5917,-6.9911],[115.5918,-6.991],[115.5919,-6.991],[115.592,-6.991],[115.5921,-6.991],[115.5922,-6.991],[115.5923,-6.991]]]}},{"type":"Feature","properties":{"name":"Pencadangan/Indikasi Kawasan Konservasi","fillColor":"#f60ada","fillOpacity":0.55},"geometry":{"type":"Polygon","coordinates":[[[115.5917,-6.9838],[115.5917,-6.9837],[115.5917,-6.9836],[115.5917,-6.9835],[115.5917,-6.9834],[115.5918,-6.9833],[115.5918,-6.9832],[115.5918,-6.9831],[115.5918,-6.983],[115.5918,-6.9829],[115.5919,-6.9829],[115.5919,-6.9828],[115.5919,-6.9827],[115.5919,-6.9826],[115.5919,-6.9825],[115.592,-6.9824],[115.592,-6.9823],[115.592,-6.9822],[115.592,-6.9821],[115.5921,-6.9821],[115.5921,-6.982],[115.5921,-6.9819],[115.5921,-6.9818],[115.5921,-6.9817],[115.5921,-6.9816],[115.5921,-6.9815],[115.5921,-6.9814],[115.5922,-6.9814],[115.5922,-6.9813],[115.5922,-6.9812],[115.5922,-6.9811],[115.5922,-6.981],[115.5922,-6.9809],[115.5921,-6.9808],[115.5921,-6.9807],[115.5921,-6.9806],[115.5921,-6.9805],[115.5921,-6.9804],[115.5921,-6.9803],[115.5921,-6.9802],[115.5921,-6.9801],[115.5921,-6.98],[115.5921,-6.9799],[115.5922,-6.9798],[115.5922,-6.9797],[115.5922,-6.9796],[115.5923,-6.9796],[115.5923,-6.9795],[115.5923,-6.9794],[115.5923,-6.9793],[115.5924,-6.9793],[115.5924,-6.9792],[115.5923,-6.9791],[115.5923,-6.979],[115.5922,-6.979],[115.5922,-6.9789],[115.5921,-6.9789],[115.5921,-6.9788],[115.592,-6.9788],[115.592,-6.9787],[115.5919,-6.9787],[115.5919,-6.9786],[115.5918,-6.9785],[115.5917,-6.9784],[115.5917,-6.9783],[115.5917,-6.9839],[115.5917,-6.9838]]]}},{"type":"Feature","properties":{"name":"Pencadangan/Indikasi Kawasan Konservasi","fillColor":"#f60ada","fillOpacity":0.55},"geometry":{"type":"MultiPolygon","coordinates":[[[[115.4405,-6.9565],[115.4404,-6.9564],[115.4404,-6.9563],[115.4404,-6.9562],[115.4403,-6.956],[115.4402,-6.9559],[115.4402,-6.9558],[115.4401,-6.9557],[115.44,-6.9556],[115.44,-6.9555],[115.4399,-6.9555],[115.4399,-6.9554],[115.4398,-6.9553],[115.4397,-6.9552],[115.4396,-6.9551],[115.4395,-6.955],[115.4394,-6.9549],[115.4393,-6.9548],[115.4392,-6.9548],[115.4391,-6.9547],[115.439,-6.9546],[115.4389,-6.9546],[115.4388,-6.9546],[115.4387,-6.9545],[115.4386,-6.9545],[115.4385,-6.9545],[115.4385,-6.9544],[115.4383,-6.9544],[115.4382,-6.9543],[115.4381,-6.9543],[115.438,-6.9543],[115.4378,-6.9543],[115.4377,-6.9543],[115.4376,-6.9543],[115.4375,-6.9543],[115.4374,-6.9543],[115.4373,-6.9543],[115.4372,-6.9543],[115.437,-6.9543],[115.4369,-6.9543],[115.4368,-6.9544],[115.4367,-6.9544],[115.4365,-6.9545],[115.4364,-6.9545],[115.4363,-6.9546],[115.4362,-6.9547],[115.4361,-6.9547],[115.436,-6.9548],[115.4359,-6.9549],[115.4358,-6.955],[115.4357,-6.9551],[115.4356,-6.9552],[115.4356,-6.9553],[115.4355,-6.9553],[115.4353,-6.9554],[115.4352,-6.9555],[115.4351,-6.9555],[115.4351,-6.9556],[115.435,-6.9556],[115.435,-6.9557],[115.4349,-6.9557],[115.4348,-6.9558],[115.4347,-6.9559],[115.4347,-6.956],[115.4346,-6.9561],[115.4345,-6.9561],[115.4344,-6.9562],[115.4343,-6.9564],[115.4342,-6.9565],[115.4342,-6.9566],[115.4341,-6.9568],[115.434,-6.9569],[115.434,-6.957],[115.434,-6.9571],[115.4339,-6.9573],[115.4339,-6.9574],[115.4339,-6.9575],[115.4339,-6.9576],[115.4339,-6.9578],[115.4339,-6.9579],[115.4339,-6.958],[115.4339,-6.9581],[115.4339,-6.9582],[115.4339,-6.9584],[115.4339,-6.9585],[115.434,-6.9586],[115.434,-6.9587],[115.434,-6.9588],[115.434,-6.9589],[115.4341,-6.959],[115.4341,-6.9591],[115.4342,-6.9592],[115.4342,-6.9593],[115.4343,-6.9594],[115.4343,-6.9595],[115.4344,-6.9596],[115.4344,-6.9597],[115.4345,-6.9597],[115.4346,-6.9598],[115.4347,-6.9599],[115.4348,-6.96],[115.4349,-6.9601],[115.435,-6.9602],[115.4351,-6.9603],[115.4352,-6.9603],[115.4353,-6.9604],[115.4355,-6.9604],[115.4356,-6.9605],[115.4357,-6.9605],[115.4358,-6.9605],[115.436,-6.9606],[115.4361,-6.9606],[115.4362,-6.9606],[115.4364,-6.9606],[115.4365,-6.9606],[115.4366,-6.9606],[115.4367,-6.9606],[115.4368,-6.9606],[115.4369,-6.9607],[115.4371,-6.9607],[115.4372,-6.9608],[115.4373,-6.9608],[115.4374,-6.9609],[115.4375,-6.9609],[115.4377,-6.9609],[115.4378,-6.9609],[115.4379,-6.9609],[115.4381,-6.9609],[115.4382,-6.9609],[115.4383,-6.9609],[115.4385,-6.9609],[115.4386,-6.9609],[115.4387,-6.9608],[115.4388,-6.9608],[115.4389,-6.9608],[115.4391,-6.9607],[115.4392,-6.9606],[115.4393,-6.9606],[115.4394,-6.9605],[115.4395,-6.9604],[115.4396,-6.9603],[115.4397,-6.9603],[115.4397,-6.9602],[115.4398,-6.9601],[115.4399,-6.96],[115.44,-6.9599],[115.4401,-6.9598],[115.4401,-6.9597],[115.4402,-6.9596],[115.4403,-6.9595],[115.4403,-6.9593],[115.4404,-6.9592],[115.4404,-6.9591],[115.4405,-6.959],[115.4405,-6.9589],[115.4405,-6.9587],[115.4405,-6.9586],[115.4406,-6.9585],[115.4406,-6.9584],[115.4406,-6.9583],[115.4406,-6.9582],[115.4406,-6.9581],[115.4406,-6.958],[115.4406,-6.9579],[115.4406,-6.9578],[115.4406,-6.9577],[115.4406,-6.9575],[115.4406,-6.9574],[115.4406,-6.9573],[115.4406,-6.9571],[115.4406,-6.957],[115.4406,-6.9569],[115.4405,-6.9568],[115.4405,-6.9567],[115.4405,-6.9566],[115.4405,-6.9565]]],[[[115.4376,-6.959],[115.4375,-6.959],[115.437,-6.9589],[115.4368,-6.9588],[115.4366,-6.9587],[115.4366,-6.9586],[115.4364,-6.9584],[115.4363,-6.9583],[115.4363,-6.9582],[115.4363,-6.9581],[115.4363,-6.9579],[115.4363,-6.9578],[115.4364,-6.9576],[115.4366,-6.9574],[115.4369,-6.957],[115.4372,-6.9567],[115.4374,-6.9567],[115.4376,-6.9566],[115.4378,-6.9567],[115.4379,-6.9568],[115.438,-6.9568],[115.4381,-6.957],[115.4381,-6.9571],[115.4382,-6.9572],[115.4382,-6.9576],[115.4382,-6.9579],[115.4382,-6.9581],[115.4382,-6.9583],[115.4382,-6.9584],[115.438,-6.9587],[115.4378,-6.9589],[115.4376,-6.959]]]]}},{"type":"Feature","properties":{"name":"Pencadangan/Indikasi Kawasan Konservasi","fillColor":"#f60ada","fillOpacity":0.55},"geometry":{"type":"MultiPolygon","coordinates":[[[[115.3084,-6.9543],[115.3082,-6.9542],[115.3076,-6.9534],[115.3074,-6.9531],[115.307,-6.9527],[115.306,-6.9523],[115.3059,-6.9523],[115.3054,-6.9521],[115.3051,-6.9518],[115.3047,-6.9513],[115.3045,-6.9508],[115.3045,-6.9507],[115.3042,-6.9496],[115.3039,-6.949],[115.3033,-6.9484],[115.3031,-6.9483],[115.3029,-6.9482],[115.3025,-6.9484],[115.3018,-6.9494],[115.3016,-6.9497],[115.3014,-6.9514],[115.3014,-6.9518],[115.3011,-6.9523],[115.3004,-6.9529],[115.3003,-6.9532],[115.3003,-6.9537],[115.3011,-6.9548],[115.3013,-6.9551],[115.3016,-6.9555],[115.3015,-6.9563],[115.3012,-6.9565],[115.3004,-6.9566],[115.2998,-6.9565],[115.2982,-6.9561],[115.2981,-6.9561],[115.2983,-6.9566],[115.2992,-6.9577],[115.2996,-6.9581],[115.3012,-6.9592],[115.3026,-6.9603],[115.3028,-6.9607],[115.3035,-6.9627],[115.3036,-6.9634],[115.3039,-6.9655],[115.3043,-6.9659],[115.3046,-6.966],[115.3063,-6.967],[115.3066,-6.9673],[115.307,-6.968],[115.3071,-6.9688],[115.307,-6.9692],[115.3067,-6.9698],[115.3063,-6.9705],[115.3064,-6.9708],[115.3075,-6.9723],[115.3078,-6.9728],[115.3087,-6.9741],[115.3093,-6.9754],[115.3096,-6.9768],[115.3095,-6.9774],[115.3092,-6.9779],[115.3088,-6.9782],[115.3082,-6.9785],[115.3077,-6.9785],[115.3062,-6.9783],[115.3055,-6.9782],[115.3054,-6.9781],[115.3052,-6.978],[115.3049,-6.9779],[115.3043,-6.978],[115.3041,-6.978],[115.304,-6.978],[115.3035,-6.9778],[115.3027,-6.9771],[115.3024,-6.9767],[115.302,-6.976],[115.3017,-6.9758],[115.2999,-6.975],[115.299,-6.9742],[115.2988,-6.9739],[115.2986,-6.9733],[115.2985,-6.9726],[115.2984,-6.9725],[115.2981,-6.9724],[115.2979,-6.9723],[115.2974,-6.9722],[115.2969,-6.9718],[115.2967,-6.9717],[115.2963,-6.9716],[115.2948,-6.9715],[115.2937,-6.9714],[115.293,-6.9716],[115.2929,-6.9715],[115.2927,-6.9713],[115.2926,-6.9713],[115.2922,-6.971],[115.2918,-6.9712],[115.2913,-6.9717],[115.2907,-6.9721],[115.2903,-6.9722],[115.2901,-6.9722],[115.2895,-6.9721],[115.289,-6.9719],[115.2877,-6.9709],[115.2871,-6.9707],[115.2867,-6.9703],[115.2863,-6.9701],[115.2861,-6.97],[115.286,-6.9702],[115.2859,-6.9708],[115.2859,-6.971],[115.286,-6.9714],[115.2873,-6.9724],[115.2877,-6.9729],[115.2878,-6.9733],[115.2876,-6.9734],[115.2871,-6.9738],[115.2871,-6.9742],[115.2872,-6.9745],[115.2877,-6.9749],[115.2891,-6.9756],[115.2899,-6.976],[115.2906,-6.9762],[115.2906,-6.9763],[115.2906,-6.9764],[115.2901,-6.9767],[115.2893,-6.9771],[115.2886,-6.9781],[115.2887,-6.9783],[115.289,-6.9793],[115.2899,-6.9805],[115.2904,-6.9808],[115.2911,-6.9812],[115.2914,-6.9812],[115.2925,-6.9812],[115.2929,-6.9814],[115.293,-6.9815],[115.2942,-6.9829],[115.2952,-6.9834],[115.2959,-6.9837],[115.297,-6.9846],[115.2982,-6.9857],[115.2996,-6.9868],[115.3003,-6.9876],[115.3004,-6.988],[115.3005,-6.9887],[115.3004,-6.9896],[115.3005,-6.99],[115.3004,-6.9905],[115.3003,-6.9907],[115.2997,-6.9911],[115.2986,-6.9914],[115.2985,-6.9915],[115.2986,-6.9918],[115.2999,-6.9936],[115.3002,-6.9941],[115.3009,-6.9957],[115.301,-6.996],[115.3009,-6.9974],[115.3008,-6.9983],[115.3005,-6.9988],[115.2998,-6.9999],[115.2997,-7.0],[115.3104,-6.9939],[115.3174,-6.9874],[115.32,-6.9926],[115.3232,-6.9939],[115.326,-7.0],[115.3417,-6.9997],[115.3417,-6.9942],[115.3417,-6.9939],[115.3409,-6.994],[115.3403,-6.9944],[115.3399,-6.9947],[115.3383,-6.9953],[115.3374,-6.9956],[115.3363,-6.996],[115.3351,-6.996],[115.3339,-6.9959],[115.3332,-6.9957],[115.3324,-6.9952],[115.332,-6.9951],[115.3314,-6.9948],[115.331,-6.9946],[115.3301,-6.9939],[115.3297,-6.9934],[115.3296,-6.9932],[115.3291,-6.9917],[115.3291,-6.9914],[115.3294,-6.9904],[115.3296,-6.9891],[115.3295,-6.9886],[115.3292,-6.987],[115.3287,-6.9862],[115.3282,-6.9855],[115.3265,-6.9838],[115.3257,-6.9833],[115.3256,-6.983],[115.3252,-6.9828],[115.3248,-6.9826],[115.3243,-6.9824],[115.324,-6.9822],[115.3222,-6.9805],[115.322,-6.9798],[115.3218,-6.9794],[115.3217,-6.979],[115.3213,-6.9772],[115.321,-6.9762],[115.3205,-6.9747],[115.3201,-6.9741],[115.3179,-6.9724],[115.3155,-6.9706],[115.3153,-6.9704],[115.315,-6.9697],[115.3149,-6.9692],[115.3151,-6.9688],[115.3157,-6.9685],[115.3158,-6.9684],[115.3161,-6.9686],[115.3162,-6.9688],[115.3161,-6.9698],[115.3161,-6.9702],[115.3162,-6.9703],[115.3175,-6.9704],[115.3179,-6.9705],[115.3181,-6.9705],[115.3188,-6.9709],[115.3192,-6.9711],[115.3195,-6.9711],[115.3205,-6.9708],[115.321,-6.9706],[115.3216,-6.9705],[115.3221,-6.9705],[115.3221,-6.9706],[115.3223,-6.9707],[115.3224,-6.9707],[115.3226,-6.9714],[115.3228,-6.9722],[115.323,-6.9723],[115.3233,-6.9723],[115.3238,-6.9715],[115.3248,-6.9704],[115.3253,-6.9697],[115.3256,-6.9675],[115.3257,-6.967],[115.3257,-6.9661],[115.3259,-6.9654],[115.326,-6.9646],[115.326,-6.9643],[115.3256,-6.9637],[115.3255,-6.963],[115.3256,-6.9625],[115.3257,-6.9617],[115.3253,-6.9616],[115.3249,-6.9616],[115.324,-6.9615],[115.3239,-6.9615],[115.3229,-6.9615],[115.3221,-6.9613],[115.3218,-6.9611],[115.321,-6.96],[115.3209,-6.9599],[115.3199,-6.9618],[115.3195,-6.9621],[115.3193,-6.9622],[115.3185,-6.9623],[115.318,-6.9621],[115.3177,-6.9618],[115.3174,-6.9614],[115.3174,-6.9612],[115.3176,-6.9605],[115.3184,-6.9599],[115.3186,-6.9596],[115.3192,-6.9582],[115.3191,-6.9581],[115.3182,-6.9575],[115.3171,-6.9572],[115.317,-6.9572],[115.3164,-6.9571],[115.3154,-6.9563],[115.315,-6.9554],[115.3145,-6.9535],[115.3144,-6.9532],[115.3136,-6.9515],[115.3134,-6.951],[115.3132,-6.951],[115.3128,-6.9511],[115.3126,-6.9514],[115.312,-6.9539],[115.3119,-6.955],[115.3119,-6.9553],[115.3117,-6.9556],[115.3114,-6.9557],[115.3113,-6.9557],[115.3105,-6.955],[115.3102,-6.9547],[115.31,-6.9545],[115.3093,-6.9543],[115.3088,-6.9543],[115.3084,-6.9543]]],[[[115.3085,-6.9638],[115.3082,-6.9637],[115.3078,-6.9635],[115.3067,-6.9632],[115.3065,-6.9631],[115.3061,-6.9628],[115.306,-6.9626],[115.3058,-6.9623],[115.3056,-6.9621],[115.3055,-6.9617],[115.3054,-6.9613],[115.3053,-6.9606],[115.3052,-6.9602],[115.3052,-6.96],[115.3052,-6.9598],[115.3053,-6.9596],[115.3055,-6.9595],[115.3057,-6.9595],[115.306,-6.9595],[115.3065,-6.9597],[115.3066,-6.9598],[115.3071,-6.96],[115.3074,-6.9602],[115.3076,-6.9603],[115.3076,-6.9604],[115.3079,-6.9607],[115.3081,-6.9609],[115.3082,-6.9611],[115.3086,-6.9624],[115.3087,-6.9628],[115.3088,-6.9629],[115.309,-6.9631],[115.3091,-6.9631],[115.3091,-6.9632],[115.3092,-6.9633],[115.3092,-6.9635],[115.3091,-6.9637],[115.309,-6.9638],[115.3087,-6.9638],[115.3085,-6.9638]]],[[[115.3223,-6.968],[115.3226,-6.9673],[115.3231,-6.9664],[115.3233,-6.9658],[115.3235,-6.9654],[115.3237,-6.9652],[115.3242,-6.9647],[115.3246,-6.9643],[115.3247,-6.9643],[115.3252,-6.9642],[115.3253,-6.9643],[115.3254,-6.9645],[115.3254,-6.9646],[115.3254,-6.9647],[115.3254,-6.9651],[115.3253,-6.9661],[115.325,-6.9674],[115.3248,-6.9682],[115.3243,-6.9696],[115.3241,-6.9699],[115.3239,-6.9702],[115.3238,-6.9703],[115.3237,-6.9703],[115.3235,-6.9704],[115.323,-6.9705],[115.3229,-6.9705],[115.3228,-6.9705],[115.3226,-6.9705],[115.3223,-6.9704],[115.3221,-6.9703],[115.3219,-6.9701],[115.3218,-6.9699],[115.3218,-6.9698],[115.3223,-6.968]]],[[[115.2928,-6.9762],[115.2935,-6.9763],[115.2935,-6.9764],[115.2936,-6.9764],[115.2937,-6.9765],[115.294,-6.9766],[115.2941,-6.9766],[115.2943,-6.9766],[115.2955,-6.9767],[115.2955,-6.9768],[115.2955,-6.9769],[115.2956,-6.9771],[115.2956,-6.9772],[115.2954,-6.9773],[115.2952,-6.9775],[115.2949,-6.9775],[115.2944,-6.9776],[115.2935,-6.9777],[115.2928,-6.9778],[115.2927,-6.9778],[115.2925,-6.9777],[115.2923,-6.9775],[115.2918,-6.9773],[115.2916,-6.9772],[115.2915,-6.977],[115.2914,-6.9769],[115.2914,-6.9767],[115.2916,-6.9765],[115.2918,-6.9762],[115.292,-6.9762],[115.2923,-6.9761],[115.2928,-6.9762]]]]}},{"type":"Feature","properties":{"name":"Pencadangan/Indikasi Kawasan Konservasi","fillColor":"#f60ada","fillOpacity":0.55},"geometry":{"type":"MultiPolygon","coordinates":[[[[115.4638,-6.9444],[115.4638,-6.9443],[115.4637,-6.9442],[115.4636,-6.9441],[115.4635,-6.944],[115.4634,-6.9439],[115.4633,-6.9438],[115.4631,-6.9438],[115.463,-6.9437],[115.4629,-6.9436],[115.4628,-6.9436],[115.4627,-6.9436],[115.4625,-6.9435],[115.4624,-6.9435],[115.4622,-6.9435],[115.4621,-6.9435],[115.462,-6.9434],[115.4619,-6.9434],[115.4618,-6.9434],[115.4617,-6.9434],[115.4616,-6.9435],[115.4614,-6.9435],[115.4613,-6.9435],[115.4612,-6.9435],[115.4611,-6.9436],[115.461,-6.9436],[115.4609,-6.9436],[115.4608,-6.9437],[115.4607,-6.9437],[115.4606,-6.9437],[115.4605,-6.9437],[115.4604,-6.9437],[115.4603,-6.9437],[115.4601,-6.9437],[115.46,-6.9438],[115.4599,-6.9438],[115.4598,-6.9438],[115.4597,-6.9439],[115.4596,-6.9439],[115.4595,-6.944],[115.4594,-6.944],[115.4593,-6.9441],[115.4592,-6.9441],[115.4591,-6.9442],[115.459,-6.9443],[115.4589,-6.9444],[115.4588,-6.9444],[115.4586,-6.9444],[115.4585,-6.9444],[115.4584,-6.9444],[115.4583,-6.9444],[115.4582,-6.9445],[115.4581,-6.9445],[115.4579,-6.9445],[115.4578,-6.9445],[115.4577,-6.9446],[115.4576,-6.9446],[115.4574,-6.9446],[115.4573,-6.9447],[115.4572,-6.9447],[115.4571,-6.9448],[115.457,-6.9448],[115.4569,-6.9449],[115.4568,-6.9449],[115.4567,-6.945],[115.4566,-6.9451],[115.4565,-6.9452],[115.4564,-6.9453],[115.4563,-6.9454],[115.4562,-6.9455],[115.4561,-6.9456],[115.4561,-6.9457],[115.456,-6.9458],[115.456,-6.9459],[115.4559,-6.946],[115.4559,-6.9461],[115.4558,-6.9462],[115.4558,-6.9463],[115.4557,-6.9464],[115.4557,-6.9465],[115.4557,-6.9466],[115.4556,-6.9467],[115.4556,-6.9469],[115.4555,-6.947],[115.4555,-6.9471],[115.4555,-6.9472],[115.4555,-6.9473],[115.4555,-6.9474],[115.4555,-6.9475],[115.4555,-6.9476],[115.4555,-6.9477],[115.4555,-6.9478],[115.4555,-6.9479],[115.4556,-6.948],[115.4556,-6.9481],[115.4556,-6.9482],[115.4557,-6.9484],[115.4557,-6.9485],[115.4558,-6.9486],[115.4558,-6.9487],[115.4558,-6.9488],[115.4559,-6.9488],[115.4559,-6.9489],[115.456,-6.9491],[115.456,-6.9492],[115.4561,-6.9493],[115.4562,-6.9494],[115.4562,-6.9495],[115.4563,-6.9496],[115.4564,-6.9497],[115.4565,-6.9498],[115.4566,-6.9499],[115.4567,-6.95],[115.4568,-6.95],[115.4569,-6.9501],[115.457,-6.9502],[115.457,-6.9503],[115.4571,-6.9503],[115.4572,-6.9504],[115.4573,-6.9505],[115.4574,-6.9505],[115.4574,-6.9506],[115.4575,-6.9506],[115.4576,-6.9507],[115.4577,-6.9507],[115.4578,-6.9508],[115.4579,-6.9508],[115.458,-6.9509],[115.4582,-6.9509],[115.4583,-6.951],[115.4584,-6.951],[115.4585,-6.951],[115.4587,-6.951],[115.4588,-6.951],[115.4589,-6.951],[115.459,-6.951],[115.4591,-6.951],[115.4592,-6.9511],[115.4593,-6.9511],[115.4595,-6.9511],[115.4596,-6.9511],[115.4597,-6.9511],[115.4598,-6.9511],[115.4599,-6.9511],[115.4601,-6.9511],[115.4602,-6.951],[115.4603,-6.951],[115.4605,-6.951],[115.4606,-6.9509],[115.4607,-6.9508],[115.4608,-6.9508],[115.4609,-6.9507],[115.461,-6.9506],[115.4612,-6.9506],[115.4612,-6.9505],[115.4613,-6.9504],[115.4614,-6.9503],[115.4615,-6.9502],[115.4616,-6.9501],[115.4617,-6.95],[115.4617,-6.9499],[115.4618,-6.9497],[115.4618,-6.9496],[115.4619,-6.9495],[115.4619,-6.9494],[115.4621,-6.9494],[115.4622,-6.9495],[115.4623,-6.9495],[115.4625,-6.9495],[115.4626,-6.9495],[115.4627,-6.9495],[115.4628,-6.9495],[115.463,-6.9495],[115.4631,-6.9494],[115.4632,-6.9494],[115.4633,-6.9494],[115.4635,-6.9493],[115.4636,-6.9493],[115.4637,-6.9492],[115.4638,-6.9491],[115.4639,-6.9491],[115.464,-6.949],[115.4641,-6.9489],[115.4642,-6.9488],[115.4643,-6.9487],[115.4644,-6.9486],[115.4645,-6.9485],[115.4645,-6.9484],[115.4646,-6.9483],[115.4646,-6.9482],[115.4647,-6.9481],[115.4648,-6.948],[115.4648,-6.9479],[115.4648,-6.9478],[115.4648,-6.9477],[115.4649,-6.9476],[115.4649,-6.9475],[115.4649,-6.9473],[115.4649,-6.9472],[115.4649,-6.9471],[115.4649,-6.9469],[115.4649,-6.9468],[115.4649,-6.9467],[115.4649,-6.9466],[115.4649,-6.9464],[115.4648,-6.9463],[115.4648,-6.9462],[115.4647,-6.9461],[115.4647,-6.946],[115.4647,-6.9459],[115.4646,-6.9457],[115.4646,-6.9456],[115.4645,-6.9455],[115.4645,-6.9454],[115.4645,-6.9453],[115.4644,-6.9452],[115.4644,-6.9451],[115.4643,-6.945],[115.4643,-6.9449],[115.4642,-6.9449],[115.4641,-6.9448],[115.4641,-6.9447],[115.464,-6.9446],[115.4639,-6.9445],[115.4639,-6.9444],[115.4638,-6.9444]]],[[[115.4599,-6.9468],[115.4601,-6.9467],[115.4604,-6.9465],[115.4605,-6.9463],[115.4606,-6.9463],[115.4611,-6.946],[115.4613,-6.9459],[115.4616,-6.9459],[115.4617,-6.9459],[115.4619,-6.9459],[115.4621,-6.946],[115.4622,-6.9461],[115.4622,-6.9462],[115.4624,-6.9464],[115.4624,-6.9465],[115.4625,-6.9467],[115.4625,-6.9468],[115.4625,-6.9469],[115.4625,-6.947],[115.4626,-6.9473],[115.4625,-6.9475],[115.4622,-6.9479],[115.4621,-6.9481],[115.4621,-6.9482],[115.462,-6.9482],[115.4618,-6.9485],[115.4616,-6.9486],[115.4613,-6.9487],[115.4608,-6.9488],[115.4605,-6.9487],[115.4601,-6.9487],[115.4595,-6.9488],[115.4594,-6.9488],[115.4592,-6.9488],[115.4588,-6.9487],[115.4587,-6.9486],[115.4586,-6.9485],[115.4585,-6.9485],[115.4583,-6.9483],[115.458,-6.948],[115.458,-6.9479],[115.4579,-6.9478],[115.4579,-6.9476],[115.4579,-6.9475],[115.4579,-6.9474],[115.458,-6.9473],[115.4581,-6.9471],[115.4583,-6.947],[115.4586,-6.9468],[115.4588,-6.9468],[115.4596,-6.9468],[115.4599,-6.9468]]]]}},{"type":"Feature","properties":{"name":"Pencadangan/Indikasi Kawasan Konservasi","fillColor":"#f60ada","fillOpacity":0.55},"geometry":{"type":"MultiPolygon","coordinates":[[[[115.3859,-6.9285],[115.3808,-6.9301],[115.3843,-6.9443],[115.3918,-6.9417],[115.3859,-6.9285]]],[[[115.3837,-6.9336],[115.3835,-6.9335],[115.3834,-6.9334],[115.3833,-6.9333],[115.3833,-6.9329],[115.3833,-6.9328],[115.3834,-6.9323],[115.3835,-6.9319],[115.3836,-6.9319],[115.3838,-6.9318],[115.3839,-6.9318],[115.384,-6.9317],[115.3842,-6.9317],[115.3843,-6.9317],[115.3844,-6.9318],[115.3845,-6.9318],[115.3845,-6.9319],[115.3845,-6.932],[115.3845,-6.9322],[115.3845,-6.9325],[115.3845,-6.9333],[115.3844,-6.9334],[115.3843,-6.9335],[115.3842,-6.9335],[115.3841,-6.9335],[115.384,-6.9336],[115.3838,-6.9336],[115.3837,-6.9336]]],[[[115.3844,-6.9393],[115.3842,-6.9392],[115.3842,-6.939],[115.3842,-6.9385],[115.3844,-6.9382],[115.3844,-6.9378],[115.3844,-6.9377],[115.3844,-6.9375],[115.3844,-6.9372],[115.3846,-6.937],[115.3848,-6.9369],[115.3854,-6.9367],[115.3858,-6.9367],[115.3861,-6.9368],[115.3863,-6.9369],[115.3868,-6.9372],[115.3869,-6.9372],[115.3871,-6.9374],[115.3871,-6.9375],[115.387,-6.9376],[115.3869,-6.9378],[115.387,-6.9379],[115.387,-6.9381],[115.3871,-6.9383],[115.3871,-6.9387],[115.387,-6.9387],[115.3867,-6.9388],[115.3864,-6.9388],[115.386,-6.9388],[115.3859,-6.939],[115.3858,-6.939],[115.3857,-6.939],[115.3855,-6.939],[115.3854,-6.9391],[115.3853,-6.9392],[115.3849,-6.9393],[115.3848,-6.9394],[115.3847,-6.9394],[115.3844,-6.9393]]]]}},{"type":"Feature","properties":{"name":"Pencadangan/Indikasi Kawasan Konservasi","fillColor":"#f60ada","fillOpacity":0.55},"geometry":{"type":"MultiPolygon","coordinates":[[[[115.3413,-6.9313],[115.3413,-6.9289],[115.3359,-6.9284],[115.3351,-6.9282],[115.3347,-6.9281],[115.3341,-6.928],[115.334,-6.9283],[115.334,-6.9286],[115.334,-6.9288],[115.3348,-6.9296],[115.3361,-6.9304],[115.3369,-6.9309],[115.3379,-6.9315],[115.3385,-6.9319],[115.3386,-6.932],[115.3386,-6.9321],[115.3384,-6.9322],[115.3378,-6.9324],[115.3372,-6.9323],[115.3369,-6.9322],[115.3367,-6.9322],[115.3365,-6.9321],[115.3359,-6.9317],[115.3354,-6.9315],[115.3341,-6.9312],[115.3338,-6.9311],[115.3326,-6.9306],[115.3325,-6.9306],[115.3321,-6.9304],[115.3318,-6.9303],[115.3308,-6.9304],[115.3305,-6.9308],[115.3304,-6.931],[115.3307,-6.9314],[115.3323,-6.9338],[115.3326,-6.9343],[115.3336,-6.9355],[115.3338,-6.9357],[115.334,-6.9358],[115.3343,-6.9358],[115.3349,-6.9357],[115.3354,-6.9356],[115.3358,-6.9355],[115.3369,-6.9358],[115.337,-6.9359],[115.3374,-6.936],[115.3379,-6.9362],[115.3385,-6.9365],[115.3386,-6.9367],[115.3387,-6.937],[115.3387,-6.9375],[115.3384,-6.9395],[115.3383,-6.94],[115.3383,-6.9405],[115.3383,-6.9409],[115.3388,-6.942],[115.3389,-6.9425],[115.3389,-6.943],[115.3389,-6.9443],[115.3389,-6.9448],[115.3386,-6.9454],[115.337,-6.9469],[115.3365,-6.9474],[115.3365,-6.9475],[115.3367,-6.9477],[115.3368,-6.9477],[115.337,-6.9477],[115.337,-6.9476],[115.3389,-6.9471],[115.3393,-6.947],[115.3397,-6.9468],[115.3401,-6.9466],[115.341,-6.9459],[115.3412,-6.9456],[115.3412,-6.9454],[115.3412,-6.9444],[115.3413,-6.944],[115.3419,-6.9424],[115.3422,-6.9419],[115.3426,-6.9415],[115.3428,-6.9413],[115.3431,-6.9411],[115.3432,-6.9409],[115.3434,-6.9407],[115.3434,-6.9404],[115.343,-6.9385],[115.3431,-6.938],[115.3432,-6.9377],[115.3433,-6.9374],[115.3439,-6.937],[115.3442,-6.9369],[115.3446,-6.9368],[115.3448,-6.9368],[115.3452,-6.937],[115.3462,-6.9375],[115.3463,-6.9375],[115.3464,-6.9375],[115.3467,-6.9375],[115.3479,-6.937],[115.3486,-6.9367],[115.349,-6.9366],[115.3496,-6.9365],[115.3507,-6.9365],[115.3526,-6.937],[115.3527,-6.9371],[115.3528,-6.9371],[115.3528,-6.9374],[115.3527,-6.9376],[115.3526,-6.9378],[115.3523,-6.938],[115.3517,-6.9381],[115.3511,-6.938],[115.3507,-6.938],[115.3504,-6.9381],[115.3502,-6.9381],[115.35,-6.9385],[115.3501,-6.9386],[115.351,-6.9394],[115.3513,-6.9398],[115.3514,-6.9403],[115.3514,-6.9409],[115.3516,-6.9414],[115.3518,-6.9419],[115.3521,-6.9421],[115.3523,-6.9421],[115.353,-6.9419],[115.3539,-6.9416],[115.3551,-6.9414],[115.3553,-6.9413],[115.3559,-6.9409],[115.3562,-6.9408],[115.357,-6.941],[115.3572,-6.9411],[115.3574,-6.9412],[115.3575,-6.9413],[115.3575,-6.9414],[115.3571,-6.9421],[115.3567,-6.9426],[115.3565,-6.9429],[115.3564,-6.9431],[115.3567,-6.9436],[115.3569,-6.9438],[115.3574,-6.944],[115.3575,-6.944],[115.3579,-6.944],[115.3581,-6.944],[115.3584,-6.9439],[115.3593,-6.9437],[115.3599,-6.9437],[115.36,-6.9438],[115.3601,-6.9439],[115.3605,-6.9443],[115.3609,-6.9446],[115.3613,-6.9447],[115.3616,-6.9448],[115.3618,-6.9448],[115.3626,-6.9449],[115.3628,-6.9452],[115.363,-6.9456],[115.3631,-6.9458],[115.3633,-6.9461],[115.364,-6.947],[115.3639,-6.9472],[115.3638,-6.9474],[115.3635,-6.9475],[115.3629,-6.948],[115.3625,-6.9486],[115.3624,-6.9489],[115.3623,-6.949],[115.3622,-6.9491],[115.3615,-6.9492],[115.3615,-6.9494],[115.3614,-6.9499],[115.3612,-6.9502],[115.3609,-6.9505],[115.3605,-6.9506],[115.36,-6.9507],[115.3588,-6.9508],[115.3586,-6.951],[115.3585,-6.9521],[115.3585,-6.9523],[115.3587,-6.9524],[115.3595,-6.9526],[115.3608,-6.9529],[115.361,-6.953],[115.3611,-6.9531],[115.3612,-6.9533],[115.3612,-6.9535],[115.3612,-6.9539],[115.3612,-6.9542],[115.3613,-6.9544],[115.3617,-6.9551],[115.3619,-6.9552],[115.3622,-6.9553],[115.3624,-6.9552],[115.3627,-6.9551],[115.3629,-6.9549],[115.3631,-6.9547],[115.3642,-6.9534],[115.3648,-6.9532],[115.3653,-6.953],[115.3656,-6.9528],[115.3662,-6.9522],[115.3668,-6.9517],[115.3671,-6.9514],[115.3672,-6.9513],[115.3673,-6.9512],[115.3676,-6.9512],[115.3684,-6.9515],[115.3685,-6.9516],[115.3686,-6.9516],[115.3688,-6.9517],[115.369,-6.9517],[115.3691,-6.9517],[115.3693,-6.9516],[115.3696,-6.9514],[115.3707,-6.9506],[115.3708,-6.9508],[115.3708,-6.951],[115.3708,-6.9511],[115.3706,-6.9514],[115.3702,-6.9518],[115.3699,-6.9522],[115.3698,-6.9524],[115.3699,-6.9531],[115.3701,-6.9532],[115.3703,-6.9533],[115.3704,-6.9533],[115.3705,-6.9533],[115.3707,-6.9532],[115.3724,-6.952],[115.3727,-6.952],[115.3733,-6.952],[115.3744,-6.9522],[115.3746,-6.9521],[115.375,-6.9518],[115.3751,-6.9517],[115.3759,-6.9512],[115.3761,-6.9512],[115.3762,-6.9513],[115.3762,-6.9515],[115.3762,-6.9518],[115.3762,-6.9529],[115.3764,-6.9531],[115.3767,-6.9534],[115.3773,-6.9537],[115.3783,-6.9544],[115.3787,-6.9546],[115.3788,-6.9546],[115.3791,-6.9547],[115.38,-6.9548],[115.3812,-6.9549],[115.3813,-6.9551],[115.3813,-6.9552],[115.3822,-6.9564],[115.3827,-6.9568],[115.383,-6.957],[115.3832,-6.957],[115.3838,-6.9572],[115.3839,-6.9573],[115.384,-6.9573],[115.3841,-6.9574],[115.3849,-6.9578],[115.3852,-6.9584],[115.3852,-6.9589],[115.3853,-6.9591],[115.3856,-6.9593],[115.3864,-6.9599],[115.3865,-6.96],[115.3864,-6.9602],[115.3863,-6.9604],[115.3857,-6.9607],[115.3853,-6.961],[115.385,-6.9614],[115.3849,-6.9616],[115.3846,-6.9627],[115.3845,-6.963],[115.3846,-6.9631],[115.3847,-6.9631],[115.3855,-6.9632],[115.3863,-6.9633],[115.3869,-6.9634],[115.3872,-6.9636],[115.3873,-6.9636],[115.3889,-6.9645],[115.3891,-6.9647],[115.3894,-6.9653],[115.3896,-6.9656],[115.3898,-6.9667],[115.396,-6.9667],[115.3969,-6.9658],[115.3938,-6.9627],[115.3785,-6.9478],[115.3721,-6.9478],[115.3708,-6.9465],[115.3625,-6.9377],[115.3579,-6.931],[115.3548,-6.9337],[115.3495,-6.9337],[115.3413,-6.9313]]],[[[115.3582,-6.9354],[115.3583,-6.9352],[115.3583,-6.935],[115.3584,-6.9348],[115.3586,-6.9347],[115.3589,-6.9347],[115.3593,-6.9347],[115.3597,-6.9349],[115.3599,-6.935],[115.3603,-6.9352],[115.3605,-6.9354],[115.3606,-6.9356],[115.3607,-6.9358],[115.3605,-6.9362],[115.3604,-6.9364],[115.3603,-6.9365],[115.3602,-6.9366],[115.3599,-6.9366],[115.3598,-6.9366],[115.3597,-6.9366],[115.3589,-6.9362],[115.3587,-6.9361],[115.3586,-6.9361],[115.3584,-6.936],[115.3583,-6.9357],[115.3582,-6.9354]]],[[[115.3639,-6.9453],[115.3638,-6.9452],[115.3638,-6.9451],[115.3638,-6.9449],[115.3638,-6.9447],[115.364,-6.9442],[115.3642,-6.9439],[115.3643,-6.9438],[115.3645,-6.9438],[115.3647,-6.9439],[115.365,-6.944],[115.3651,-6.9441],[115.3652,-6.9442],[115.3653,-6.9444],[115.3653,-6.9446],[115.3652,-6.9448],[115.3651,-6.945],[115.3649,-6.9452],[115.3646,-6.9453],[115.3643,-6.9453],[115.3642,-6.9453],[115.3642,-6.9454],[115.3639,-6.9453]]]]}},{"type":"Feature","properties":{"name":"Pencadangan/Indikasi Kawasan Konservasi","fillColor":"#f60ada","fillOpacity":0.55},"geometry":{"type":"MultiPolygon","coordinates":[[[[115.3575,-6.9192],[115.3573,-6.9188],[115.3571,-6.9186],[115.3569,-6.9184],[115.3562,-6.918],[115.3559,-6.9179],[115.3556,-6.9176],[115.3552,-6.9167],[115.355,-6.9164],[115.3548,-6.9162],[115.3546,-6.9161],[115.3544,-6.916],[115.3541,-6.9159],[115.3537,-6.9158],[115.3534,-6.9158],[115.3532,-6.9159],[115.3538,-6.9169],[115.3539,-6.9172],[115.3539,-6.9175],[115.3539,-6.9178],[115.3537,-6.9183],[115.3537,-6.9185],[115.3535,-6.9187],[115.3532,-6.919],[115.3528,-6.9192],[115.3525,-6.9193],[115.3522,-6.9194],[115.3518,-6.9192],[115.3517,-6.9192],[115.3511,-6.9189],[115.3509,-6.9189],[115.3506,-6.9187],[115.3504,-6.9187],[115.3502,-6.9187],[115.35,-6.9189],[115.3499,-6.9191],[115.3499,-6.9194],[115.3499,-6.9196],[115.35,-6.9198],[115.3504,-6.9204],[115.3511,-6.9209],[115.3514,-6.9211],[115.3517,-6.9215],[115.3519,-6.9218],[115.3525,-6.9222],[115.3528,-6.9225],[115.353,-6.9227],[115.3531,-6.9229],[115.3531,-6.9233],[115.353,-6.9237],[115.3529,-6.924],[115.3528,-6.9242],[115.3525,-6.9244],[115.352,-6.9246],[115.351,-6.9247],[115.3506,-6.9247],[115.35,-6.9249],[115.3498,-6.925],[115.3497,-6.925],[115.3495,-6.9251],[115.3494,-6.925],[115.3493,-6.9248],[115.3491,-6.9246],[115.3488,-6.9243],[115.3483,-6.9238],[115.3478,-6.9234],[115.3473,-6.9228],[115.347,-6.9224],[115.3469,-6.9223],[115.3468,-6.9222],[115.3466,-6.9221],[115.3463,-6.9221],[115.346,-6.9221],[115.3457,-6.9223],[115.3455,-6.9224],[115.3452,-6.9225],[115.3448,-6.9225],[115.3445,-6.9224],[115.3443,-6.9223],[115.3439,-6.9222],[115.3434,-6.922],[115.3429,-6.9216],[115.3426,-6.9212],[115.3418,-6.9201],[115.3415,-6.9197],[115.3413,-6.9195],[115.3409,-6.9193],[115.3407,-6.9192],[115.3405,-6.9191],[115.3403,-6.9191],[115.3397,-6.9188],[115.3392,-6.9185],[115.3391,-6.9184],[115.3389,-6.9183],[115.3386,-6.9182],[115.3378,-6.9183],[115.3375,-6.9184],[115.3373,-6.9183],[115.3372,-6.9183],[115.3372,-6.9184],[115.337,-6.9185],[115.3369,-6.9186],[115.337,-6.919],[115.3371,-6.9194],[115.3375,-6.9203],[115.3377,-6.9208],[115.3378,-6.9211],[115.3379,-6.9214],[115.3378,-6.9216],[115.3376,-6.9218],[115.3375,-6.9219],[115.3372,-6.9219],[115.3371,-6.9219],[115.3369,-6.9219],[115.3367,-6.9218],[115.3361,-6.9214],[115.3353,-6.9207],[115.3348,-6.9204],[115.3346,-6.9203],[115.3344,-6.9202],[115.3341,-6.9201],[115.3338,-6.92],[115.3336,-6.9201],[115.3336,-6.9202],[115.3336,-6.9203],[115.3344,-6.9209],[115.3346,-6.9211],[115.3346,-6.9212],[115.3346,-6.9213],[115.3341,-6.9214],[115.3336,-6.9214],[115.3334,-6.9215],[115.3332,-6.9216],[115.3331,-6.9222],[115.333,-6.9223],[115.3332,-6.9224],[115.3335,-6.9226],[115.3338,-6.9228],[115.334,-6.923],[115.3342,-6.9232],[115.3342,-6.9233],[115.3339,-6.9239],[115.3338,-6.924],[115.3339,-6.9243],[115.334,-6.9246],[115.3346,-6.925],[115.3349,-6.9251],[115.3352,-6.9253],[115.3353,-6.9252],[115.3389,-6.9228],[115.3495,-6.9279],[115.3535,-6.9262],[115.3617,-6.9284],[115.3695,-6.9305],[115.3711,-6.9329],[115.3744,-6.9333],[115.3784,-6.9292],[115.3766,-6.9278],[115.3753,-6.9267],[115.3695,-6.9221],[115.369,-6.9217],[115.3689,-6.922],[115.3687,-6.9222],[115.3686,-6.9226],[115.3687,-6.9228],[115.3688,-6.9229],[115.3692,-6.9234],[115.3692,-6.9235],[115.3691,-6.9237],[115.3689,-6.9238],[115.3683,-6.9239],[115.3679,-6.924],[115.3678,-6.924],[115.3677,-6.924],[115.3676,-6.924],[115.3673,-6.9239],[115.3671,-6.9237],[115.3669,-6.9234],[115.3665,-6.9227],[115.3664,-6.9226],[115.3663,-6.9224],[115.3662,-6.9222],[115.366,-6.922],[115.3659,-6.922],[115.3658,-6.9223],[115.3656,-6.9229],[115.3655,-6.9239],[115.3654,-6.9242],[115.3652,-6.9247],[115.3652,-6.9249],[115.3654,-6.925],[115.3657,-6.9252],[115.3675,-6.9264],[115.368,-6.9268],[115.3686,-6.9274],[115.3692,-6.9283],[115.3693,-6.9286],[115.3692,-6.9289],[115.3691,-6.9291],[115.369,-6.9292],[115.3689,-6.9292],[115.3688,-6.9292],[115.3686,-6.9292],[115.3684,-6.9291],[115.3681,-6.9289],[115.3679,-6.9286],[115.3676,-6.9281],[115.3667,-6.9271],[115.3664,-6.9269],[115.3664,-6.9268],[115.3661,-6.9267],[115.3654,-6.9265],[115.3653,-6.9264],[115.3647,-6.9263],[115.3645,-6.9263],[115.3641,-6.9262],[115.3627,-6.9257],[115.3626,-6.9256],[115.3623,-6.9256],[115.3618,-6.9253],[115.3611,-6.9248],[115.361,-6.9248],[115.3607,-6.9247],[115.3604,-6.9246],[115.36,-6.9246],[115.3595,-6.9247],[115.3589,-6.9248],[115.3588,-6.9248],[115.3587,-6.9249],[115.3584,-6.9248],[115.3583,-6.9247],[115.358,-6.9237],[115.3579,-6.9234],[115.3577,-6.9229],[115.3571,-6.9221],[115.357,-6.9219],[115.3571,-6.9214],[115.3572,-6.9209],[115.3573,-6.9205],[115.3574,-6.9201],[115.3575,-6.9195],[115.3575,-6.9192]]],[[[115.3732,-6.9307],[115.3731,-6.9307],[115.3727,-6.9307],[115.3726,-6.9305],[115.3724,-6.9302],[115.3721,-6.93],[115.3716,-6.9297],[115.3713,-6.9294],[115.3708,-6.9288],[115.3708,-6.9287],[115.3708,-6.9286],[115.3709,-6.9282],[115.3713,-6.9277],[115.3714,-6.9278],[115.3716,-6.928],[115.3718,-6.9281],[115.3719,-6.9282],[115.3722,-6.9283],[115.3725,-6.9284],[115.3728,-6.9284],[115.3729,-6.9285],[115.3733,-6.9285],[115.3737,-6.9287],[115.3738,-6.9288],[115.3738,-6.929],[115.3738,-6.9291],[115.3739,-6.9292],[115.3745,-6.9295],[115.3746,-6.9296],[115.3746,-6.9298],[115.3746,-6.93],[115.3743,-6.9302],[115.3741,-6.9302],[115.3738,-6.9303],[115.3738,-6.9304],[115.3737,-6.9306],[115.3736,-6.9307],[115.3735,-6.9308],[115.3732,-6.9307]]]]}},{"type":"Feature","properties":{"name":"Pencadangan/Indikasi Kawasan Konservasi","fillColor":"#f60ada","fillOpacity":0.55},"geometry":{"type":"MultiPolygon","coordinates":[[[[115.4257,-6.9189],[115.4248,-6.9179],[115.4245,-6.9176],[115.4239,-6.9174],[115.4237,-6.9172],[115.4234,-6.917],[115.4231,-6.9167],[115.4227,-6.9162],[115.4225,-6.916],[115.4224,-6.9159],[115.4223,-6.9159],[115.4221,-6.9157],[115.4219,-6.9157],[115.4218,-6.9157],[115.4217,-6.9158],[115.422,-6.9165],[115.4221,-6.9168],[115.4221,-6.9171],[115.4218,-6.9182],[115.4214,-6.9186],[115.4213,-6.9187],[115.4215,-6.919],[115.4217,-6.9194],[115.422,-6.9197],[115.4221,-6.9199],[115.4228,-6.9204],[115.4281,-6.9237],[115.4288,-6.925],[115.431,-6.9291],[115.429,-6.9336],[115.4272,-6.9378],[115.4313,-6.9503],[115.4406,-6.9484],[115.4395,-6.9412],[115.4443,-6.9273],[115.4485,-6.9273],[115.4485,-6.9226],[115.4485,-6.9209],[115.4472,-6.92],[115.4472,-6.9199],[115.447,-6.9197],[115.4461,-6.9189],[115.4456,-6.9184],[115.4449,-6.9177],[115.4446,-6.9174],[115.4441,-6.9171],[115.4441,-6.9172],[115.4451,-6.9182],[115.4465,-6.9195],[115.4467,-6.9197],[115.4468,-6.9199],[115.4469,-6.9202],[115.4466,-6.9219],[115.4465,-6.9227],[115.4463,-6.9241],[115.4462,-6.9244],[115.4461,-6.9246],[115.446,-6.9247],[115.4459,-6.9247],[115.4456,-6.9245],[115.4449,-6.9239],[115.4448,-6.9237],[115.4446,-6.9234],[115.4445,-6.9232],[115.4445,-6.9231],[115.4446,-6.9229],[115.4448,-6.9228],[115.4449,-6.9227],[115.4448,-6.9226],[115.4447,-6.9224],[115.4445,-6.9223],[115.4441,-6.9221],[115.4431,-6.9215],[115.4428,-6.9213],[115.4426,-6.921],[115.4425,-6.9209],[115.4424,-6.9201],[115.4424,-6.9198],[115.4423,-6.9197],[115.4421,-6.9195],[115.4419,-6.9193],[115.4418,-6.9193],[115.4416,-6.9192],[115.4414,-6.9191],[115.4412,-6.919],[115.4411,-6.9191],[115.441,-6.9193],[115.4408,-6.9199],[115.4407,-6.9201],[115.4405,-6.9202],[115.4402,-6.9204],[115.4398,-6.9204],[115.4394,-6.9204],[115.4393,-6.9204],[115.4389,-6.9203],[115.4388,-6.9203],[115.4384,-6.9202],[115.4379,-6.9197],[115.4378,-6.9197],[115.4376,-6.9195],[115.4374,-6.9195],[115.4369,-6.9194],[115.4367,-6.9195],[115.4366,-6.9196],[115.4364,-6.9198],[115.4361,-6.9201],[115.436,-6.9202],[115.4357,-6.9202],[115.4354,-6.9203],[115.4348,-6.9205],[115.4343,-6.9207],[115.4341,-6.9209],[115.434,-6.9209],[115.4339,-6.9209],[115.4335,-6.9208],[115.4334,-6.9207],[115.4333,-6.9207],[115.4325,-6.9205],[115.4324,-6.9205],[115.4322,-6.9204],[115.432,-6.9203],[115.4318,-6.9201],[115.4317,-6.9199],[115.4316,-6.9184],[115.4316,-6.9178],[115.4315,-6.9175],[115.4314,-6.9171],[115.4312,-6.9168],[115.4311,-6.9167],[115.431,-6.9166],[115.4309,-6.9172],[115.4309,-6.9174],[115.4309,-6.9175],[115.4303,-6.9179],[115.43,-6.9182],[115.4299,-6.9182],[115.4297,-6.9183],[115.4295,-6.9182],[115.4293,-6.9181],[115.4291,-6.9179],[115.4285,-6.917],[115.4285,-6.9169],[115.4283,-6.9167],[115.4282,-6.9167],[115.4281,-6.9167],[115.428,-6.9168],[115.4278,-6.9171],[115.4273,-6.918],[115.4271,-6.9184],[115.4268,-6.9187],[115.4266,-6.9188],[115.4264,-6.9189],[115.4263,-6.9189],[115.4261,-6.9189],[115.426,-6.9189],[115.4257,-6.9189]]],[[[115.4344,-6.9222],[115.4347,-6.9212],[115.4348,-6.921],[115.4348,-6.9209],[115.435,-6.9208],[115.4351,-6.9207],[115.4355,-6.9207],[115.4361,-6.9206],[115.4364,-6.9207],[115.4365,-6.9208],[115.4366,-6.9208],[115.4371,-6.9215],[115.4372,-6.9215],[115.4379,-6.9219],[115.4386,-6.9223],[115.4386,-6.9224],[115.439,-6.9226],[115.4391,-6.9227],[115.4394,-6.9228],[115.4396,-6.9229],[115.44,-6.923],[115.4401,-6.9231],[115.4401,-6.9232],[115.4401,-6.9233],[115.4401,-6.9237],[115.4401,-6.9239],[115.4402,-6.9241],[115.4403,-6.9241],[115.4403,-6.9242],[115.4404,-6.9244],[115.4405,-6.9247],[115.4405,-6.9248],[115.4406,-6.9251],[115.4406,-6.9256],[115.4407,-6.9263],[115.4407,-6.9264],[115.4407,-6.9267],[115.4407,-6.9271],[115.4407,-6.9273],[115.4406,-6.9277],[115.4406,-6.928],[115.4405,-6.9281],[115.4405,-6.9282],[115.4405,-6.9283],[115.4406,-6.9285],[115.4406,-6.9287],[115.4406,-6.9294],[115.4406,-6.9299],[115.4405,-6.9301],[115.4404,-6.9302],[115.4402,-6.9305],[115.4399,-6.9309],[115.4398,-6.9309],[115.4396,-6.9309],[115.4394,-6.9308],[115.4393,-6.9307],[115.4392,-6.9306],[115.439,-6.9301],[115.439,-6.9299],[115.4389,-6.9296],[115.4389,-6.9295],[115.4389,-6.929],[115.4388,-6.929],[115.4387,-6.929],[115.4385,-6.929],[115.4381,-6.929],[115.4378,-6.9291],[115.4375,-6.9293],[115.4373,-6.9295],[115.4372,-6.9297],[115.437,-6.9306],[115.4368,-6.9318],[115.4367,-6.9324],[115.4366,-6.9325],[115.4364,-6.9326],[115.4361,-6.9326],[115.436,-6.9327],[115.4355,-6.9327],[115.4353,-6.9328],[115.4352,-6.933],[115.4351,-6.9332],[115.4351,-6.9335],[115.4352,-6.9337],[115.4352,-6.9338],[115.4353,-6.9339],[115.4356,-6.9342],[115.4356,-6.9343],[115.4359,-6.9345],[115.4362,-6.9346],[115.437,-6.9347],[115.4375,-6.9348],[115.4381,-6.9348],[115.4382,-6.9349],[115.4382,-6.935],[115.4381,-6.9353],[115.4381,-6.9354],[115.4382,-6.9354],[115.4382,-6.9356],[115.4381,-6.9357],[115.4379,-6.9358],[115.4376,-6.9358],[115.4373,-6.9358],[115.437,-6.9359],[115.4366,-6.9362],[115.4365,-6.9363],[115.4364,-6.9366],[115.4363,-6.9367],[115.4363,-6.9368],[115.4363,-6.937],[115.4363,-6.9371],[115.4362,-6.9376],[115.4362,-6.9388],[115.4357,-6.9401],[115.4357,-6.9405],[115.4358,-6.9407],[115.4359,-6.9408],[115.4359,-6.9409],[115.4361,-6.9411],[115.4362,-6.9412],[115.4365,-6.9414],[115.4366,-6.9415],[115.4367,-6.9417],[115.4367,-6.9419],[115.4367,-6.9422],[115.4367,-6.9424],[115.4367,-6.9426],[115.4368,-6.943],[115.4368,-6.9438],[115.4368,-6.9439],[115.4368,-6.9447],[115.4369,-6.9449],[115.437,-6.9451],[115.4371,-6.9451],[115.4372,-6.9453],[115.4374,-6.9457],[115.4374,-6.9459],[115.4374,-6.9461],[115.4372,-6.9462],[115.4371,-6.9462],[115.437,-6.9462],[115.4368,-6.9461],[115.4367,-6.9459],[115.4366,-6.9457],[115.4361,-6.945],[115.4359,-6.9445],[115.4357,-6.9442],[115.4357,-6.944],[115.4354,-6.9435],[115.4351,-6.943],[115.435,-6.9428],[115.4346,-6.9422],[115.4346,-6.9421],[115.4345,-6.9419],[115.4343,-6.9416],[115.4343,-6.9415],[115.4342,-6.9415],[115.434,-6.9415],[115.4336,-6.9416],[115.4333,-6.9417],[115.4332,-6.9418],[115.433,-6.9419],[115.433,-6.942],[115.4329,-6.942],[115.4326,-6.942],[115.432,-6.9419],[115.4318,-6.9419],[115.4317,-6.9418],[115.4317,-6.9417],[115.4316,-6.9412],[115.4316,-6.9411],[115.4315,-6.9409],[115.4314,-6.9409],[115.4312,-6.9407],[115.4312,-6.9405],[115.4312,-6.9403],[115.4313,-6.94],[115.4313,-6.9399],[115.4314,-6.9397],[115.4314,-6.9396],[115.4315,-6.9394],[115.4315,-6.9393],[115.4315,-6.9392],[115.4314,-6.939],[115.4312,-6.9389],[115.4307,-6.9385],[115.4305,-6.9382],[115.4302,-6.9379],[115.4302,-6.9377],[115.4303,-6.9376],[115.4304,-6.9374],[115.4305,-6.9373],[115.4307,-6.9371],[115.4308,-6.9371],[115.431,-6.937],[115.4311,-6.9371],[115.4313,-6.9371],[115.4315,-6.937],[115.4316,-6.9369],[115.4316,-6.9368],[115.4316,-6.9366],[115.4315,-6.9364],[115.4315,-6.9363],[115.4316,-6.9361],[115.4318,-6.9359],[115.432,-6.9358],[115.4321,-6.9359],[115.4322,-6.9359],[115.4325,-6.9359],[115.4326,-6.9359],[115.4327,-6.9358],[115.4328,-6.9357],[115.433,-6.9354],[115.4332,-6.9352],[115.4333,-6.9351],[115.4332,-6.935],[115.4332,-6.9349],[115.4331,-6.9348],[115.433,-6.9347],[115.4329,-6.9346],[115.4325,-6.9344],[115.4324,-6.9342],[115.4324,-6.9341],[115.4325,-6.9339],[115.4326,-6.9337],[115.4328,-6.9336],[115.4329,-6.9336],[115.4332,-6.9335],[115.4336,-6.9334],[115.4336,-6.9333],[115.4336,-6.9331],[115.4336,-6.933],[115.4335,-6.9328],[115.4334,-6.9326],[115.4333,-6.9321],[115.4333,-6.9319],[115.4333,-6.9317],[115.4334,-6.9314],[115.4336,-6.9311],[115.4339,-6.9308],[115.434,-6.9307],[115.4342,-6.9307],[115.4344,-6.9307],[115.435,-6.9306],[115.4353,-6.9304],[115.4356,-6.9301],[115.4357,-6.93],[115.4356,-6.9299],[115.4355,-6.9297],[115.4352,-6.9295],[115.4349,-6.9293],[115.4348,-6.9292],[115.4346,-6.929],[115.4345,-6.9288],[115.4344,-6.9286],[115.4343,-6.9286],[115.4341,-6.9284],[115.4339,-6.9282],[115.4338,-6.9282],[115.4337,-6.9281],[115.4337,-6.928],[115.4337,-6.9279],[115.4338,-6.9276],[115.4339,-6.9267],[115.4337,-6.9259],[115.4338,-6.9257],[115.434,-6.9255],[115.4342,-6.9253],[115.4342,-6.9252],[115.4343,-6.9251],[115.4342,-6.9251],[115.4341,-6.925],[115.4335,-6.9249],[115.4331,-6.9247],[115.4327,-6.9246],[115.4324,-6.9245],[115.4321,-6.9243],[115.432,-6.9243],[115.4317,-6.924],[115.4312,-6.9236],[115.4312,-6.9234],[115.4312,-6.9233],[115.4312,-6.9231],[115.4314,-6.923],[115.4314,-6.9229],[115.432,-6.9222],[115.4321,-6.9223],[115.4322,-6.9224],[115.4326,-6.9227],[115.4328,-6.9229],[115.4331,-6.9231],[115.4334,-6.9231],[115.4336,-6.9231],[115.4339,-6.9229],[115.4341,-6.9228],[115.4342,-6.9226],[115.4343,-6.9225],[115.4343,-6.9224],[115.4344,-6.9222]]],[[[115.4327,-6.9422],[115.4328,-6.9423],[115.4329,-6.9424],[115.4331,-6.9426],[115.4331,-6.9427],[115.4331,-6.943],[115.4332,-6.9431],[115.4333,-6.9434],[115.4335,-6.9439],[115.4338,-6.9442],[115.4342,-6.9447],[115.4343,-6.9452],[115.4343,-6.9453],[115.4344,-6.9454],[115.4344,-6.9456],[115.4345,-6.9459],[115.4345,-6.946],[115.4345,-6.9462],[115.4345,-6.9466],[115.4345,-6.9467],[115.4344,-6.9468],[115.4344,-6.9469],[115.4345,-6.9471],[115.4346,-6.9473],[115.4346,-6.9474],[115.4345,-6.9474],[115.4343,-6.9475],[115.4341,-6.9477],[115.4339,-6.9477],[115.4338,-6.9476],[115.4334,-6.9473],[115.433,-6.9471],[115.4329,-6.9469],[115.4328,-6.9468],[115.4328,-6.9466],[115.4328,-6.9465],[115.4328,-6.9462],[115.4328,-6.9461],[115.4327,-6.946],[115.4325,-6.9457],[115.4324,-6.9456],[115.4324,-6.9455],[115.4325,-6.9453],[115.4325,-6.9452],[115.4326,-6.9449],[115.4325,-6.9447],[115.4324,-6.9444],[115.4324,-6.9442],[115.4324,-6.9441],[115.4323,-6.9436],[115.4322,-6.9428],[115.4322,-6.9425],[115.4324,-6.9423],[115.4327,-6.9422]]]]}},{"type":"Feature","properties":{"name":"Pencadangan/Indikasi Kawasan Konservasi","fillColor":"#f60ada","fillOpacity":0.55},"geometry":{"type":"MultiPolygon","coordinates":[[[[115.4512,-6.9135],[115.4506,-6.9131],[115.4502,-6.9125],[115.4499,-6.9117],[115.4497,-6.9113],[115.4496,-6.9112],[115.4492,-6.9111],[115.4486,-6.9111],[115.4474,-6.9112],[115.4467,-6.9114],[115.4461,-6.9116],[115.4497,-6.9165],[115.4526,-6.9223],[115.4522,-6.9273],[115.4591,-6.9377],[115.4662,-6.9346],[115.4715,-6.9322],[115.4833,-6.9403],[115.4698,-6.9395],[115.4699,-6.9486],[115.4706,-6.9486],[115.4815,-6.9509],[115.4698,-6.9546],[115.4646,-6.9626],[115.4667,-6.9637],[115.4825,-6.9667],[115.4856,-6.9626],[115.4937,-6.9589],[115.4899,-6.9666],[115.5074,-6.9667],[115.5078,-6.9626],[115.5104,-6.9619],[115.516,-6.953],[115.5272,-6.962],[115.5312,-6.9544],[115.531,-6.954],[115.5309,-6.9535],[115.5303,-6.9529],[115.5301,-6.9528],[115.5299,-6.9527],[115.5294,-6.9526],[115.529,-6.9525],[115.5288,-6.9523],[115.529,-6.9519],[115.529,-6.9515],[115.5285,-6.951],[115.5255,-6.9494],[115.5232,-6.9477],[115.5222,-6.9471],[115.5221,-6.9471],[115.5216,-6.9469],[115.5212,-6.9467],[115.5205,-6.9462],[115.5192,-6.9452],[115.5186,-6.9451],[115.5182,-6.9452],[115.5172,-6.9455],[115.5158,-6.9455],[115.5153,-6.9457],[115.5148,-6.946],[115.5143,-6.9461],[115.5128,-6.9454],[115.5126,-6.9453],[115.512,-6.9452],[115.5103,-6.9456],[115.5096,-6.9457],[115.5091,-6.9457],[115.5081,-6.9461],[115.5076,-6.9462],[115.5056,-6.9472],[115.5037,-6.9479],[115.5032,-6.9482],[115.5021,-6.9485],[115.5017,-6.9487],[115.5017,-6.949],[115.5023,-6.9496],[115.5025,-6.9501],[115.5024,-6.9504],[115.5022,-6.9505],[115.5016,-6.9506],[115.5011,-6.9504],[115.5003,-6.95],[115.4999,-6.9498],[115.499,-6.9494],[115.4977,-6.9489],[115.4969,-6.9484],[115.4963,-6.9473],[115.4956,-6.9466],[115.4951,-6.9461],[115.4946,-6.9454],[115.4944,-6.9445],[115.4944,-6.944],[115.4945,-6.9438],[115.4954,-6.9436],[115.4961,-6.9433],[115.4964,-6.9427],[115.4966,-6.9416],[115.4966,-6.9414],[115.4963,-6.9409],[115.4958,-6.9406],[115.4953,-6.9403],[115.4944,-6.9402],[115.4942,-6.9402],[115.4939,-6.9402],[115.4934,-6.9396],[115.4932,-6.9393],[115.4929,-6.939],[115.4926,-6.9389],[115.4923,-6.9387],[115.4923,-6.9385],[115.4928,-6.9381],[115.4931,-6.9373],[115.4935,-6.9367],[115.4938,-6.9364],[115.4936,-6.936],[115.4931,-6.9356],[115.4929,-6.9355],[115.4925,-6.9353],[115.4915,-6.9351],[115.491,-6.936],[115.4905,-6.9366],[115.4897,-6.937],[115.489,-6.9372],[115.4886,-6.9371],[115.4881,-6.9369],[115.4878,-6.9363],[115.4877,-6.9358],[115.4881,-6.9345],[115.4881,-6.9339],[115.4879,-6.9334],[115.4878,-6.9331],[115.488,-6.9321],[115.4881,-6.9311],[115.4881,-6.9301],[115.4877,-6.9294],[115.4874,-6.929],[115.4872,-6.9289],[115.4867,-6.9289],[115.4865,-6.9282],[115.4857,-6.9277],[115.4856,-6.9275],[115.4851,-6.9274],[115.4849,-6.9275],[115.4856,-6.9288],[115.4859,-6.9293],[115.4855,-6.9304],[115.4854,-6.9306],[115.4856,-6.9313],[115.4858,-6.9318],[115.4848,-6.9332],[115.4846,-6.9337],[115.4843,-6.934],[115.4835,-6.9341],[115.4824,-6.9338],[115.4819,-6.9337],[115.4817,-6.9335],[115.4814,-6.933],[115.4813,-6.9326],[115.4812,-6.9324],[115.4805,-6.9325],[115.4798,-6.9326],[115.4793,-6.9324],[115.479,-6.9319],[115.4781,-6.9313],[115.4777,-6.9311],[115.4771,-6.931],[115.4766,-6.931],[115.4762,-6.931],[115.476,-6.9307],[115.4761,-6.9303],[115.4768,-6.9295],[115.4768,-6.9287],[115.4768,-6.9281],[115.4774,-6.9275],[115.4778,-6.9265],[115.478,-6.9261],[115.4783,-6.9258],[115.4793,-6.9258],[115.4799,-6.9262],[115.4802,-6.9264],[115.4804,-6.9263],[115.4803,-6.9261],[115.4783,-6.9245],[115.4776,-6.9241],[115.4775,-6.9241],[115.4765,-6.9239],[115.4763,-6.9238],[115.4759,-6.9237],[115.4758,-6.9235],[115.4756,-6.9231],[115.4741,-6.9241],[115.474,-6.9245],[115.4739,-6.9252],[115.4734,-6.9264],[115.4731,-6.9267],[115.4726,-6.927],[115.4721,-6.9271],[115.4715,-6.927],[115.4716,-6.9276],[115.4714,-6.9283],[115.4711,-6.9288],[115.4707,-6.9291],[115.4702,-6.9289],[115.47,-6.9288],[115.4698,-6.9286],[115.4694,-6.9288],[115.4689,-6.9295],[115.4686,-6.9298],[115.4681,-6.9298],[115.4678,-6.9298],[115.4679,-6.9304],[115.4678,-6.9307],[115.467,-6.931],[115.4664,-6.931],[115.4661,-6.931],[115.4656,-6.9307],[115.4654,-6.9305],[115.4651,-6.9303],[115.4648,-6.9303],[115.4642,-6.9315],[115.4639,-6.9318],[115.4625,-6.9319],[115.4615,-6.932],[115.461,-6.9322],[115.4594,-6.9335],[115.4592,-6.9335],[115.4589,-6.9334],[115.4586,-6.933],[115.4586,-6.9325],[115.4592,-6.9316],[115.4592,-6.9312],[115.4586,-6.9306],[115.4585,-6.93],[115.4585,-6.9297],[115.4587,-6.929],[115.4587,-6.9287],[115.4584,-6.9284],[115.458,-6.9282],[115.4575,-6.9282],[115.4573,-6.9284],[115.457,-6.9292],[115.4568,-6.9298],[115.4566,-6.9301],[115.4562,-6.9303],[115.4553,-6.9306],[115.4548,-6.9314],[115.4544,-6.9316],[115.4541,-6.9316],[115.4538,-6.9314],[115.4536,-6.931],[115.454,-6.9302],[115.4543,-6.9295],[115.4545,-6.9285],[115.4549,-6.9278],[115.4561,-6.9268],[115.457,-6.9261],[115.4575,-6.9255],[115.4579,-6.9248],[115.4586,-6.9243],[115.4595,-6.9235],[115.4605,-6.9227],[115.4611,-6.9226],[115.4614,-6.9224],[115.4619,-6.9219],[115.4619,-6.9217],[115.4612,-6.9217],[115.4608,-6.9217],[115.4605,-6.9216],[115.4603,-6.9213],[115.4592,-6.9211],[115.4586,-6.921],[115.4583,-6.9209],[115.4576,-6.9203],[115.4572,-6.9201],[115.4569,-6.9203],[115.4562,-6.9208],[115.4556,-6.921],[115.4553,-6.921],[115.455,-6.921],[115.4549,-6.9202],[115.455,-6.9194],[115.4554,-6.9187],[115.4556,-6.918],[115.4552,-6.9169],[115.4551,-6.9164],[115.4555,-6.9157],[115.4558,-6.9151],[115.4559,-6.9143],[115.4557,-6.9138],[115.4546,-6.9129],[115.4542,-6.9127],[115.454,-6.9127],[115.4534,-6.9129],[115.4532,-6.9129],[115.4532,-6.9126],[115.453,-6.9125],[115.4525,-6.9128],[115.4517,-6.9134],[115.4515,-6.9135],[115.4512,-6.9135]]],[[[115.474,-6.9454],[115.4734,-6.9453],[115.4733,-6.9452],[115.4732,-6.9452],[115.4732,-6.9451],[115.4732,-6.9449],[115.4732,-6.9447],[115.4732,-6.9446],[115.4733,-6.9443],[115.4733,-6.9442],[115.4733,-6.9441],[115.4732,-6.9434],[115.4731,-6.9432],[115.4727,-6.9428],[115.4726,-6.9425],[115.4726,-6.9423],[115.4725,-6.9421],[115.4725,-6.942],[115.4725,-6.9419],[115.4725,-6.9418],[115.4726,-6.9416],[115.4728,-6.9414],[115.473,-6.9412],[115.4732,-6.9411],[115.4734,-6.9412],[115.4737,-6.9413],[115.4739,-6.9414],[115.474,-6.9416],[115.4741,-6.9419],[115.4742,-6.9421],[115.4744,-6.9426],[115.4746,-6.9424],[115.4749,-6.9423],[115.4751,-6.9421],[115.4751,-6.9422],[115.4753,-6.9422],[115.4755,-6.9422],[115.4756,-6.9423],[115.4758,-6.9426],[115.476,-6.9427],[115.4761,-6.9427],[115.4764,-6.9427],[115.4766,-6.9427],[115.4767,-6.9427],[115.4767,-6.9426],[115.4768,-6.9426],[115.4768,-6.9425],[115.4769,-6.9424],[115.4769,-6.9423],[115.4768,-6.942],[115.4767,-6.9417],[115.4767,-6.9416],[115.4769,-6.9414],[115.477,-6.9412],[115.4772,-6.9412],[115.4776,-6.9413],[115.4777,-6.9413],[115.478,-6.9415],[115.4795,-6.9421],[115.4801,-6.9423],[115.4803,-6.9423],[115.4805,-6.9423],[115.4809,-6.9424],[115.4811,-6.9425],[115.4812,-6.9425],[115.4813,-6.9425],[115.4813,-6.9426],[115.4814,-6.9426],[115.4816,-6.9426],[115.4817,-6.9428],[115.4818,-6.9429],[115.4818,-6.943],[115.4818,-6.9431],[115.4818,-6.9432],[115.4816,-6.9433],[115.4816,-6.9435],[115.4816,-6.9436],[115.4816,-6.9438],[115.4816,-6.9439],[115.4815,-6.9443],[115.4814,-6.9445],[115.4814,-6.9447],[115.4812,-6.945],[115.481,-6.9451],[115.4809,-6.9452],[115.4806,-6.9454],[115.4803,-6.9454],[115.4801,-6.9454],[115.4797,-6.9453],[115.4792,-6.9452],[115.4789,-6.9451],[115.4788,-6.9451],[115.4785,-6.9451],[115.4769,-6.9452],[115.4765,-6.9454],[115.4762,-6.9454],[115.476,-6.9454],[115.4748,-6.9452],[115.4745,-6.9453],[115.4742,-6.9454],[115.474,-6.9454]]],[[[115.4872,-6.9453],[115.4865,-6.9446],[115.4862,-6.9443],[115.4861,-6.9442],[115.486,-6.9441],[115.486,-6.944],[115.4862,-6.9434],[115.4866,-6.9424],[115.4867,-6.9423],[115.4867,-6.9421],[115.4869,-6.942],[115.487,-6.9419],[115.4871,-6.942],[115.4874,-6.9424],[115.4875,-6.9426],[115.4877,-6.9427],[115.4878,-6.943],[115.4881,-6.9432],[115.4883,-6.9433],[115.4885,-6.9433],[115.4888,-6.9433],[115.489,-6.9434],[115.4897,-6.944],[115.49,-6.9443],[115.4902,-6.9444],[115.4904,-6.9445],[115.4906,-6.9444],[115.4908,-6.9442],[115.4909,-6.9441],[115.4911,-6.9437],[115.4912,-6.9436],[115.4914,-6.9436],[115.4916,-6.9436],[115.4919,-6.9435],[115.4921,-6.9434],[115.4925,-6.9434],[115.4928,-6.9434],[115.4929,-6.9435],[115.493,-6.9437],[115.4931,-6.9439],[115.4931,-6.9441],[115.4935,-6.9445],[115.4939,-6.9449],[115.4943,-6.9455],[115.4949,-6.9465],[115.4951,-6.9469],[115.4954,-6.9472],[115.4957,-6.9475],[115.4958,-6.9477],[115.4958,-6.9479],[115.496,-6.9484],[115.496,-6.9485],[115.496,-6.9489],[115.496,-6.9491],[115.4961,-6.9492],[115.4961,-6.9493],[115.4964,-6.9495],[115.4966,-6.9497],[115.4967,-6.9497],[115.497,-6.95],[115.4972,-6.95],[115.4973,-6.9502],[115.4977,-6.9507],[115.4979,-6.951],[115.4981,-6.9517],[115.4982,-6.9519],[115.4983,-6.952],[115.4984,-6.9522],[115.4986,-6.9526],[115.4988,-6.9528],[115.4988,-6.953],[115.4988,-6.9531],[115.4986,-6.9532],[115.4983,-6.9533],[115.4981,-6.9532],[115.4979,-6.9531],[115.4977,-6.953],[115.4977,-6.9529],[115.4976,-6.9529],[115.4975,-6.9528],[115.497,-6.9524],[115.4965,-6.9519],[115.4964,-6.9519],[115.4963,-6.9517],[115.4962,-6.9517],[115.4961,-6.9517],[115.4959,-6.9517],[115.4957,-6.9515],[115.4956,-6.9514],[115.4955,-6.9513],[115.4953,-6.951],[115.4951,-6.9508],[115.4949,-6.9507],[115.4948,-6.9506],[115.4945,-6.9504],[115.4943,-6.9504],[115.4942,-6.9503],[115.4941,-6.9503],[115.4938,-6.9503],[115.4937,-6.9504],[115.4935,-6.9504],[115.4934,-6.9504],[115.4932,-6.9504],[115.4929,-6.9503],[115.4922,-6.95],[115.4917,-6.9498],[115.4915,-6.9497],[115.4909,-6.9498],[115.4907,-6.9499],[115.4905,-6.9499],[115.4903,-6.9499],[115.4901,-6.9498],[115.4899,-6.9496],[115.4895,-6.9491],[115.4893,-6.9487],[115.489,-6.948],[115.4889,-6.9478],[115.4889,-6.9476],[115.4891,-6.9474],[115.4892,-6.9473],[115.4893,-6.9471],[115.4894,-6.947],[115.4895,-6.9469],[115.4896,-6.9469],[115.4896,-6.9468],[115.4897,-6.9467],[115.4897,-6.9466],[115.4896,-6.9464],[115.4894,-6.9463],[115.4889,-6.9463],[115.4885,-6.9462],[115.4881,-6.9462],[115.488,-6.9461],[115.4879,-6.9461],[115.4877,-6.9458],[115.4875,-6.9456],[115.4872,-6.9453]]],[[[115.5005,-6.9508],[115.5004,-6.9508],[115.5004,-6.9507],[115.5003,-6.9507],[115.5004,-6.9506],[115.5005,-6.9505],[115.5007,-6.9505],[115.5007,-6.9506],[115.5007,-6.9507],[115.5007,-6.9508],[115.5006,-6.9508],[115.5005,-6.9508]]],[[[115.5055,-6.9507],[115.5056,-6.9505],[115.5056,-6.9504],[115.5057,-6.9501],[115.5059,-6.9499],[115.5062,-6.9496],[115.5064,-6.9495],[115.5067,-6.9492],[115.5071,-6.949],[115.5076,-6.9489],[115.5079,-6.9489],[115.5086,-6.9492],[115.5087,-6.9493],[115.5088,-6.9498],[115.5089,-6.9502],[115.509,-6.9506],[115.5089,-6.9508],[115.5088,-6.9509],[115.5088,-6.951],[115.5083,-6.9514],[115.508,-6.9516],[115.5079,-6.9518],[115.5077,-6.9521],[115.5076,-6.9523],[115.5074,-6.9524],[115.5073,-6.9524],[115.5071,-6.9523],[115.5069,-6.952],[115.5068,-6.9519],[115.5061,-6.9515],[115.506,-6.9514],[115.5059,-6.9514],[115.5057,-6.9511],[115.5056,-6.951],[115.5056,-6.9509],[115.5055,-6.9507]]],[[[115.5123,-6.9519],[115.512,-6.9516],[115.5118,-6.9514],[115.5114,-6.9512],[115.5109,-6.9507],[115.5106,-6.9505],[115.5101,-6.9502],[115.5096,-6.95],[115.5093,-6.9498],[115.5092,-6.9497],[115.5091,-6.9495],[115.509,-6.9493],[115.5089,-6.9488],[115.5089,-6.9486],[115.5088,-6.9483],[115.5088,-6.9479],[115.5089,-6.9478],[115.509,-6.9476],[115.5091,-6.9476],[115.5094,-6.9474],[115.5098,-6.9472],[115.5105,-6.9471],[115.5117,-6.9472],[115.5125,-6.9471],[115.5127,-6.9471],[115.5128,-6.9471],[115.5132,-6.9472],[115.5136,-6.9474],[115.5138,-6.9474],[115.514,-6.9473],[115.5146,-6.947],[115.5159,-6.9464],[115.5162,-6.9463],[115.5165,-6.9463],[115.5166,-6.9463],[115.5169,-6.9464],[115.5174,-6.9467],[115.5176,-6.9469],[115.5184,-6.9467],[115.5187,-6.9467],[115.5192,-6.9467],[115.5197,-6.9469],[115.5199,-6.947],[115.5203,-6.9474],[115.5205,-6.9477],[115.5209,-6.948],[115.521,-6.948],[115.5211,-6.9481],[115.5215,-6.9482],[115.5218,-6.9483],[115.5221,-6.9486],[115.5222,-6.9488],[115.5224,-6.9492],[115.5224,-6.9496],[115.5224,-6.9499],[115.5224,-6.95],[115.5224,-6.9503],[115.5224,-6.9505],[115.5223,-6.9506],[115.5219,-6.9506],[115.5212,-6.9504],[115.521,-6.9504],[115.521,-6.9503],[115.5208,-6.9504],[115.5207,-6.9504],[115.5205,-6.9507],[115.5204,-6.9512],[115.5203,-6.9514],[115.5202,-6.9517],[115.5201,-6.9518],[115.52,-6.9519],[115.5199,-6.952],[115.5198,-6.952],[115.5195,-6.9522],[115.5188,-6.9525],[115.5184,-6.9526],[115.5181,-6.9526],[115.5179,-6.9526],[115.5178,-6.9525],[115.5177,-6.9522],[115.5176,-6.9519],[115.5175,-6.9517],[115.5169,-6.9513],[115.5168,-6.9512],[115.5166,-6.9507],[115.5165,-6.9506],[115.5165,-6.9505],[115.5164,-6.9504],[115.5164,-6.9503],[115.5163,-6.9502],[115.5162,-6.9502],[115.5159,-6.9501],[115.5158,-6.95],[115.5154,-6.9499],[115.5153,-6.9499],[115.515,-6.9495],[115.5148,-6.9494],[115.5147,-6.9493],[115.5146,-6.9494],[115.5145,-6.9496],[115.5144,-6.95],[115.5144,-6.9503],[115.5143,-6.9505],[115.5139,-6.951],[115.5136,-6.9514],[115.5134,-6.9515],[115.5132,-6.9516],[115.513,-6.9518],[115.5129,-6.9519],[115.5128,-6.9519],[115.5128,-6.952],[115.5126,-6.9521],[115.5125,-6.9521],[115.5123,-6.9519]]],[[[115.5044,-6.9524],[115.5037,-6.9527],[115.5037,-6.9528],[115.5038,-6.9529],[115.5039,-6.953],[115.504,-6.953],[115.5042,-6.9532],[115.5044,-6.9535],[115.5045,-6.9536],[115.5045,-6.9537],[115.5045,-6.9538],[115.5045,-6.9539],[115.5044,-6.9541],[115.5042,-6.9542],[115.5038,-6.9542],[115.503,-6.9544],[115.5025,-6.9543],[115.5021,-6.9542],[115.5017,-6.954],[115.5015,-6.9539],[115.5015,-6.9537],[115.5015,-6.9535],[115.5015,-6.9534],[115.5017,-6.9532],[115.5019,-6.953],[115.5021,-6.9529],[115.5024,-6.9527],[115.5029,-6.9524],[115.5029,-6.9523],[115.5029,-6.9522],[115.503,-6.952],[115.503,-6.9518],[115.503,-6.9516],[115.5032,-6.9513],[115.5034,-6.9511],[115.5036,-6.9509],[115.5037,-6.9509],[115.5038,-6.9509],[115.5041,-6.951],[115.5042,-6.951],[115.5043,-6.951],[115.5045,-6.9511],[115.5046,-6.9512],[115.5047,-6.9513],[115.5049,-6.9516],[115.505,-6.9517],[115.505,-6.9518],[115.505,-6.9519],[115.5049,-6.9522],[115.5048,-6.9522],[115.5047,-6.9523],[115.5044,-6.9524]]],[[[115.4995,-6.9543],[115.5,-6.9544],[115.5001,-6.9545],[115.5009,-6.9548],[115.5015,-6.9551],[115.5017,-6.9553],[115.5022,-6.9559],[115.5026,-6.9563],[115.5027,-6.9565],[115.5027,-6.9567],[115.5027,-6.9568],[115.5026,-6.957],[115.5024,-6.9573],[115.5023,-6.9574],[115.5022,-6.9574],[115.5019,-6.9576],[115.5018,-6.9576],[115.5014,-6.9578],[115.5012,-6.958],[115.5012,-6.9581],[115.5009,-6.9583],[115.5006,-6.9584],[115.5003,-6.9584],[115.5,-6.9583],[115.4998,-6.9583],[115.4991,-6.9581],[115.4989,-6.958],[115.4988,-6.958],[115.4988,-6.9579],[115.4986,-6.9579],[115.4984,-6.9579],[115.4981,-6.9577],[115.4977,-6.9571],[115.4977,-6.957],[115.4978,-6.9569],[115.4979,-6.9565],[115.4979,-6.9563],[115.4981,-6.9549],[115.4981,-6.9547],[115.4981,-6.9545],[115.4982,-6.9544],[115.4983,-6.9543],[115.4984,-6.9542],[115.4985,-6.9542],[115.4986,-6.9542],[115.4995,-6.9543]]],[[[115.5061,-6.9568],[115.5063,-6.9568],[115.5064,-6.9568],[115.5067,-6.9569],[115.5071,-6.957],[115.5074,-6.9573],[115.5077,-6.9576],[115.5078,-6.9578],[115.5078,-6.9579],[115.5078,-6.958],[115.5077,-6.9584],[115.5077,-6.9587],[115.5077,-6.9591],[115.5077,-6.9592],[115.5076,-6.9593],[115.5076,-6.9594],[115.5074,-6.9594],[115.5072,-6.9595],[115.5069,-6.9595],[115.5066,-6.9594],[115.5064,-6.9592],[115.5063,-6.9591],[115.506,-6.9589],[115.5058,-6.9589],[115.5054,-6.9589],[115.5051,-6.959],[115.5043,-6.9593],[115.504,-6.9592],[115.5038,-6.9591],[115.5035,-6.9588],[115.5032,-6.9584],[115.5031,-6.9581],[115.5033,-6.9579],[115.5038,-6.9573],[115.504,-6.9571],[115.5042,-6.9571],[115.5044,-6.9571],[115.5046,-6.9572],[115.5047,-6.9572],[115.505,-6.9573],[115.5052,-6.9573],[115.5054,-6.9572],[115.5061,-6.9568]]],[[[115.5016,-6.9511],[115.5016,-6.9512],[115.5016,-6.9513],[115.5015,-6.9513],[115.5014,-6.9513],[115.5012,-6.9513],[115.5011,-6.9513],[115.5011,-6.9512],[115.5012,-6.9511],[115.5013,-6.951],[115.5015,-6.951],[115.5016,-6.9511]]],[[[115.5011,-6.9511],[115.501,-6.9511],[115.5009,-6.9511],[115.5008,-6.951],[115.5008,-6.9509],[115.501,-6.9508],[115.5012,-6.9507],[115.5013,-6.9507],[115.5013,-6.9508],[115.5012,-6.9509],[115.5011,-6.9511]]],[[[115.4979,-6.966],[115.4973,-6.9658],[115.4969,-6.9657],[115.4963,-6.9653],[115.4961,-6.9651],[115.496,-6.9649],[115.4961,-6.9647],[115.4961,-6.9646],[115.4961,-6.9645],[115.4962,-6.9644],[115.4963,-6.9643],[115.4966,-6.964],[115.497,-6.9636],[115.4972,-6.9634],[115.4974,-6.9633],[115.4975,-6.9632],[115.4976,-6.9631],[115.4977,-6.9631],[115.4984,-6.9631],[115.4986,-6.963],[115.4988,-6.9629],[115.4992,-6.9627],[115.4994,-6.9626],[115.4996,-6.9626],[115.4997,-6.9626],[115.4998,-6.9626],[115.4999,-6.9626],[115.5,-6.9626],[115.5003,-6.9628],[115.5005,-6.963],[115.5005,-6.9631],[115.5006,-6.9632],[115.5005,-6.9634],[115.5006,-6.9634],[115.5006,-6.9635],[115.5007,-6.9637],[115.5009,-6.9638],[115.5009,-6.9639],[115.501,-6.964],[115.5011,-6.9641],[115.501,-6.9642],[115.501,-6.9643],[115.5009,-6.9645],[115.5007,-6.9647],[115.5004,-6.965],[115.5002,-6.9651],[115.5,-6.9653],[115.4995,-6.9656],[115.4991,-6.9659],[115.499,-6.9659],[115.4988,-6.966],[115.4983,-6.966],[115.4979,-6.966]]],[[[115.5186,-6.9606],[115.5183,-6.9604],[115.5182,-6.9603],[115.5181,-6.9601],[115.5182,-6.9599],[115.5183,-6.9596],[115.5185,-6.9592],[115.5187,-6.959],[115.5194,-6.9584],[115.5197,-6.9583],[115.5199,-6.9583],[115.5207,-6.9579],[115.5209,-6.9577],[115.521,-6.9575],[115.5211,-6.9572],[115.5211,-6.9571],[115.5213,-6.9566],[115.5215,-6.9562],[115.5216,-6.956],[115.5218,-6.9557],[115.5221,-6.9555],[115.5222,-6.9554],[115.5224,-6.9554],[115.5228,-6.9551],[115.5228,-6.955],[115.5228,-6.9549],[115.5228,-6.9548],[115.5228,-6.9547],[115.5227,-6.9547],[115.5226,-6.9546],[115.5221,-6.9543],[115.522,-6.9541],[115.522,-6.954],[115.522,-6.9538],[115.5222,-6.9536],[115.5225,-6.9533],[115.5227,-6.9531],[115.5228,-6.9531],[115.5228,-6.953],[115.5229,-6.953],[115.523,-6.953],[115.5232,-6.953],[115.5235,-6.9531],[115.5239,-6.9532],[115.5243,-6.9533],[115.5244,-6.9534],[115.5246,-6.9536],[115.5247,-6.9538],[115.5247,-6.954],[115.5249,-6.9547],[115.5249,-6.9551],[115.5249,-6.9554],[115.5249,-6.9555],[115.5249,-6.9556],[115.525,-6.956],[115.5251,-6.9561],[115.5251,-6.9562],[115.5251,-6.9568],[115.5251,-6.9571],[115.5251,-6.9572],[115.525,-6.9574],[115.5248,-6.9575],[115.5242,-6.9578],[115.524,-6.9578],[115.5235,-6.9577],[115.5234,-6.9577],[115.5233,-6.9578],[115.5231,-6.9583],[115.523,-6.9586],[115.5227,-6.9592],[115.5227,-6.9593],[115.5226,-6.9593],[115.5225,-6.9595],[115.5223,-6.9596],[115.5215,-6.96],[115.5209,-6.9604],[115.5205,-6.9605],[115.5198,-6.9606],[115.5191,-6.9606],[115.5186,-6.9606]]],[[[115.525,-6.9595],[115.5247,-6.9594],[115.5246,-6.9593],[115.5244,-6.959],[115.5244,-6.9589],[115.5243,-6.9588],[115.5244,-6.9586],[115.5244,-6.9585],[115.5245,-6.9584],[115.5246,-6.9584],[115.5248,-6.9583],[115.5252,-6.9583],[115.5254,-6.9584],[115.5256,-6.9585],[115.5258,-6.9588],[115.5258,-6.959],[115.5259,-6.9591],[115.5259,-6.9593],[115.5258,-6.9594],[115.5256,-6.9595],[115.5254,-6.9595],[115.525,-6.9595]]]]}},{"type":"Feature","properties":{"name":"Pencadangan/Indikasi Kawasan Konservasi","fillColor":"#f60ada","fillOpacity":0.55},"geometry":{"type":"Polygon","coordinates":[[[115.3688,-6.9077],[115.368,-6.9064],[115.3681,-6.9066],[115.3683,-6.9078],[115.3683,-6.9085],[115.3682,-6.909],[115.368,-6.9096],[115.3678,-6.91],[115.3677,-6.9102],[115.3674,-6.9103],[115.3671,-6.9103],[115.367,-6.9103],[115.3668,-6.9103],[115.3666,-6.9102],[115.3661,-6.91],[115.3659,-6.9099],[115.3657,-6.9098],[115.3656,-6.9098],[115.3655,-6.9097],[115.3654,-6.9097],[115.3651,-6.9096],[115.365,-6.9096],[115.3648,-6.9099],[115.3648,-6.9102],[115.3646,-6.9117],[115.3646,-6.912],[115.3648,-6.9122],[115.3651,-6.9124],[115.3657,-6.9128],[115.3664,-6.9133],[115.3671,-6.9138],[115.368,-6.9144],[115.3685,-6.9146],[115.3691,-6.9149],[115.3695,-6.9152],[115.3698,-6.9155],[115.37,-6.9158],[115.3701,-6.9161],[115.3701,-6.9164],[115.37,-6.9166],[115.3698,-6.9168],[115.3697,-6.9169],[115.3694,-6.9169],[115.3688,-6.9171],[115.3687,-6.9173],[115.3687,-6.9175],[115.3687,-6.9178],[115.3692,-6.9178],[115.3721,-6.9178],[115.3721,-6.9134],[115.3688,-6.9077]]]}},{"type":"Feature","properties":{"name":"Pencadangan/Indikasi Kawasan Konservasi","fillColor":"#f60ada","fillOpacity":0.55},"geometry":{"type":"MultiPolygon","coordinates":[[[[115.3946,-6.9065],[115.3946,-6.906],[115.3941,-6.9056],[115.394,-6.9056],[115.3936,-6.9054],[115.3925,-6.905],[115.3922,-6.905],[115.3918,-6.905],[115.3915,-6.9048],[115.3912,-6.9046],[115.3909,-6.9045],[115.3906,-6.9045],[115.3904,-6.9044],[115.3904,-6.904],[115.3904,-6.9039],[115.3902,-6.9037],[115.3901,-6.9037],[115.3898,-6.9039],[115.3897,-6.9044],[115.3896,-6.9047],[115.389,-6.9055],[115.3884,-6.9063],[115.3883,-6.9066],[115.3918,-6.9084],[115.3925,-6.9132],[115.3929,-6.916],[115.3948,-6.9286],[115.4031,-6.9305],[115.4076,-6.9429],[115.4078,-6.943],[115.4077,-6.9645],[115.4115,-6.9667],[115.4115,-6.9666],[115.4113,-6.9661],[115.4113,-6.9656],[115.4113,-6.9654],[115.4113,-6.9652],[115.4114,-6.9651],[115.4114,-6.9649],[115.4119,-6.9641],[115.412,-6.9639],[115.4129,-6.9627],[115.413,-6.9626],[115.4131,-6.9623],[115.4134,-6.962],[115.4136,-6.9616],[115.414,-6.9607],[115.4142,-6.9603],[115.4143,-6.9602],[115.4151,-6.9599],[115.4159,-6.96],[115.416,-6.96],[115.4167,-6.9604],[115.4169,-6.9607],[115.4171,-6.961],[115.4174,-6.9619],[115.4174,-6.962],[115.4176,-6.9624],[115.4176,-6.9625],[115.4178,-6.963],[115.4178,-6.9633],[115.4177,-6.9635],[115.4176,-6.964],[115.4175,-6.9642],[115.4175,-6.9644],[115.4177,-6.9646],[115.4177,-6.9647],[115.4179,-6.9652],[115.4181,-6.9659],[115.4181,-6.966],[115.418,-6.9664],[115.4177,-6.9666],[115.4174,-6.9667],[115.4202,-6.9627],[115.4202,-6.9486],[115.428,-6.9326],[115.4243,-6.9289],[115.4238,-6.9284],[115.4238,-6.929],[115.4238,-6.9292],[115.4242,-6.9298],[115.4245,-6.9306],[115.4245,-6.9313],[115.4245,-6.932],[115.4244,-6.9324],[115.4243,-6.9325],[115.4238,-6.9324],[115.4237,-6.9323],[115.4235,-6.9327],[115.4233,-6.9331],[115.4232,-6.9331],[115.4229,-6.9332],[115.4223,-6.9326],[115.4222,-6.9324],[115.4216,-6.9324],[115.4215,-6.9324],[115.4212,-6.9324],[115.421,-6.9322],[115.4209,-6.9318],[115.4203,-6.9306],[115.4199,-6.9298],[115.4197,-6.9294],[115.4193,-6.9287],[115.4192,-6.9285],[115.4187,-6.9283],[115.4182,-6.9284],[115.4176,-6.9289],[115.4172,-6.9294],[115.4172,-6.9295],[115.4179,-6.9301],[115.4182,-6.9308],[115.4183,-6.9312],[115.4183,-6.9319],[115.4178,-6.9325],[115.4174,-6.9328],[115.4173,-6.933],[115.4175,-6.9332],[115.4185,-6.9337],[115.419,-6.9341],[115.4191,-6.9343],[115.4188,-6.9351],[115.4189,-6.9354],[115.4193,-6.9355],[115.42,-6.9357],[115.4202,-6.9358],[115.4205,-6.936],[115.4205,-6.9363],[115.4202,-6.9364],[115.4198,-6.9369],[115.4196,-6.937],[115.419,-6.937],[115.4185,-6.937],[115.4183,-6.9369],[115.4176,-6.9365],[115.4164,-6.936],[115.4163,-6.9359],[115.4148,-6.9355],[115.4147,-6.9355],[115.4136,-6.935],[115.4123,-6.9346],[115.4121,-6.9345],[115.411,-6.934],[115.41,-6.9335],[115.4097,-6.9334],[115.4098,-6.9339],[115.4101,-6.9343],[115.4111,-6.9352],[115.4121,-6.9361],[115.4125,-6.9365],[115.4131,-6.9373],[115.4133,-6.9381],[115.4133,-6.9383],[115.4129,-6.9391],[115.413,-6.9392],[115.4133,-6.9394],[115.414,-6.9394],[115.4142,-6.9395],[115.4148,-6.94],[115.415,-6.9403],[115.4158,-6.9407],[115.4161,-6.941],[115.4167,-6.9415],[115.417,-6.942],[115.4169,-6.9423],[115.4166,-6.9424],[115.416,-6.9426],[115.4157,-6.9425],[115.4151,-6.9424],[115.414,-6.9421],[115.4139,-6.9421],[115.4133,-6.942],[115.413,-6.9422],[115.413,-6.9423],[115.4127,-6.9425],[115.4124,-6.9426],[115.4122,-6.9424],[115.4121,-6.9416],[115.4121,-6.9414],[115.4113,-6.9408],[115.411,-6.9406],[115.4105,-6.9399],[115.4105,-6.9397],[115.4103,-6.9396],[115.4093,-6.9394],[115.4088,-6.9392],[115.4086,-6.9388],[115.4083,-6.9374],[115.4085,-6.9373],[115.4088,-6.9371],[115.4088,-6.9364],[115.4088,-6.9363],[115.409,-6.936],[115.409,-6.9357],[115.4089,-6.9356],[115.4083,-6.9349],[115.4082,-6.9346],[115.4083,-6.9342],[115.4084,-6.9337],[115.4084,-6.9336],[115.4081,-6.9334],[115.4067,-6.9334],[115.4065,-6.9334],[115.4062,-6.9333],[115.4062,-6.9332],[115.4066,-6.9327],[115.4071,-6.9323],[115.4071,-6.9317],[115.407,-6.9312],[115.4069,-6.9308],[115.4067,-6.9302],[115.4063,-6.9296],[115.4064,-6.9295],[115.4068,-6.929],[115.4069,-6.9286],[115.4067,-6.9283],[115.4066,-6.9276],[115.4068,-6.9271],[115.4068,-6.926],[115.4067,-6.9254],[115.4067,-6.925],[115.4067,-6.9244],[115.4062,-6.9238],[115.4057,-6.9235],[115.405,-6.9233],[115.4047,-6.9232],[115.4038,-6.9234],[115.4026,-6.9234],[115.4022,-6.9233],[115.4011,-6.9235],[115.401,-6.9235],[115.4006,-6.9244],[115.4,-6.9251],[115.3996,-6.9259],[115.3995,-6.9264],[115.3994,-6.9266],[115.3993,-6.9266],[115.3989,-6.9264],[115.3989,-6.9261],[115.3988,-6.9257],[115.3989,-6.9251],[115.3989,-6.9249],[115.3986,-6.9246],[115.3987,-6.9238],[115.3987,-6.9237],[115.3985,-6.9235],[115.3983,-6.9235],[115.3977,-6.9237],[115.3975,-6.9238],[115.3974,-6.9238],[115.397,-6.9234],[115.3974,-6.9226],[115.3974,-6.9224],[115.3972,-6.9216],[115.397,-6.9213],[115.3968,-6.921],[115.3965,-6.9204],[115.3962,-6.9201],[115.3961,-6.9196],[115.3961,-6.9195],[115.3965,-6.919],[115.3973,-6.9191],[115.3981,-6.9188],[115.3988,-6.9184],[115.3988,-6.9182],[115.3983,-6.9178],[115.398,-6.9174],[115.3976,-6.9172],[115.3977,-6.9165],[115.3977,-6.9159],[115.3978,-6.9158],[115.3986,-6.9151],[115.3986,-6.9148],[115.3985,-6.9147],[115.3982,-6.9146],[115.3981,-6.9145],[115.3971,-6.9144],[115.3962,-6.9145],[115.396,-6.9146],[115.3957,-6.9146],[115.3955,-6.9144],[115.3952,-6.9136],[115.3952,-6.9132],[115.3952,-6.9126],[115.3956,-6.9113],[115.3963,-6.9107],[115.3969,-6.9104],[115.3976,-6.91],[115.3978,-6.9097],[115.398,-6.9087],[115.3979,-6.9075],[115.3978,-6.9073],[115.3975,-6.907],[115.3971,-6.9071],[115.3965,-6.9072],[115.3958,-6.9074],[115.3951,-6.9078],[115.3949,-6.9079],[115.3947,-6.908],[115.3945,-6.9079],[115.3946,-6.9065]]],[[[115.4051,-6.9278],[115.405,-6.9277],[115.405,-6.9274],[115.4051,-6.9272],[115.4053,-6.927],[115.4054,-6.927],[115.4055,-6.927],[115.4057,-6.927],[115.4059,-6.9271],[115.406,-6.9272],[115.406,-6.9273],[115.406,-6.9275],[115.4059,-6.9277],[115.4057,-6.9278],[115.4055,-6.9279],[115.4053,-6.9279],[115.4051,-6.9278]]],[[[115.4146,-6.9482],[115.4147,-6.9482],[115.415,-6.9479],[115.4151,-6.9478],[115.4156,-6.9474],[115.4158,-6.947],[115.416,-6.9466],[115.4161,-6.9466],[115.4162,-6.9467],[115.4163,-6.9468],[115.4164,-6.9469],[115.4166,-6.9473],[115.4167,-6.9476],[115.4168,-6.9483],[115.4169,-6.9484],[115.417,-6.9487],[115.4169,-6.9489],[115.4168,-6.949],[115.4167,-6.9491],[115.4166,-6.9491],[115.4156,-6.9496],[115.4153,-6.9497],[115.4153,-6.9499],[115.4153,-6.95],[115.4154,-6.9502],[115.4156,-6.9503],[115.4161,-6.9505],[115.417,-6.9508],[115.4176,-6.9513],[115.4176,-6.9514],[115.4176,-6.9516],[115.4175,-6.9518],[115.4174,-6.9521],[115.4173,-6.9524],[115.4172,-6.9527],[115.4167,-6.9535],[115.4165,-6.9536],[115.4163,-6.9537],[115.416,-6.9536],[115.4157,-6.9535],[115.4156,-6.9533],[115.4155,-6.9531],[115.4153,-6.9527],[115.4152,-6.9526],[115.415,-6.9524],[115.4149,-6.9522],[115.4146,-6.9521],[115.4143,-6.952],[115.4141,-6.952],[115.4139,-6.9518],[115.4137,-6.9517],[115.4137,-6.9515],[115.4137,-6.9513],[115.4138,-6.9509],[115.4138,-6.9507],[115.4138,-6.9505],[115.414,-6.9503],[115.4141,-6.95],[115.4142,-6.9498],[115.4144,-6.9496],[115.4145,-6.9494],[115.4145,-6.9493],[115.4144,-6.9493],[115.4142,-6.9491],[115.4139,-6.9489],[115.4137,-6.9487],[115.4137,-6.9486],[115.4137,-6.9485],[115.4139,-6.9483],[115.4141,-6.9483],[115.4143,-6.9483],[115.4146,-6.9482]]]]}},{"type":"Feature","properties":{"name":"Pencadangan/Indikasi Kawasan Konservasi","fillColor":"#f60ada","fillOpacity":0.55},"geometry":{"type":"Polygon","coordinates":[[[115.3786,-6.8995],[115.3786,-6.8994],[115.3785,-6.8993],[115.3783,-6.8994],[115.378,-6.8997],[115.3778,-6.8998],[115.3777,-6.8998],[115.3776,-6.8996],[115.3775,-6.8995],[115.3774,-6.8994],[115.3768,-6.8993],[115.3766,-6.8993],[115.376,-6.8996],[115.3756,-6.8997],[115.375,-6.9],[115.3747,-6.9002],[115.3743,-6.9005],[115.3742,-6.9006],[115.3739,-6.9007],[115.3738,-6.9007],[115.3736,-6.9007],[115.3735,-6.9007],[115.3731,-6.9005],[115.3729,-6.9003],[115.3728,-6.9002],[115.3728,-6.8998],[115.3728,-6.8997],[115.3728,-6.8996],[115.3727,-6.8995],[115.3723,-6.8994],[115.3722,-6.8994],[115.3721,-6.8996],[115.3721,-6.8998],[115.3721,-6.9003],[115.3722,-6.9006],[115.3726,-6.9016],[115.3726,-6.9017],[115.3731,-6.9028],[115.3734,-6.9033],[115.3734,-6.9034],[115.3738,-6.9034],[115.3751,-6.9034],[115.3777,-6.9234],[115.3786,-6.9243],[115.3793,-6.9251],[115.3808,-6.9268],[115.3845,-6.9235],[115.3842,-6.921],[115.3842,-6.9207],[115.3839,-6.9182],[115.3877,-6.915],[115.3856,-6.9107],[115.3856,-6.9106],[115.3852,-6.9106],[115.3849,-6.9105],[115.3847,-6.9105],[115.3842,-6.9107],[115.384,-6.9107],[115.3839,-6.9107],[115.3838,-6.9108],[115.3838,-6.911],[115.3838,-6.9112],[115.3839,-6.9114],[115.3838,-6.9118],[115.3837,-6.9121],[115.3837,-6.9128],[115.3836,-6.9131],[115.3836,-6.9133],[115.3839,-6.9138],[115.3845,-6.9146],[115.3847,-6.9149],[115.3848,-6.9151],[115.3848,-6.9154],[115.3849,-6.9155],[115.3847,-6.916],[115.3846,-6.9162],[115.3846,-6.9164],[115.3846,-6.9167],[115.3844,-6.9169],[115.3842,-6.917],[115.3841,-6.9171],[115.384,-6.9171],[115.3839,-6.9171],[115.3837,-6.917],[115.3836,-6.917],[115.3833,-6.9169],[115.3829,-6.9169],[115.3825,-6.9171],[115.3821,-6.9177],[115.382,-6.9179],[115.3821,-6.9184],[115.3821,-6.9188],[115.3822,-6.9191],[115.3823,-6.9195],[115.3822,-6.9197],[115.3821,-6.9199],[115.382,-6.9201],[115.3819,-6.9202],[115.382,-6.9204],[115.3822,-6.9206],[115.3824,-6.9209],[115.3825,-6.9211],[115.3825,-6.9213],[115.3825,-6.9216],[115.3824,-6.9222],[115.3824,-6.9224],[115.3821,-6.9229],[115.3819,-6.9231],[115.3818,-6.9232],[115.3816,-6.9233],[115.3816,-6.9234],[115.3814,-6.9234],[115.3812,-6.9233],[115.3811,-6.9232],[115.3811,-6.9228],[115.3811,-6.9222],[115.3812,-6.9219],[115.3812,-6.9216],[115.381,-6.9213],[115.3809,-6.9211],[115.3808,-6.9208],[115.3804,-6.9199],[115.3803,-6.9197],[115.3802,-6.9193],[115.3803,-6.9188],[115.3805,-6.9181],[115.3807,-6.9174],[115.3813,-6.9162],[115.3815,-6.9158],[115.3816,-6.9153],[115.3816,-6.9149],[115.3815,-6.9146],[115.3815,-6.9145],[115.3815,-6.9144],[115.3815,-6.9143],[115.3814,-6.9143],[115.3809,-6.9141],[115.3802,-6.9142],[115.3799,-6.9143],[115.3796,-6.9142],[115.3795,-6.9142],[115.3793,-6.9139],[115.3792,-6.9138],[115.3793,-6.9134],[115.3794,-6.9132],[115.3793,-6.9128],[115.3792,-6.9126],[115.379,-6.9125],[115.3787,-6.9122],[115.3785,-6.912],[115.3784,-6.9118],[115.3783,-6.9115],[115.3784,-6.9113],[115.3785,-6.9111],[115.3793,-6.9105],[115.3794,-6.9104],[115.3795,-6.9101],[115.3797,-6.9096],[115.3798,-6.9091],[115.3798,-6.909],[115.379,-6.9077],[115.3789,-6.9073],[115.3788,-6.9069],[115.3787,-6.9065],[115.3785,-6.9056],[115.3782,-6.9051],[115.3781,-6.9049],[115.3781,-6.9044],[115.3782,-6.9036],[115.3783,-6.9025],[115.3785,-6.9018],[115.3786,-6.9012],[115.3786,-6.9006],[115.3785,-6.9003],[115.3785,-6.9001],[115.3785,-6.9],[115.3785,-6.8999],[115.3786,-6.8995]]]}},{"type":"Feature","properties":{"name":"Pencadangan/Indikasi Kawasan Konservasi","fillColor":"#f60ada","fillOpacity":0.55},"geometry":{"type":"MultiPolygon","coordinates":[[[[115.2435,-6.8431],[115.2428,-6.8427],[115.2417,-6.8418],[115.2405,-6.8407],[115.2385,-6.8393],[115.2367,-6.8382],[115.2355,-6.8381],[115.2341,-6.8389],[115.2333,-6.8419],[115.2342,-6.8428],[115.234,-6.8434],[115.2267,-6.8616],[115.1893,-6.929],[115.227,-6.9535],[115.2442,-6.9859],[115.2773,-7.0],[115.2755,-6.9977],[115.2752,-6.996],[115.274,-6.9951],[115.2735,-6.9942],[115.2728,-6.994],[115.2716,-6.994],[115.2712,-6.9937],[115.271,-6.9941],[115.2707,-6.9946],[115.2676,-6.9947],[115.2666,-6.9945],[115.2657,-6.9938],[115.2642,-6.9897],[115.2644,-6.9881],[115.2644,-6.9875],[115.2637,-6.9861],[115.264,-6.985],[115.2633,-6.9841],[115.263,-6.9832],[115.2631,-6.9828],[115.2635,-6.9805],[115.2636,-6.9793],[115.2643,-6.9768],[115.2639,-6.9754],[115.2618,-6.9742],[115.2611,-6.9734],[115.2609,-6.9712],[115.2611,-6.9703],[115.2614,-6.9685],[115.2625,-6.9656],[115.2625,-6.9647],[115.2627,-6.9636],[115.262,-6.9631],[115.2598,-6.9629],[115.2592,-6.9627],[115.2589,-6.961],[115.2583,-6.9607],[115.2574,-6.9603],[115.2567,-6.9576],[115.2568,-6.9567],[115.2561,-6.9562],[115.2557,-6.9547],[115.2567,-6.9535],[115.2579,-6.953],[115.2603,-6.9516],[115.2611,-6.9513],[115.2628,-6.9507],[115.264,-6.9507],[115.2651,-6.9506],[115.2659,-6.9509],[115.2665,-6.9513],[115.2674,-6.9509],[115.27,-6.9504],[115.2711,-6.9494],[115.2721,-6.949],[115.2735,-6.9491],[115.2738,-6.9488],[115.2733,-6.9479],[115.2739,-6.9467],[115.2749,-6.9455],[115.2752,-6.9434],[115.2743,-6.9418],[115.2737,-6.9408],[115.2728,-6.9412],[115.2716,-6.9411],[115.2703,-6.9415],[115.2698,-6.9414],[115.2701,-6.9399],[115.2704,-6.9383],[115.2699,-6.9368],[115.2697,-6.936],[115.2693,-6.9354],[115.2684,-6.9358],[115.2677,-6.936],[115.2675,-6.9352],[115.2668,-6.9354],[115.2665,-6.9355],[115.2651,-6.9356],[115.264,-6.9355],[115.2651,-6.9476],[115.2574,-6.9455],[115.2594,-6.9409],[115.2583,-6.9423],[115.2573,-6.9426],[115.2562,-6.9421],[115.2555,-6.9418],[115.2543,-6.9411],[115.2536,-6.942],[115.2535,-6.9444],[115.2533,-6.9451],[115.2511,-6.9461],[115.2503,-6.9467],[115.2495,-6.947],[115.248,-6.9475],[115.2473,-6.948],[115.2464,-6.9476],[115.2449,-6.9459],[115.2443,-6.9439],[115.2445,-6.9419],[115.2445,-6.9398],[115.244,-6.9372],[115.243,-6.9351],[115.2428,-6.9346],[115.2423,-6.9352],[115.2405,-6.9336],[115.24,-6.9333],[115.2401,-6.9349],[115.2395,-6.9362],[115.2385,-6.9369],[115.2383,-6.9379],[115.2384,-6.9404],[115.2381,-6.9414],[115.2371,-6.9422],[115.237,-6.9434],[115.2357,-6.9443],[115.2334,-6.9442],[115.2327,-6.944],[115.2307,-6.942],[115.2295,-6.9415],[115.2301,-6.9406],[115.2307,-6.9401],[115.2296,-6.9392],[115.229,-6.9387],[115.2294,-6.9379],[115.2297,-6.9372],[115.2296,-6.9366],[115.2287,-6.9357],[115.2278,-6.9354],[115.2263,-6.9362],[115.2254,-6.9362],[115.2247,-6.9358],[115.2245,-6.9349],[115.2226,-6.9347],[115.2215,-6.9353],[115.2184,-6.9381],[115.2171,-6.9392],[115.2168,-6.9397],[115.215,-6.9406],[115.2144,-6.9415],[115.2115,-6.9424],[115.2109,-6.9424],[115.2092,-6.941],[115.208,-6.9404],[115.2047,-6.9394],[115.2036,-6.9388],[115.2029,-6.9379],[115.2029,-6.936],[115.2034,-6.9339],[115.2042,-6.9325],[115.2045,-6.932],[115.205,-6.9307],[115.2059,-6.9303],[115.2061,-6.9307],[115.2064,-6.9314],[115.207,-6.9316],[115.2069,-6.9312],[115.207,-6.93],[115.208,-6.9298],[115.2094,-6.9289],[115.21,-6.9278],[115.2102,-6.9255],[115.2105,-6.9243],[115.21,-6.9232],[115.2084,-6.9215],[115.2069,-6.9193],[115.2061,-6.9183],[115.2061,-6.919],[115.2062,-6.9202],[115.2058,-6.9224],[115.2066,-6.9245],[115.2077,-6.9264],[115.2075,-6.927],[115.2051,-6.927],[115.2038,-6.9269],[115.2018,-6.9254],[115.2009,-6.9245],[115.1997,-6.9243],[115.1984,-6.9232],[115.1976,-6.9222],[115.1978,-6.9208],[115.1985,-6.9191],[115.1994,-6.9185],[115.1996,-6.916],[115.1994,-6.9138],[115.1996,-6.9107],[115.1999,-6.9097],[115.2004,-6.9094],[115.2,-6.908],[115.1998,-6.9073],[115.2011,-6.9068],[115.2016,-6.9065],[115.2014,-6.9056],[115.2018,-6.9047],[115.2018,-6.9044],[115.2011,-6.9037],[115.2015,-6.903],[115.2025,-6.9004],[115.2031,-6.8993],[115.2028,-6.8979],[115.2032,-6.8965],[115.2039,-6.8957],[115.2044,-6.8938],[115.2049,-6.8931],[115.2062,-6.8919],[115.2061,-6.8911],[115.2069,-6.8893],[115.2086,-6.8886],[115.2105,-6.8876],[115.2114,-6.8872],[115.2127,-6.8874],[115.2129,-6.8868],[115.2134,-6.8855],[115.2165,-6.8839],[115.2183,-6.8833],[115.2213,-6.8827],[115.2234,-6.8826],[115.2241,-6.8832],[115.2245,-6.8835],[115.2262,-6.8829],[115.2272,-6.8829],[115.2282,-6.8841],[115.2296,-6.8858],[115.2304,-6.8854],[115.2324,-6.8844],[115.2328,-6.8839],[115.2333,-6.8842],[115.2342,-6.8849],[115.2349,-6.885],[115.2364,-6.8851],[115.2372,-6.8854],[115.238,-6.8853],[115.2384,-6.8856],[115.2393,-6.8861],[115.2395,-6.8858],[115.2404,-6.8844],[115.2416,-6.883],[115.2421,-6.8812],[115.2423,-6.8803],[115.2423,-6.8789],[115.2422,-6.8784],[115.2414,-6.8784],[115.2406,-6.8794],[115.2402,-6.8793],[115.2391,-6.8771],[115.2387,-6.8759],[115.2387,-6.8745],[115.2382,-6.8735],[115.2386,-6.8725],[115.2395,-6.8721],[115.2401,-6.8726],[115.2413,-6.8728],[115.2428,-6.8733],[115.2435,-6.8745],[115.2439,-6.8752],[115.2432,-6.8766],[115.2437,-6.8766],[115.2443,-6.876],[115.2446,-6.8752],[115.2443,-6.8742],[115.2441,-6.8739],[115.2447,-6.873],[115.2461,-6.8714],[115.248,-6.8684],[115.2494,-6.8669],[115.2505,-6.8653],[115.2509,-6.8648],[115.2511,-6.8642],[115.2525,-6.8633],[115.2531,-6.8618],[115.2531,-6.8587],[115.2526,-6.8575],[115.2518,-6.8567],[115.2522,-6.8548],[115.252,-6.854],[115.2521,-6.8531],[115.2521,-6.8516],[115.251,-6.8482],[115.25,-6.8465],[115.2493,-6.8465],[115.2486,-6.8459],[115.2485,-6.8445],[115.2473,-6.8438],[115.2464,-6.8433],[115.2435,-6.8431]]],[[[115.2359,-6.8748],[115.2358,-6.8745],[115.2358,-6.8742],[115.236,-6.874],[115.2361,-6.8737],[115.2363,-6.8733],[115.2364,-6.8731],[115.2365,-6.873],[115.2367,-6.873],[115.237,-6.8731],[115.2373,-6.8734],[115.2374,-6.8734],[115.2375,-6.8735],[115.2374,-6.8738],[115.2373,-6.874],[115.2371,-6.8742],[115.2367,-6.8744],[115.2364,-6.8745],[115.2363,-6.8746],[115.2362,-6.8747],[115.2361,-6.8747],[115.236,-6.8749],[115.2359,-6.8749],[115.2359,-6.8748]]],[[[115.2566,-6.9681],[115.2562,-6.9675],[115.2559,-6.9672],[115.2557,-6.9671],[115.2555,-6.9669],[115.255,-6.9665],[115.2545,-6.9662],[115.2539,-6.9659],[115.2535,-6.9657],[115.2528,-6.9654],[115.2522,-6.9651],[115.252,-6.9649],[115.2518,-6.9647],[115.2516,-6.9644],[115.2515,-6.9643],[115.2512,-6.964],[115.2507,-6.9633],[115.2501,-6.9627],[115.25,-6.9626],[115.2499,-6.9625],[115.2497,-6.9623],[115.2494,-6.9621],[115.2492,-6.962],[115.2492,-6.9619],[115.2491,-6.9618],[115.2491,-6.9617],[115.2492,-6.9616],[115.2492,-6.9615],[115.2493,-6.9614],[115.2494,-6.9614],[115.2494,-6.9613],[115.2494,-6.9612],[115.2494,-6.9611],[115.2495,-6.961],[115.2495,-6.9606],[115.2497,-6.9604],[115.2499,-6.9601],[115.25,-6.9601],[115.2504,-6.9598],[115.2507,-6.9597],[115.251,-6.9597],[115.2512,-6.9597],[115.2513,-6.9598],[115.2526,-6.9601],[115.2529,-6.9602],[115.2531,-6.9603],[115.254,-6.9606],[115.2546,-6.961],[115.2549,-6.9612],[115.255,-6.9613],[115.2551,-6.9614],[115.2552,-6.9614],[115.2553,-6.9616],[115.2553,-6.9617],[115.2556,-6.9621],[115.2559,-6.9627],[115.2565,-6.9638],[115.2568,-6.964],[115.2571,-6.9643],[115.2572,-6.9644],[115.2575,-6.9647],[115.2575,-6.9648],[115.2576,-6.9649],[115.258,-6.9651],[115.2585,-6.9654],[115.2586,-6.9655],[115.2589,-6.9657],[115.2604,-6.9667],[115.2607,-6.9669],[115.2608,-6.9671],[115.2609,-6.9672],[115.261,-6.9677],[115.2611,-6.9678],[115.2611,-6.9681],[115.2611,-6.9682],[115.261,-6.9684],[115.261,-6.9685],[115.2609,-6.9685],[115.2607,-6.9688],[115.2602,-6.9692],[115.2599,-6.9694],[115.2598,-6.9695],[115.2597,-6.9696],[115.2597,-6.9697],[115.2595,-6.9698],[115.2594,-6.9698],[115.2592,-6.9698],[115.2588,-6.9696],[115.2578,-6.9691],[115.2575,-6.9689],[115.2574,-6.9688],[115.2571,-6.9686],[115.2566,-6.9681]]],[[[115.2528,-6.9685],[115.254,-6.9688],[115.2543,-6.9689],[115.2545,-6.969],[115.2552,-6.9695],[115.2556,-6.9698],[115.2558,-6.9699],[115.2559,-6.97],[115.2562,-6.9702],[115.2571,-6.9705],[115.2576,-6.9706],[115.2582,-6.9709],[115.2591,-6.9714],[115.2592,-6.9714],[115.2594,-6.9716],[115.2599,-6.9719],[115.2601,-6.9721],[115.2603,-6.9724],[115.2605,-6.9732],[115.2605,-6.9734],[115.2607,-6.9737],[115.2609,-6.9742],[115.2611,-6.9743],[115.2615,-6.9747],[115.2618,-6.9749],[115.2622,-6.975],[115.2626,-6.9751],[115.2628,-6.9752],[115.263,-6.9754],[115.2631,-6.9756],[115.2632,-6.9759],[115.2634,-6.9766],[115.2634,-6.9769],[115.2634,-6.9771],[115.2634,-6.9774],[115.2634,-6.9775],[115.2634,-6.9776],[115.2633,-6.9779],[115.2633,-6.978],[115.2633,-6.9781],[115.263,-6.9786],[115.2628,-6.979],[115.2628,-6.9793],[115.2627,-6.9795],[115.2627,-6.9796],[115.2627,-6.9797],[115.2627,-6.9799],[115.2627,-6.9802],[115.263,-6.9807],[115.263,-6.9808],[115.263,-6.981],[115.2627,-6.9816],[115.2626,-6.982],[115.2624,-6.9822],[115.2622,-6.9826],[115.262,-6.9829],[115.2619,-6.983],[115.2618,-6.9832],[115.2618,-6.9835],[115.2619,-6.9836],[115.262,-6.9837],[115.2622,-6.9837],[115.2623,-6.9837],[115.2624,-6.9837],[115.2625,-6.9837],[115.2625,-6.9838],[115.2624,-6.9843],[115.2622,-6.9846],[115.2619,-6.985],[115.2618,-6.9851],[115.2616,-6.9851],[115.2612,-6.985],[115.26,-6.9842],[115.2588,-6.9835],[115.2587,-6.9835],[115.2581,-6.9832],[115.2575,-6.9829],[115.2566,-6.9826],[115.2558,-6.9823],[115.2555,-6.9822],[115.2555,-6.9821],[115.2551,-6.9819],[115.2549,-6.9817],[115.2546,-6.9815],[115.2538,-6.9809],[115.2532,-6.9804],[115.2531,-6.9803],[115.2529,-6.9801],[115.2528,-6.98],[115.2527,-6.9799],[115.2527,-6.9798],[115.252,-6.9788],[115.2518,-6.9785],[115.2517,-6.9784],[115.2516,-6.9783],[115.2515,-6.9782],[115.2514,-6.9781],[115.2513,-6.978],[115.2512,-6.9779],[115.251,-6.9778],[115.251,-6.9777],[115.2508,-6.9776],[115.2506,-6.9774],[115.2501,-6.9771],[115.25,-6.977],[115.2499,-6.9769],[115.2497,-6.9769],[115.2493,-6.9768],[115.249,-6.9767],[115.2487,-6.9765],[115.2485,-6.9764],[115.2484,-6.9764],[115.2483,-6.9764],[115.248,-6.9766],[115.2477,-6.9767],[115.2476,-6.9768],[115.2474,-6.9769],[115.2473,-6.9768],[115.2472,-6.9765],[115.247,-6.9763],[115.2469,-6.9762],[115.2468,-6.9759],[115.2466,-6.9756],[115.2461,-6.9744],[115.2458,-6.9735],[115.2454,-6.9727],[115.2453,-6.9725],[115.2452,-6.9719],[115.2451,-6.9716],[115.2451,-6.9714],[115.2451,-6.9712],[115.2451,-6.9711],[115.245,-6.9709],[115.2448,-6.9707],[115.2445,-6.9706],[115.2444,-6.9706],[115.2444,-6.9705],[115.2448,-6.9706],[115.2449,-6.9707],[115.2452,-6.9707],[115.2455,-6.9709],[115.2458,-6.971],[115.2459,-6.9709],[115.246,-6.9709],[115.2462,-6.9707],[115.2463,-6.9705],[115.2464,-6.9704],[115.2468,-6.9702],[115.2468,-6.9701],[115.247,-6.97],[115.2484,-6.9694],[115.249,-6.9693],[115.2498,-6.9691],[115.25,-6.9691],[115.2502,-6.9691],[115.2504,-6.969],[115.2506,-6.9689],[115.2509,-6.9687],[115.2511,-6.9686],[115.2514,-6.9686],[115.252,-6.9689],[115.2521,-6.969],[115.2526,-6.9686],[115.2527,-6.9685],[115.2528,-6.9685]]],[[[115.208,-6.9217],[115.2081,-6.9218],[115.2082,-6.922],[115.2083,-6.9221],[115.2082,-6.9223],[115.2082,-6.9224],[115.208,-6.9225],[115.2079,-6.9225],[115.2077,-6.9225],[115.2075,-6.9224],[115.2074,-6.9223],[115.2074,-6.9221],[115.2074,-6.9218],[115.2075,-6.9218],[115.2075,-6.9217],[115.2076,-6.9217],[115.2078,-6.9216],[115.208,-6.9217]]]]}},{"type":"Feature","properties":{"name":"Pencadangan/Indikasi Kawasan Konservasi","fillColor":"#f60ada","fillOpacity":0.55},"geometry":{"type":"MultiPolygon","coordinates":[[[[115.3543,-6.8194],[115.3375,-6.8183],[115.3188,-6.8178],[115.3019,-6.8179],[115.285,-6.8186],[115.2712,-6.8195],[115.27,-6.8193],[115.2679,-6.8193],[115.2665,-6.8194],[115.2652,-6.8195],[115.2636,-6.82],[115.2625,-6.8202],[115.2608,-6.8203],[115.2594,-6.8202],[115.258,-6.82],[115.2567,-6.8201],[115.2549,-6.8202],[115.2536,-6.8205],[115.2522,-6.8209],[115.2508,-6.8211],[115.2495,-6.8209],[115.2479,-6.8209],[115.2464,-6.8212],[115.2448,-6.8213],[115.2436,-6.8215],[115.242,-6.8219],[115.2409,-6.8223],[115.2398,-6.8227],[115.2383,-6.8231],[115.237,-6.8236],[115.2255,-6.8256],[115.223,-6.8261],[115.2204,-6.827],[115.2181,-6.8284],[115.2161,-6.8302],[115.2145,-6.8324],[115.2134,-6.8349],[115.2128,-6.8372],[115.2127,-6.8399],[115.2135,-6.8416],[115.2148,-6.8429],[115.2162,-6.8431],[115.219,-6.839],[115.2277,-6.8374],[115.2323,-6.8337],[115.2325,-6.8337],[115.2347,-6.8341],[115.241,-6.8298],[115.2472,-6.8272],[115.2505,-6.8274],[115.256,-6.8275],[115.2646,-6.8268],[115.2719,-6.8274],[115.2781,-6.8281],[115.2797,-6.8284],[115.2839,-6.8301],[115.2916,-6.8306],[115.296,-6.8312],[115.2982,-6.8321],[115.3081,-6.8317],[115.3115,-6.8326],[115.3176,-6.8341],[115.322,-6.8335],[115.3277,-6.8334],[115.3357,-6.8324],[115.3388,-6.833],[115.3445,-6.8326],[115.3497,-6.8339],[115.3569,-6.8343],[115.3685,-6.8338],[115.3721,-6.8349],[115.3779,-6.8355],[115.3872,-6.8347],[115.3956,-6.8349],[115.4038,-6.8366],[115.41,-6.8386],[115.4137,-6.8405],[115.4177,-6.8414],[115.4227,-6.8428],[115.4265,-6.8442],[115.4302,-6.8452],[115.4337,-6.8463],[115.4365,-6.8466],[115.4391,-6.8496],[115.4424,-6.8494],[115.4465,-6.8507],[115.45,-6.8525],[115.4534,-6.8533],[115.4574,-6.855],[115.4608,-6.8565],[115.4652,-6.8581],[115.4695,-6.8602],[115.4776,-6.8635],[115.4804,-6.8656],[115.4859,-6.8679],[115.4921,-6.8717],[115.4966,-6.8736],[115.4992,-6.8747],[115.5021,-6.8754],[115.5073,-6.8771],[115.5119,-6.8795],[115.5147,-6.8807],[115.5178,-6.8812],[115.5205,-6.8832],[115.5229,-6.8846],[115.5267,-6.8877],[115.5297,-6.8904],[115.533,-6.8928],[115.5375,-6.8975],[115.5414,-6.9008],[115.5455,-6.9028],[115.555,-6.9031],[115.5594,-6.9061],[115.5629,-6.913],[115.564,-6.9197],[115.567,-6.9249],[115.5708,-6.927],[115.5753,-6.9305],[115.5744,-6.9335],[115.5724,-6.9342],[115.5723,-6.9362],[115.572,-6.9381],[115.5708,-6.9391],[115.5704,-6.9432],[115.5687,-6.9441],[115.5653,-6.944],[115.5637,-6.9463],[115.5605,-6.949],[115.5561,-6.9521],[115.5531,-6.952],[115.5531,-6.9554],[115.5536,-6.9569],[115.5521,-6.9625],[115.5498,-6.9658],[115.5532,-6.9666],[115.5529,-6.965],[115.5546,-6.9636],[115.5562,-6.964],[115.5557,-6.9667],[115.5652,-6.9606],[115.5674,-6.9578],[115.5698,-6.9558],[115.572,-6.9602],[115.575,-6.9615],[115.5764,-6.9618],[115.5772,-6.9596],[115.575,-6.9566],[115.5733,-6.9529],[115.572,-6.9465],[115.5735,-6.9449],[115.5752,-6.9449],[115.5768,-6.9446],[115.5773,-6.9416],[115.5788,-6.9417],[115.58,-6.9434],[115.5815,-6.9429],[115.5818,-6.94],[115.5856,-6.9398],[115.5892,-6.9406],[115.593,-6.9435],[115.5997,-6.9473],[115.6031,-6.9493],[115.6037,-6.9494],[115.6079,-6.9509],[115.6091,-6.9521],[115.6118,-6.9531],[115.6151,-6.9552],[115.6164,-6.9562],[115.6195,-6.9571],[115.6242,-6.9596],[115.6258,-6.961],[115.6292,-6.9621],[115.6328,-6.9648],[115.6376,-6.9671],[115.6442,-6.9695],[115.646,-6.9692],[115.647,-6.9714],[115.6476,-6.9728],[115.6516,-6.9744],[115.6541,-6.9769],[115.6558,-6.9798],[115.6588,-6.9812],[115.6605,-6.9826],[115.6657,-6.9853],[115.6681,-6.9885],[115.6713,-6.9879],[115.6758,-6.9917],[115.6757,-6.995],[115.6788,-6.9971],[115.6833,-6.9999],[115.6842,-7.0022],[115.6847,-7.0081],[115.6852,-7.0128],[115.6816,-7.0144],[115.6759,-7.0113],[115.671,-7.0079],[115.6689,-7.0056],[115.6659,-7.0044],[115.661,-7.0025],[115.6562,-7.0001],[115.6513,-6.9986],[115.6471,-6.9974],[115.6425,-6.9969],[115.6388,-6.9981],[115.637,-7.0014],[115.6361,-7.0025],[115.6342,-7.0044],[115.6316,-7.0053],[115.6288,-7.0034],[115.6243,-7.0011],[115.6205,-7.0017],[115.6183,-7.0027],[115.616,-7.0029],[115.6135,-7.0015],[115.6118,-7.0006],[115.6092,-6.9991],[115.6074,-6.9969],[115.6057,-6.9951],[115.6043,-6.9944],[115.6036,-6.994],[115.6026,-6.994],[115.6021,-6.9934],[115.6015,-6.993],[115.6007,-6.9926],[115.5997,-6.9925],[115.5989,-6.9922],[115.5981,-6.9923],[115.5976,-6.993],[115.5981,-6.9937],[115.5983,-6.9946],[115.5979,-6.9953],[115.597,-6.9955],[115.5963,-6.995],[115.5959,-6.9943],[115.595,-6.9946],[115.5942,-6.9946],[115.5932,-6.9941],[115.5926,-6.9933],[115.5921,-6.993],[115.5921,-7.0229],[115.5932,-7.0226],[115.685,-7.0208],[115.7373,-7.0214],[115.8217,-7.0017],[115.8634,-6.9876],[115.8676,-6.983],[115.8871,-6.983],[115.9217,-6.9596],[115.9181,-6.9606],[115.9144,-6.9621],[115.9115,-6.9621],[115.9093,-6.9625],[115.9064,-6.9625],[115.9041,-6.962],[115.9023,-6.9609],[115.9006,-6.9567],[115.9003,-6.9545],[115.901,-6.9519],[115.9047,-6.9503],[115.9075,-6.9501],[115.9105,-6.9498],[115.9138,-6.9493],[115.9151,-6.9498],[115.9175,-6.9505],[115.9211,-6.9517],[115.923,-6.9514],[115.9253,-6.9526],[115.9274,-6.9534],[115.9313,-6.9549],[115.9351,-6.9586],[115.9488,-6.9638],[115.95,-6.9638],[115.9512,-6.9633],[115.9521,-6.9626],[115.9528,-6.9615],[115.9537,-6.9534],[115.954,-6.9452],[115.9539,-6.9395],[115.9533,-6.9372],[115.9522,-6.9351],[115.9507,-6.9333],[115.9488,-6.9318],[115.9467,-6.9308],[115.9444,-6.9302],[115.8793,-6.9266],[115.7833,-6.875],[115.7318,-6.9318],[115.5794,-6.9084],[115.5679,-6.9],[115.5582,-6.8934],[115.5442,-6.8843],[115.5304,-6.8761],[115.5152,-6.8677],[115.4986,-6.8593],[115.4835,-6.8524],[115.4629,-6.8439],[115.4488,-6.8387],[115.4325,-6.8333],[115.3897,-6.8236],[115.3543,-6.8194]]],[[[115.6363,-6.9374],[115.6362,-6.9373],[115.6361,-6.9371],[115.6357,-6.9363],[115.6355,-6.9359],[115.6354,-6.9356],[115.6354,-6.9354],[115.6356,-6.935],[115.636,-6.9341],[115.6363,-6.9339],[115.6365,-6.9336],[115.6366,-6.9334],[115.6367,-6.9334],[115.6369,-6.9335],[115.637,-6.9338],[115.6371,-6.934],[115.6371,-6.9341],[115.6372,-6.9343],[115.6372,-6.9345],[115.6376,-6.9361],[115.6376,-6.9363],[115.6375,-6.9365],[115.6374,-6.9368],[115.6374,-6.937],[115.6372,-6.9371],[115.6369,-6.9373],[115.6364,-6.9374],[115.6363,-6.9374]]],[[[115.7454,-6.936],[115.7457,-6.9359],[115.746,-6.9357],[115.7462,-6.9356],[115.7464,-6.9354],[115.7467,-6.935],[115.7469,-6.9347],[115.7471,-6.9343],[115.7473,-6.934],[115.7474,-6.9338],[115.7481,-6.9321],[115.7481,-6.932],[115.7482,-6.9313],[115.7482,-6.931],[115.7482,-6.9295],[115.7482,-6.9291],[115.7482,-6.9285],[115.7482,-6.9284],[115.7484,-6.9284],[115.7485,-6.9284],[115.7487,-6.9286],[115.7488,-6.9286],[115.7489,-6.9288],[115.7491,-6.929],[115.7493,-6.9294],[115.7494,-6.9296],[115.7495,-6.9297],[115.7495,-6.9298],[115.7495,-6.9299],[115.7496,-6.9301],[115.7496,-6.9304],[115.7496,-6.9305],[115.7497,-6.9312],[115.7496,-6.9319],[115.7495,-6.9321],[115.7493,-6.9333],[115.7489,-6.9342],[115.7487,-6.9347],[115.7485,-6.9352],[115.7484,-6.9353],[115.7482,-6.9355],[115.7481,-6.9356],[115.748,-6.9356],[115.7476,-6.9358],[115.7474,-6.9358],[115.7468,-6.936],[115.7456,-6.9361],[115.7454,-6.936]]],[[[115.8309,-6.9353],[115.8308,-6.9344],[115.8307,-6.9335],[115.8307,-6.9326],[115.8308,-6.9317],[115.831,-6.9308],[115.8312,-6.93],[115.8315,-6.9291],[115.8319,-6.9283],[115.8323,-6.9275],[115.8328,-6.9268],[115.8333,-6.9261],[115.834,-6.9254],[115.8346,-6.9248],[115.8353,-6.9242],[115.8354,-6.9241],[115.8367,-6.9242],[115.8393,-6.9244],[115.842,-6.9246],[115.8446,-6.9248],[115.8447,-6.9248],[115.8473,-6.925],[115.8499,-6.9252],[115.8501,-6.9254],[115.8507,-6.9261],[115.8513,-6.9268],[115.8517,-6.9275],[115.8522,-6.9283],[115.8525,-6.9291],[115.8528,-6.93],[115.8531,-6.9308],[115.8532,-6.9317],[115.8533,-6.9326],[115.8533,-6.9335],[115.8533,-6.9344],[115.8532,-6.9353],[115.853,-6.9362],[115.8527,-6.937],[115.8524,-6.9379],[115.852,-6.9387],[115.8515,-6.9395],[115.851,-6.9402],[115.8504,-6.9409],[115.8498,-6.9415],[115.8491,-6.9421],[115.8484,-6.9427],[115.8476,-6.9431],[115.8468,-6.9435],[115.846,-6.9439],[115.8451,-6.9442],[115.8443,-6.9444],[115.8434,-6.9445],[115.8425,-6.9446],[115.8416,-6.9446],[115.8407,-6.9445],[115.8398,-6.9444],[115.8389,-6.9442],[115.8381,-6.9439],[115.8372,-6.9435],[115.8364,-6.9431],[115.8357,-6.9427],[115.8349,-6.9421],[115.8343,-6.9415],[115.8336,-6.9409],[115.8331,-6.9402],[115.8325,-6.9395],[115.8321,-6.9387],[115.8317,-6.9379],[115.8314,-6.937],[115.8311,-6.9362],[115.8309,-6.9353]]],[[[115.875,-6.9388],[115.8751,-6.9388],[115.8752,-6.9388],[115.8753,-6.9388],[115.8754,-6.9388],[115.8756,-6.9388],[115.8758,-6.9392],[115.8758,-6.9393],[115.8759,-6.9394],[115.876,-6.9395],[115.8766,-6.9399],[115.877,-6.9404],[115.877,-6.9405],[115.8774,-6.9408],[115.8776,-6.941],[115.8776,-6.9411],[115.8778,-6.9413],[115.8779,-6.9414],[115.878,-6.9414],[115.878,-6.9415],[115.8782,-6.9415],[115.8782,-6.9416],[115.8785,-6.9418],[115.8786,-6.9419],[115.8787,-6.9419],[115.8788,-6.942],[115.879,-6.9423],[115.8793,-6.9429],[115.8793,-6.943],[115.8795,-6.9432],[115.8796,-6.9433],[115.8797,-6.9434],[115.8799,-6.9437],[115.88,-6.9438],[115.8801,-6.9438],[115.8801,-6.9439],[115.8802,-6.9439],[115.8804,-6.9442],[115.8805,-6.9444],[115.8805,-6.9445],[115.8806,-6.9446],[115.8807,-6.9447],[115.8809,-6.9448],[115.8812,-6.945],[115.8813,-6.9451],[115.8814,-6.9453],[115.8814,-6.9454],[115.8814,-6.9456],[115.8815,-6.946],[115.8816,-6.946],[115.8817,-6.9461],[115.8818,-6.9461],[115.8818,-6.9462],[115.882,-6.9466],[115.882,-6.9467],[115.882,-6.9468],[115.8821,-6.9469],[115.8821,-6.947],[115.8822,-6.9471],[115.8822,-6.9473],[115.8823,-6.9473],[115.8823,-6.9474],[115.8826,-6.9478],[115.8828,-6.9481],[115.883,-6.9484],[115.8831,-6.9486],[115.8832,-6.9487],[115.8833,-6.9489],[115.8836,-6.9492],[115.8838,-6.9494],[115.8839,-6.9495],[115.884,-6.9496],[115.8841,-6.9498],[115.8841,-6.95],[115.884,-6.9503],[115.884,-6.9504],[115.884,-6.9505],[115.884,-6.9506],[115.884,-6.9507],[115.8839,-6.9509],[115.8838,-6.9509],[115.8838,-6.951],[115.8837,-6.951],[115.8835,-6.9514],[115.8835,-6.9517],[115.8834,-6.952],[115.8834,-6.9521],[115.8833,-6.9522],[115.8833,-6.9523],[115.8831,-6.9527],[115.883,-6.953],[115.8829,-6.9531],[115.8829,-6.9533],[115.8829,-6.9534],[115.8828,-6.9536],[115.8826,-6.9538],[115.8825,-6.9539],[115.8825,-6.954],[115.8825,-6.9541],[115.8824,-6.9542],[115.8823,-6.9544],[115.882,-6.9549],[115.8819,-6.9552],[115.8818,-6.9553],[115.8818,-6.9554],[115.8817,-6.9555],[115.8815,-6.9556],[115.8813,-6.9558],[115.8811,-6.9563],[115.881,-6.9564],[115.8808,-6.9566],[115.8807,-6.9568],[115.8807,-6.957],[115.8806,-6.957],[115.8805,-6.9571],[115.8804,-6.9573],[115.8796,-6.9584],[115.8795,-6.9585],[115.8794,-6.9586],[115.8793,-6.9588],[115.8793,-6.9589],[115.8792,-6.9589],[115.8789,-6.9592],[115.8788,-6.9593],[115.8787,-6.9594],[115.8786,-6.9595],[115.8785,-6.9595],[115.8783,-6.9596],[115.8778,-6.9599],[115.8777,-6.96],[115.8776,-6.9601],[115.8774,-6.9602],[115.8771,-6.9604],[115.877,-6.9605],[115.8768,-6.9606],[115.8768,-6.9607],[115.8767,-6.9607],[115.8765,-6.9609],[115.8764,-6.9609],[115.8763,-6.961],[115.8762,-6.961],[115.8762,-6.9611],[115.8761,-6.9611],[115.876,-6.9612],[115.8759,-6.9612],[115.8757,-6.9611],[115.8756,-6.961],[115.8754,-6.9611],[115.8753,-6.9613],[115.8751,-6.9614],[115.8748,-6.9615],[115.8747,-6.9615],[115.8746,-6.9615],[115.8734,-6.9615],[115.8731,-6.9614],[115.873,-6.9614],[115.8729,-6.9614],[115.8728,-6.9614],[115.8725,-6.9613],[115.8723,-6.9613],[115.8721,-6.9614],[115.872,-6.9614],[115.8718,-6.9614],[115.8717,-6.9614],[115.8714,-6.9614],[115.8712,-6.9615],[115.8709,-6.9615],[115.8704,-6.9615],[115.8701,-6.9614],[115.8695,-6.9614],[115.8691,-6.9615],[115.869,-6.9615],[115.8688,-6.9615],[115.8687,-6.9615],[115.8685,-6.9613],[115.8683,-6.9612],[115.8683,-6.9611],[115.8683,-6.961],[115.8683,-6.9609],[115.8684,-6.9608],[115.8686,-6.9607],[115.8687,-6.9606],[115.8689,-6.9604],[115.8689,-6.9603],[115.8689,-6.9601],[115.869,-6.9599],[115.8691,-6.9597],[115.8691,-6.9595],[115.8692,-6.9593],[115.8692,-6.9589],[115.8692,-6.9587],[115.8692,-6.9586],[115.8692,-6.9584],[115.8692,-6.9581],[115.8692,-6.958],[115.8693,-6.9577],[115.8693,-6.9576],[115.8693,-6.9574],[115.8692,-6.9573],[115.8692,-6.9572],[115.8692,-6.9568],[115.8692,-6.9566],[115.8692,-6.9565],[115.8691,-6.9564],[115.8691,-6.9563],[115.869,-6.9562],[115.869,-6.956],[115.869,-6.9559],[115.869,-6.9558],[115.869,-6.9557],[115.8689,-6.9556],[115.8689,-6.9554],[115.8689,-6.9553],[115.8689,-6.9552],[115.8689,-6.9551],[115.8688,-6.9549],[115.8686,-6.9548],[115.8686,-6.9546],[115.8686,-6.9545],[115.8685,-6.954],[115.8683,-6.9539],[115.8682,-6.9538],[115.8681,-6.9536],[115.8681,-6.9535],[115.8681,-6.9534],[115.868,-6.9533],[115.8679,-6.9532],[115.8677,-6.9526],[115.8677,-6.9525],[115.8677,-6.9523],[115.8676,-6.9521],[115.8676,-6.952],[115.8675,-6.9518],[115.8675,-6.9515],[115.8675,-6.9514],[115.8676,-6.9513],[115.8676,-6.9512],[115.8677,-6.951],[115.8678,-6.9509],[115.8679,-6.9508],[115.868,-6.9508],[115.8681,-6.9507],[115.8682,-6.9507],[115.8683,-6.9505],[115.8685,-6.9504],[115.8686,-6.9503],[115.8687,-6.9501],[115.8688,-6.95],[115.8693,-6.9495],[115.8696,-6.9493],[115.8697,-6.9492],[115.8697,-6.9491],[115.8698,-6.949],[115.87,-6.9488],[115.8701,-6.9487],[115.8702,-6.9486],[115.8702,-6.9485],[115.8703,-6.9484],[115.8711,-6.9474],[115.8712,-6.9473],[115.8712,-6.9472],[115.8712,-6.9471],[115.8712,-6.947],[115.8713,-6.9469],[115.8716,-6.9463],[115.8717,-6.9461],[115.8717,-6.946],[115.8718,-6.9459],[115.8718,-6.9458],[115.8719,-6.9455],[115.872,-6.9454],[115.8721,-6.9452],[115.8721,-6.9451],[115.8722,-6.945],[115.8724,-6.9443],[115.8725,-6.9441],[115.8725,-6.9439],[115.8727,-6.9431],[115.8728,-6.9428],[115.8729,-6.9426],[115.8729,-6.9423],[115.873,-6.9422],[115.873,-6.9421],[115.873,-6.942],[115.8732,-6.9415],[115.8734,-6.9411],[115.8735,-6.9408],[115.8735,-6.9407],[115.8736,-6.9406],[115.8736,-6.9404],[115.8737,-6.9401],[115.8737,-6.94],[115.8737,-6.9398],[115.8738,-6.9396],[115.874,-6.9391],[115.8743,-6.9389],[115.8744,-6.9389],[115.8745,-6.9389],[115.8747,-6.9389],[115.875,-6.9388]]],[[[115.7915,-6.9616],[115.7911,-6.9619],[115.7908,-6.9621],[115.7907,-6.9622],[115.7904,-6.9625],[115.7898,-6.9629],[115.7896,-6.963],[115.7894,-6.9631],[115.7889,-6.9633],[115.7883,-6.9635],[115.7881,-6.9635],[115.788,-6.9635],[115.7879,-6.9634],[115.7878,-6.9634],[115.7876,-6.9634],[115.7874,-6.9634],[115.7869,-6.9635],[115.7854,-6.9639],[115.7851,-6.964],[115.7851,-6.9641],[115.7848,-6.9641],[115.7844,-6.9641],[115.7842,-6.964],[115.7836,-6.9638],[115.7828,-6.9635],[115.7824,-6.9634],[115.7812,-6.9629],[115.7808,-6.9628],[115.7804,-6.9627],[115.78,-6.9627],[115.7799,-6.9627],[115.7794,-6.9627],[115.7787,-6.9626],[115.7786,-6.9626],[115.7785,-6.9625],[115.7785,-6.9618],[115.7786,-6.9614],[115.7786,-6.9612],[115.7788,-6.9607],[115.779,-6.9602],[115.7796,-6.9593],[115.7797,-6.9592],[115.78,-6.9589],[115.7805,-6.9581],[115.7808,-6.9577],[115.7808,-6.9576],[115.781,-6.9574],[115.7812,-6.9572],[115.7814,-6.9568],[115.7816,-6.9565],[115.7818,-6.9562],[115.7819,-6.956],[115.7819,-6.9559],[115.7822,-6.9554],[115.7824,-6.9549],[115.7829,-6.9539],[115.7831,-6.9534],[115.7832,-6.9532],[115.7833,-6.9528],[115.7839,-6.9511],[115.7844,-6.9498],[115.7847,-6.949],[115.7854,-6.9468],[115.7857,-6.946],[115.7859,-6.9455],[115.786,-6.9452],[115.7862,-6.9447],[115.7864,-6.9441],[115.787,-6.9424],[115.7871,-6.9421],[115.7872,-6.9419],[115.7873,-6.9415],[115.7875,-6.9411],[115.7877,-6.9403],[115.788,-6.9394],[115.7881,-6.939],[115.7882,-6.9388],[115.7885,-6.9377],[115.7885,-6.9375],[115.7886,-6.9372],[115.7887,-6.937],[115.7889,-6.9368],[115.7893,-6.9367],[115.7894,-6.9367],[115.7899,-6.9366],[115.7901,-6.9365],[115.7903,-6.9365],[115.7904,-6.9365],[115.7906,-6.9365],[115.7907,-6.9365],[115.7909,-6.9366],[115.7909,-6.9367],[115.791,-6.9367],[115.791,-6.9368],[115.791,-6.9369],[115.7909,-6.937],[115.7902,-6.9369],[115.79,-6.9369],[115.7896,-6.9374],[115.7895,-6.9375],[115.7895,-6.9376],[115.7893,-6.9377],[115.7893,-6.9379],[115.7892,-6.9382],[115.7893,-6.9383],[115.7893,-6.9384],[115.7894,-6.9385],[115.7901,-6.9393],[115.7904,-6.9397],[115.7905,-6.9398],[115.7907,-6.9399],[115.7918,-6.9412],[115.7919,-6.9413],[115.792,-6.9414],[115.792,-6.9415],[115.7922,-6.9415],[115.7926,-6.9418],[115.7927,-6.9419],[115.7931,-6.942],[115.7933,-6.9421],[115.7935,-6.9422],[115.7936,-6.9423],[115.7939,-6.9424],[115.7941,-6.9424],[115.7944,-6.9423],[115.7945,-6.9422],[115.7946,-6.9422],[115.7948,-6.942],[115.7948,-6.9419],[115.7949,-6.9417],[115.7948,-6.9414],[115.7948,-6.941],[115.7947,-6.941],[115.7947,-6.9409],[115.7946,-6.9403],[115.7945,-6.9401],[115.7945,-6.94],[115.7944,-6.9399],[115.7944,-6.9398],[115.7944,-6.9394],[115.7944,-6.9391],[115.7945,-6.9389],[115.7945,-6.9388],[115.7946,-6.9389],[115.7946,-6.939],[115.7947,-6.9393],[115.7949,-6.94],[115.7951,-6.9407],[115.7951,-6.9408],[115.7951,-6.941],[115.7951,-6.9411],[115.7951,-6.9412],[115.7951,-6.9418],[115.795,-6.9425],[115.795,-6.9427],[115.795,-6.9428],[115.795,-6.9432],[115.795,-6.9435],[115.7951,-6.9438],[115.7952,-6.9443],[115.7954,-6.945],[115.7954,-6.9452],[115.7956,-6.9456],[115.7957,-6.9457],[115.7958,-6.9458],[115.796,-6.9458],[115.7961,-6.9458],[115.7962,-6.9457],[115.7963,-6.9459],[115.7963,-6.946],[115.7965,-6.9469],[115.7965,-6.947],[115.7965,-6.9471],[115.7966,-6.948],[115.7966,-6.9483],[115.7966,-6.9486],[115.7967,-6.949],[115.7966,-6.9494],[115.7966,-6.9496],[115.7966,-6.9497],[115.7965,-6.9502],[115.7963,-6.9508],[115.7962,-6.951],[115.7962,-6.9511],[115.7961,-6.9514],[115.7962,-6.9516],[115.7962,-6.9518],[115.7963,-6.952],[115.7963,-6.9521],[115.7961,-6.9531],[115.7961,-6.9533],[115.7959,-6.954],[115.7959,-6.9543],[115.7957,-6.9547],[115.7957,-6.9548],[115.7956,-6.955],[115.7951,-6.9559],[115.7948,-6.9565],[115.7947,-6.9566],[115.7945,-6.9567],[115.7944,-6.9567],[115.7943,-6.9568],[115.7942,-6.957],[115.7943,-6.957],[115.7944,-6.9571],[115.7945,-6.9573],[115.7944,-6.9576],[115.7937,-6.9589],[115.7934,-6.9593],[115.7921,-6.9611],[115.792,-6.9613],[115.7919,-6.9613],[115.7915,-6.9616]]],[[[115.7099,-6.9621],[115.71,-6.9623],[115.71,-6.9626],[115.71,-6.9631],[115.7099,-6.9635],[115.7097,-6.9645],[115.7094,-6.965],[115.7093,-6.9653],[115.709,-6.9656],[115.7088,-6.9659],[115.7085,-6.9662],[115.7085,-6.9663],[115.7083,-6.9664],[115.7081,-6.9666],[115.7079,-6.9667],[115.7074,-6.967],[115.707,-6.967],[115.7071,-6.967],[115.7073,-6.9667],[115.7076,-6.9663],[115.7079,-6.9657],[115.7081,-6.9654],[115.7082,-6.9653],[115.7089,-6.9635],[115.7089,-6.9634],[115.7091,-6.9631],[115.7091,-6.963],[115.7095,-6.9625],[115.7097,-6.9622],[115.7098,-6.9621],[115.7099,-6.9621]]],[[[115.7575,-6.9663],[115.7578,-6.9661],[115.7579,-6.9661],[115.758,-6.966],[115.7582,-6.9661],[115.7583,-6.9663],[115.7584,-6.9664],[115.7596,-6.9667],[115.7597,-6.9667],[115.7599,-6.9668],[115.7606,-6.9669],[115.7609,-6.967],[115.761,-6.9671],[115.7611,-6.9672],[115.7611,-6.9673],[115.7611,-6.9674],[115.7611,-6.968],[115.7612,-6.9683],[115.7613,-6.9688],[115.7614,-6.9693],[115.7616,-6.9698],[115.7617,-6.9702],[115.7617,-6.9703],[115.7617,-6.9704],[115.7616,-6.9705],[115.7615,-6.9706],[115.7612,-6.9709],[115.7612,-6.9711],[115.7612,-6.9713],[115.7612,-6.9715],[115.7611,-6.9716],[115.761,-6.9717],[115.7609,-6.9717],[115.7608,-6.9718],[115.7607,-6.9718],[115.76,-6.972],[115.7599,-6.9721],[115.7598,-6.9723],[115.7596,-6.9731],[115.7596,-6.9735],[115.7595,-6.9738],[115.7593,-6.9741],[115.7591,-6.9743],[115.7588,-6.9749],[115.7585,-6.9753],[115.7582,-6.9757],[115.758,-6.976],[115.758,-6.9761],[115.7579,-6.9761],[115.7573,-6.9759],[115.7571,-6.9759],[115.7569,-6.976],[115.7561,-6.9763],[115.7559,-6.9763],[115.7556,-6.9762],[115.7553,-6.9759],[115.7551,-6.9759],[115.755,-6.9758],[115.7546,-6.9754],[115.7545,-6.9753],[115.7541,-6.9748],[115.754,-6.9747],[115.7538,-6.9743],[115.7534,-6.9738],[115.7529,-6.9732],[115.7527,-6.9731],[115.7518,-6.9728],[115.7514,-6.9726],[115.751,-6.9724],[115.7509,-6.9724],[115.7508,-6.9724],[115.7503,-6.9723],[115.75,-6.9722],[115.7497,-6.9721],[115.7486,-6.9718],[115.7482,-6.9715],[115.7481,-6.9714],[115.748,-6.9711],[115.748,-6.9709],[115.7481,-6.9707],[115.7483,-6.9704],[115.7484,-6.9703],[115.7485,-6.9702],[115.7489,-6.97],[115.7497,-6.9696],[115.75,-6.9695],[115.7501,-6.9695],[115.7504,-6.9694],[115.7507,-6.9693],[115.7509,-6.9693],[115.7512,-6.9692],[115.7513,-6.9692],[115.7516,-6.9692],[115.752,-6.9693],[115.7523,-6.9695],[115.7524,-6.9696],[115.7527,-6.9698],[115.7529,-6.9698],[115.7532,-6.9698],[115.7534,-6.9698],[115.7535,-6.9697],[115.7536,-6.9696],[115.7539,-6.9693],[115.7542,-6.969],[115.7543,-6.9689],[115.7545,-6.9687],[115.755,-6.968],[115.7551,-6.9679],[115.7553,-6.9677],[115.7556,-6.9675],[115.7556,-6.9674],[115.7575,-6.9663]]],[[[115.8713,-6.9399],[115.8713,-6.94],[115.8714,-6.94],[115.8714,-6.9401],[115.8714,-6.9402],[115.8713,-6.9402],[115.8712,-6.9402],[115.8711,-6.9402],[115.8711,-6.9401],[115.8711,-6.94],[115.8711,-6.9399],[115.8712,-6.9399],[115.8713,-6.9399]]],[[[115.6973,-7.0079],[115.6968,-7.0062],[115.7006,-7.0051],[115.7047,-7.0047],[115.7047,-7.0044],[115.7046,-7.0043],[115.7047,-7.004],[115.7048,-7.0037],[115.7048,-7.0036],[115.7049,-7.0035],[115.7049,-7.0034],[115.705,-7.0029],[115.7051,-7.0027],[115.7051,-7.0026],[115.7053,-7.0021],[115.7056,-7.0017],[115.7059,-7.0013],[115.706,-7.0013],[115.7062,-7.0011],[115.7066,-7.0009],[115.7067,-7.0009],[115.7068,-7.0009],[115.7072,-7.0008],[115.7073,-7.0008],[115.7076,-7.0007],[115.7078,-7.0006],[115.708,-7.0006],[115.7084,-7.0006],[115.7088,-7.0007],[115.709,-7.0008],[115.7091,-7.0009],[115.7094,-7.0012],[115.7095,-7.0012],[115.7097,-7.0015],[115.7098,-7.0016],[115.7099,-7.0017],[115.7099,-7.0019],[115.7101,-7.0022],[115.7101,-7.0023],[115.7108,-7.0034],[115.7109,-7.0034],[115.7113,-7.0037],[115.7115,-7.004],[115.7118,-7.0044],[115.7118,-7.0045],[115.7119,-7.0046],[115.7119,-7.0047],[115.7119,-7.0049],[115.7117,-7.0051],[115.7113,-7.0058],[115.711,-7.006],[115.7107,-7.0064],[115.7096,-7.0077],[115.7089,-7.0085],[115.7088,-7.0086],[115.7087,-7.0091],[115.7084,-7.0095],[115.7081,-7.0098],[115.7079,-7.01],[115.707,-7.0105],[115.7069,-7.0105],[115.7068,-7.0106],[115.7066,-7.0106],[115.7065,-7.0106],[115.7064,-7.0106],[115.7063,-7.0107],[115.7063,-7.0108],[115.7062,-7.011],[115.7061,-7.011],[115.706,-7.0109],[115.706,-7.0112],[115.7007,-7.0126],[115.6987,-7.0131],[115.6973,-7.0079]]],[[[115.6919,-7.0093],[115.6921,-7.0094],[115.6921,-7.0095],[115.6922,-7.0095],[115.6922,-7.0097],[115.6922,-7.0099],[115.6922,-7.01],[115.6921,-7.0103],[115.692,-7.0105],[115.692,-7.0106],[115.6919,-7.0107],[115.6917,-7.0108],[115.6915,-7.0109],[115.6913,-7.0108],[115.691,-7.0107],[115.6905,-7.0104],[115.6901,-7.01],[115.69,-7.0099],[115.69,-7.0098],[115.69,-7.0097],[115.6901,-7.0094],[115.6902,-7.0093],[115.6903,-7.0093],[115.691,-7.0093],[115.6913,-7.0092],[115.6919,-7.0093]]],[[[115.6621,-7.0072],[115.6623,-7.0072],[115.6632,-7.0076],[115.6632,-7.0077],[115.6634,-7.0079],[115.6638,-7.0086],[115.6639,-7.009],[115.6639,-7.0092],[115.6639,-7.0093],[115.6638,-7.0094],[115.6638,-7.0095],[115.6636,-7.0097],[115.6623,-7.0109],[115.6619,-7.011],[115.6617,-7.011],[115.6615,-7.011],[115.6613,-7.0108],[115.6611,-7.0106],[115.6609,-7.0103],[115.6608,-7.0101],[115.6607,-7.0099],[115.6605,-7.0093],[115.6605,-7.0091],[115.6604,-7.0091],[115.6604,-7.0089],[115.6603,-7.0086],[115.6603,-7.0085],[115.6604,-7.0082],[115.6604,-7.008],[115.6604,-7.0079],[115.6606,-7.0077],[115.661,-7.0074],[115.6612,-7.0073],[115.6614,-7.0073],[115.6617,-7.0072],[115.6618,-7.0072],[115.662,-7.0072],[115.6621,-7.0072]]],[[[115.5977,-7.0033],[115.5977,-7.0034],[115.5977,-7.0035],[115.5977,-7.0036],[115.5978,-7.0036],[115.5978,-7.0037],[115.5979,-7.0038],[115.5979,-7.0039],[115.598,-7.0039],[115.598,-7.004],[115.5981,-7.004],[115.5981,-7.0041],[115.5981,-7.0042],[115.5981,-7.0043],[115.5981,-7.0044],[115.5981,-7.0045],[115.598,-7.0045],[115.598,-7.0046],[115.5979,-7.0046],[115.5978,-7.0047],[115.5977,-7.0047],[115.5976,-7.0047],[115.5975,-7.0047],[115.5975,-7.0048],[115.5974,-7.0048],[115.5973,-7.0048],[115.5972,-7.0048],[115.5971,-7.0048],[115.5971,-7.0049],[115.597,-7.0049],[115.5969,-7.0049],[115.5969,-7.005],[115.5968,-7.005],[115.5967,-7.005],[115.5966,-7.005],[115.5966,-7.0051],[115.5965,-7.0051],[115.5964,-7.0051],[115.5963,-7.0051],[115.5962,-7.0051],[115.5961,-7.0051],[115.5961,-7.005],[115.596,-7.005],[115.5959,-7.005],[115.5959,-7.0049],[115.5958,-7.0049],[115.5957,-7.0048],[115.5956,-7.0048],[115.5956,-7.0047],[115.5955,-7.0047],[115.5955,-7.0046],[115.5954,-7.0046],[115.5953,-7.0046],[115.5952,-7.0045],[115.5951,-7.0045],[115.5951,-7.0044],[115.595,-7.0044],[115.595,-7.0043],[115.595,-7.0042],[115.5949,-7.0042],[115.5949,-7.0041],[115.5949,-7.004],[115.5949,-7.0039],[115.5949,-7.0038],[115.595,-7.0038],[115.5951,-7.0038],[115.5952,-7.0037],[115.5953,-7.0037],[115.5954,-7.0036],[115.5955,-7.0035],[115.5956,-7.0035],[115.5956,-7.0034],[115.5957,-7.0034],[115.5958,-7.0033],[115.5959,-7.0033],[115.5959,-7.0032],[115.596,-7.0032],[115.5969,-7.003],[115.597,-7.003],[115.5971,-7.0029],[115.5972,-7.0029],[115.5972,-7.0028],[115.5979,-7.0021],[115.598,-7.0021],[115.598,-7.002],[115.5981,-7.002],[115.5982,-7.002],[115.5983,-7.0018],[115.5985,-7.0017],[115.5986,-7.0017],[115.5986,-7.0018],[115.5987,-7.0018],[115.5987,-7.0019],[115.5987,-7.002],[115.5987,-7.0021],[115.5987,-7.0022],[115.5986,-7.0023],[115.5986,-7.0024],[115.5985,-7.0024],[115.5985,-7.0025],[115.5984,-7.0025],[115.5984,-7.0026],[115.5983,-7.0027],[115.5982,-7.0027],[115.5982,-7.0028],[115.5981,-7.0029],[115.598,-7.0029],[115.598,-7.003],[115.5979,-7.003],[115.5979,-7.0031],[115.5978,-7.0031],[115.5978,-7.0032],[115.5977,-7.0033]]],[[[115.6038,-7.0025],[115.6037,-7.0025],[115.6036,-7.0025],[115.6035,-7.0025],[115.6035,-7.0024],[115.6034,-7.0024],[115.6033,-7.0024],[115.6032,-7.0024],[115.6031,-7.0024],[115.603,-7.0023],[115.6029,-7.0023],[115.6028,-7.0023],[115.6027,-7.0023],[115.6026,-7.0022],[115.6025,-7.0022],[115.6024,-7.0022],[115.6023,-7.0022],[115.6022,-7.0021],[115.6021,-7.0021],[115.602,-7.0021],[115.6019,-7.0021],[115.6019,-7.002],[115.6018,-7.002],[115.6017,-7.002],[115.6015,-7.0013],[115.6016,-7.0012],[115.6016,-7.0011],[115.6016,-7.001],[115.6019,-7.0008],[115.602,-7.0007],[115.6021,-7.0007],[115.6021,-7.0006],[115.6022,-7.0006],[115.6023,-7.0006],[115.6024,-7.0006],[115.6025,-7.0006],[115.6026,-7.0006],[115.6027,-7.0006],[115.6028,-7.0005],[115.6029,-7.0005],[115.603,-7.0005],[115.6031,-7.0005],[115.6032,-7.0005],[115.6032,-7.0004],[115.6033,-7.0004],[115.6034,-7.0004],[115.6035,-7.0004],[115.6036,-7.0004],[115.6037,-7.0004],[115.6038,-7.0004],[115.6038,-7.0005],[115.6039,-7.0005],[115.604,-7.0005],[115.6041,-7.0005],[115.6042,-7.0005],[115.6043,-7.0005],[115.6044,-7.0005],[115.6045,-7.0005],[115.6046,-7.0005],[115.6047,-7.0006],[115.6048,-7.0006],[115.6049,-7.0006],[115.605,-7.0006],[115.6051,-7.0006],[115.6051,-7.0007],[115.6052,-7.0007],[115.6053,-7.0007],[115.6054,-7.0008],[115.6055,-7.0008],[115.6055,-7.0009],[115.6056,-7.0009],[115.6056,-7.001],[115.6056,-7.0011],[115.6056,-7.0012],[115.6057,-7.0013],[115.6057,-7.0014],[115.6057,-7.0015],[115.6057,-7.0016],[115.6057,-7.0017],[115.6057,-7.0018],[115.6056,-7.0019],[115.6056,-7.002],[115.6056,-7.0021],[115.6056,-7.0022],[115.6055,-7.0022],[115.6055,-7.0023],[115.6055,-7.0024],[115.6054,-7.0024],[115.6053,-7.0024],[115.6053,-7.0025],[115.6052,-7.0025],[115.6051,-7.0025],[115.605,-7.0025],[115.6049,-7.0025],[115.6048,-7.0025],[115.6047,-7.0025],[115.6046,-7.0025],[115.6045,-7.0025],[115.6044,-7.0025],[115.6043,-7.0025],[115.6042,-7.0025],[115.6041,-7.0025],[115.604,-7.0025],[115.6039,-7.0025],[115.6038,-7.0025]]],[[[115.6018,-6.9947],[115.6019,-6.9947],[115.6019,-6.9948],[115.6019,-6.9949],[115.6019,-6.995],[115.6018,-6.995],[115.6018,-6.9951],[115.6017,-6.9951],[115.6016,-6.9952],[115.6016,-6.9953],[115.6015,-6.9953],[115.6014,-6.9954],[115.6014,-6.9955],[115.6013,-6.9955],[115.6012,-6.9955],[115.6012,-6.9956],[115.6011,-6.9956],[115.601,-6.9956],[115.6009,-6.9956],[115.6008,-6.9957],[115.6007,-6.9957],[115.6007,-6.9956],[115.6006,-6.9956],[115.6005,-6.9956],[115.6005,-6.9955],[115.6004,-6.9955],[115.6004,-6.9954],[115.6004,-6.9953],[115.6004,-6.9952],[115.6005,-6.9952],[115.6005,-6.9951],[115.6006,-6.9951],[115.6006,-6.995],[115.6007,-6.995],[115.6008,-6.9949],[115.6009,-6.9949],[115.6009,-6.9948],[115.601,-6.9947],[115.6011,-6.9946],[115.6012,-6.9945],[115.6013,-6.9945],[115.6017,-6.9946],[115.6018,-6.9946],[115.6018,-6.9947]]],[[[115.6971,-7.0271],[115.6963,-7.0269],[115.6952,-7.0266],[115.6951,-7.0265],[115.6949,-7.0265],[115.694,-7.026],[115.6923,-7.0254],[115.692,-7.0252],[115.6919,-7.0251],[115.6918,-7.0251],[115.6914,-7.0249],[115.6911,-7.0247],[115.6907,-7.0244],[115.6904,-7.0242],[115.6903,-7.024],[115.6902,-7.024],[115.6902,-7.0239],[115.6901,-7.0236],[115.6902,-7.0234],[115.6902,-7.0232],[115.6905,-7.0229],[115.6907,-7.0226],[115.6912,-7.0218],[115.6917,-7.0213],[115.6919,-7.0211],[115.6926,-7.0205],[115.6929,-7.0204],[115.6929,-7.0203],[115.6931,-7.0203],[115.6932,-7.0202],[115.6935,-7.02],[115.6936,-7.02],[115.6938,-7.0199],[115.694,-7.0198],[115.6942,-7.0198],[115.6946,-7.0198],[115.695,-7.0199],[115.6958,-7.0201],[115.6962,-7.0203],[115.6963,-7.0204],[115.6967,-7.0207],[115.6969,-7.0209],[115.6971,-7.0212],[115.6973,-7.0216],[115.6975,-7.0222],[115.6979,-7.0227],[115.6983,-7.0232],[115.6986,-7.0235],[115.6987,-7.0237],[115.6988,-7.0239],[115.6989,-7.024],[115.699,-7.0243],[115.699,-7.0246],[115.699,-7.0247],[115.6988,-7.0258],[115.6987,-7.0261],[115.6987,-7.0262],[115.6985,-7.0266],[115.6983,-7.0269],[115.6981,-7.027],[115.6978,-7.0271],[115.6975,-7.0272],[115.6971,-7.0271]]]]}},{"type":"Feature","properties":{"name":"Pencadangan/Indikasi Kawasan Konservasi","fillColor":"#f60ada","fillOpacity":0.55},"geometry":{"type":"Polygon","coordinates":[[[114.371,-8.7185],[114.3711,-8.7185],[114.3712,-8.7183],[114.3714,-8.718],[114.3715,-8.7178],[114.3662,-8.716],[114.3607,-8.7142],[114.3556,-8.729],[114.3557,-8.729],[114.3558,-8.729],[114.3558,-8.7289],[114.3559,-8.7288],[114.356,-8.7288],[114.3561,-8.7286],[114.3563,-8.7284],[114.3563,-8.7283],[114.3564,-8.7283],[114.3565,-8.7282],[114.3567,-8.7282],[114.3569,-8.7281],[114.357,-8.728],[114.357,-8.7281],[114.3571,-8.7282],[114.3572,-8.7282],[114.3574,-8.7282],[114.3575,-8.7282],[114.3581,-8.7279],[114.3582,-8.7279],[114.3583,-8.728],[114.3584,-8.728],[114.3584,-8.7279],[114.3585,-8.7279],[114.3586,-8.7278],[114.3588,-8.7276],[114.359,-8.7275],[114.3591,-8.7274],[114.3594,-8.7273],[114.3599,-8.727],[114.36,-8.7269],[114.3602,-8.7268],[114.3602,-8.7267],[114.3603,-8.7266],[114.3603,-8.7265],[114.3604,-8.7264],[114.3605,-8.7263],[114.3607,-8.7262],[114.3609,-8.7261],[114.361,-8.7261],[114.3612,-8.726],[114.3613,-8.726],[114.3616,-8.726],[114.3617,-8.726],[114.3618,-8.7259],[114.3619,-8.7259],[114.3625,-8.7256],[114.3626,-8.7256],[114.3627,-8.7255],[114.3629,-8.7253],[114.3631,-8.7252],[114.3633,-8.725],[114.3634,-8.7249],[114.3634,-8.7248],[114.3634,-8.7247],[114.3635,-8.7247],[114.3635,-8.7246],[114.3637,-8.7245],[114.3638,-8.7244],[114.3639,-8.7243],[114.3648,-8.7237],[114.3649,-8.7236],[114.3651,-8.7235],[114.3656,-8.7232],[114.3657,-8.7232],[114.3659,-8.723],[114.3662,-8.7228],[114.3663,-8.7228],[114.3663,-8.7227],[114.3668,-8.7225],[114.367,-8.7224],[114.3671,-8.7223],[114.3675,-8.7218],[114.3675,-8.7217],[114.3677,-8.7215],[114.3677,-8.7214],[114.3678,-8.7214],[114.3678,-8.7213],[114.3679,-8.7212],[114.3679,-8.7211],[114.3679,-8.721],[114.368,-8.721],[114.368,-8.7209],[114.3681,-8.7209],[114.3681,-8.7208],[114.3682,-8.7207],[114.3687,-8.7204],[114.3688,-8.7202],[114.3689,-8.7201],[114.3694,-8.7194],[114.3696,-8.7192],[114.3697,-8.7191],[114.3698,-8.719],[114.3703,-8.7187],[114.3704,-8.7187],[114.3705,-8.7187],[114.3707,-8.7188],[114.3708,-8.7188],[114.3709,-8.7187],[114.371,-8.7185]]]}},{"type":"Feature","properties":{"name":"Pencadangan/Indikasi Kawasan Konservasi","fillColor":"#f60ada","fillOpacity":0.55},"geometry":{"type":"Polygon","coordinates":[[[113.9907,-8.5994],[113.9906,-8.5994],[113.9905,-8.5994],[113.9904,-8.5994],[113.9904,-8.5993],[113.9904,-8.5991],[113.9905,-8.5991],[113.9905,-8.599],[113.9904,-8.599],[113.9904,-8.5988],[113.9903,-8.5988],[113.9903,-8.5987],[113.9902,-8.5987],[113.9901,-8.5987],[113.99,-8.5987],[113.9899,-8.5987],[113.9898,-8.5988],[113.9893,-8.599],[113.9891,-8.5991],[113.9891,-8.5992],[113.989,-8.5992],[113.9886,-8.5995],[113.9884,-8.5997],[113.9883,-8.5998],[113.9883,-8.5999],[113.9882,-8.6],[113.9881,-8.6001],[113.9881,-8.6002],[113.9881,-8.6003],[113.988,-8.6004],[113.988,-8.6005],[113.9881,-8.6006],[113.9881,-8.6007],[113.9881,-8.6008],[113.9881,-8.6009],[113.9882,-8.601],[113.9883,-8.601],[113.9886,-8.6011],[113.9887,-8.6011],[113.9887,-8.6012],[113.9888,-8.6013],[113.9888,-8.6014],[113.9889,-8.6015],[113.9889,-8.6016],[113.9888,-8.6016],[113.9885,-8.6018],[113.9884,-8.6018],[113.9884,-8.6019],[113.9881,-8.6021],[113.988,-8.6021],[113.9879,-8.6022],[113.9879,-8.6023],[113.9878,-8.6024],[113.9878,-8.6025],[113.9879,-8.6026],[113.9879,-8.6027],[113.9881,-8.603],[113.9881,-8.6031],[113.9882,-8.6032],[113.9882,-8.6033],[113.9883,-8.6033],[113.9883,-8.6034],[113.9931,-8.6034],[113.9931,-8.6033],[113.9931,-8.6032],[113.9931,-8.6031],[113.9931,-8.603],[113.993,-8.6029],[113.9929,-8.6029],[113.9928,-8.6029],[113.9927,-8.6029],[113.9926,-8.6029],[113.9926,-8.6028],[113.9926,-8.6027],[113.9927,-8.6026],[113.9928,-8.6025],[113.9928,-8.6024],[113.9928,-8.6023],[113.9928,-8.6022],[113.9929,-8.6021],[113.9929,-8.602],[113.993,-8.6019],[113.9933,-8.6015],[113.9934,-8.6014],[113.9934,-8.6013],[113.9934,-8.6012],[113.9934,-8.6011],[113.9934,-8.601],[113.9934,-8.6009],[113.9933,-8.6008],[113.9932,-8.6006],[113.993,-8.6004],[113.9929,-8.6003],[113.9928,-8.6002],[113.9925,-8.6],[113.992,-8.5996],[113.9918,-8.5995],[113.9917,-8.5994],[113.9916,-8.5994],[113.9915,-8.5994],[113.9913,-8.5993],[113.9912,-8.5994],[113.9911,-8.5994],[113.9908,-8.5994],[113.9907,-8.5994]]]}},{"type":"Feature","properties":{"name":"Pencadangan/Indikasi Kawasan Konservasi","fillColor":"#f60ada","fillOpacity":0.55},"geometry":{"type":"Polygon","coordinates":[[[114.03,-8.6041],[114.03,-8.604],[114.0298,-8.6038],[114.0295,-8.6034],[114.0295,-8.6033],[114.0294,-8.6033],[114.0294,-8.6032],[114.0294,-8.6031],[114.0294,-8.603],[114.0294,-8.6026],[114.0294,-8.602],[114.0295,-8.6012],[114.0295,-8.6011],[114.0295,-8.601],[114.0296,-8.6002],[114.0297,-8.6001],[114.0297,-8.6],[114.0298,-8.5995],[114.0299,-8.5994],[114.0295,-8.5993],[114.0294,-8.5992],[114.0293,-8.5992],[114.0293,-8.5991],[114.0292,-8.5991],[114.0291,-8.599],[114.0287,-8.5982],[114.0287,-8.598],[114.0282,-8.5983],[114.028,-8.5985],[114.0271,-8.599],[114.0265,-8.5993],[114.0262,-8.5995],[114.0255,-8.6],[114.0244,-8.6007],[114.0247,-8.6016],[114.0251,-8.6033],[114.0255,-8.6045],[114.0255,-8.6047],[114.0256,-8.6046],[114.0257,-8.6045],[114.0258,-8.6045],[114.0261,-8.6044],[114.0262,-8.6043],[114.0263,-8.6042],[114.0264,-8.6042],[114.0265,-8.6041],[114.0267,-8.6041],[114.0269,-8.6042],[114.0272,-8.6046],[114.0273,-8.6046],[114.0273,-8.6047],[114.0273,-8.6048],[114.0273,-8.6049],[114.0273,-8.6051],[114.0273,-8.6053],[114.0273,-8.6054],[114.0272,-8.6056],[114.027,-8.6058],[114.0269,-8.6059],[114.0266,-8.6061],[114.0265,-8.6063],[114.0264,-8.6064],[114.0262,-8.6063],[114.026,-8.6064],[114.0264,-8.6079],[114.0305,-8.6076],[114.0308,-8.6075],[114.0307,-8.6073],[114.0307,-8.6072],[114.0307,-8.6071],[114.0306,-8.6071],[114.0306,-8.607],[114.0306,-8.6068],[114.0303,-8.6054],[114.0301,-8.6042],[114.03,-8.6042],[114.03,-8.6041]]]}},{"type":"Feature","properties":{"name":"Pencadangan/Indikasi Kawasan Konservasi","fillColor":"#f60ada","fillOpacity":0.55},"geometry":{"type":"Polygon","coordinates":[[[114.3977,-8.4576],[114.3977,-8.4577],[114.3976,-8.4578],[114.3975,-8.4579],[114.3974,-8.4581],[114.3975,-8.4582],[114.3975,-8.4583],[114.3977,-8.4583],[114.3978,-8.4583],[114.398,-8.4582],[114.3982,-8.4582],[114.3983,-8.4582],[114.3983,-8.4583],[114.3984,-8.4583],[114.3985,-8.4584],[114.3987,-8.4586],[114.3987,-8.4587],[114.3988,-8.4588],[114.3989,-8.459],[114.399,-8.459],[114.3991,-8.4591],[114.3991,-8.4592],[114.3991,-8.4593],[114.399,-8.4595],[114.3991,-8.4597],[114.3992,-8.46],[114.3992,-8.4601],[114.3991,-8.4602],[114.399,-8.4602],[114.399,-8.4603],[114.3991,-8.4604],[114.3992,-8.4604],[114.3993,-8.4604],[114.3994,-8.4607],[114.3994,-8.4608],[114.3993,-8.4608],[114.3995,-8.4609],[114.3995,-8.461],[114.3995,-8.4611],[114.3995,-8.4612],[114.3993,-8.4612],[114.3993,-8.4613],[114.3994,-8.4613],[114.3995,-8.4614],[114.3994,-8.4616],[114.3994,-8.4617],[114.3995,-8.4618],[114.3995,-8.4619],[114.3994,-8.4619],[114.3993,-8.462],[114.3992,-8.462],[114.3992,-8.4619],[114.3991,-8.4619],[114.3989,-8.4619],[114.3989,-8.462],[114.3988,-8.462],[114.3986,-8.462],[114.3986,-8.4621],[114.3987,-8.4621],[114.3988,-8.4623],[114.3989,-8.4625],[114.399,-8.4625],[114.3991,-8.4627],[114.3991,-8.4628],[114.3992,-8.4629],[114.3992,-8.463],[114.3993,-8.4632],[114.3993,-8.4633],[114.3993,-8.4634],[114.3992,-8.4635],[114.3991,-8.4638],[114.399,-8.4639],[114.399,-8.4641],[114.3991,-8.4641],[114.3991,-8.4642],[114.3992,-8.4644],[114.3991,-8.4645],[114.3991,-8.4646],[114.3991,-8.4647],[114.3992,-8.4648],[114.3991,-8.4648],[114.3991,-8.4649],[114.399,-8.4651],[114.3989,-8.4652],[114.3989,-8.4653],[114.3987,-8.4653],[114.3986,-8.4653],[114.3986,-8.4654],[114.3986,-8.4655],[114.3987,-8.4656],[114.3987,-8.4657],[114.3987,-8.4658],[114.3989,-8.4659],[114.3989,-8.466],[114.399,-8.466],[114.3988,-8.466],[114.3988,-8.4661],[114.3987,-8.4662],[114.3987,-8.4664],[114.3988,-8.4665],[114.3988,-8.4666],[114.3987,-8.4666],[114.3985,-8.4669],[114.3984,-8.467],[114.3983,-8.4673],[114.3982,-8.4679],[114.3983,-8.4684],[114.3983,-8.4685],[114.3982,-8.4687],[114.398,-8.4688],[114.3979,-8.4688],[114.3978,-8.469],[114.3978,-8.4691],[114.3978,-8.4692],[114.3979,-8.4693],[114.3977,-8.4701],[114.3976,-8.4704],[114.3975,-8.4709],[114.3975,-8.4711],[114.3975,-8.4712],[114.3976,-8.4713],[114.3976,-8.4715],[114.3976,-8.4716],[114.3976,-8.4717],[114.3975,-8.4718],[114.3974,-8.4718],[114.3973,-8.4719],[114.3973,-8.472],[114.3972,-8.4723],[114.3971,-8.4724],[114.3971,-8.4727],[114.3971,-8.4733],[114.3971,-8.4735],[114.3971,-8.4738],[114.3972,-8.4742],[114.3972,-8.4743],[114.3972,-8.4745],[114.3972,-8.4755],[114.3972,-8.4758],[114.3972,-8.4761],[114.3972,-8.4766],[114.3973,-8.4773],[114.3973,-8.4775],[114.3975,-8.4784],[114.3975,-8.4787],[114.3975,-8.4798],[114.3975,-8.4799],[114.3975,-8.4801],[114.3974,-8.4803],[114.3973,-8.4808],[114.397,-8.4817],[114.3969,-8.4821],[114.3969,-8.4824],[114.3967,-8.4833],[114.3964,-8.4844],[114.3964,-8.4845],[114.3963,-8.485],[114.3963,-8.4856],[114.3963,-8.4858],[114.3963,-8.4862],[114.3963,-8.4871],[114.3963,-8.4873],[114.3963,-8.4882],[114.3963,-8.4883],[114.3964,-8.4892],[114.3965,-8.4893],[114.3967,-8.4901],[114.3969,-8.4912],[114.397,-8.4916],[114.397,-8.4917],[114.397,-8.4919],[114.397,-8.4921],[114.397,-8.4927],[114.397,-8.493],[114.397,-8.4936],[114.397,-8.4938],[114.397,-8.4945],[114.3971,-8.4947],[114.3973,-8.4951],[114.3974,-8.4951],[114.3976,-8.4951],[114.3977,-8.4951],[114.398,-8.4951],[114.3982,-8.4951],[114.3983,-8.4951],[114.3984,-8.4951],[114.3985,-8.4952],[114.3985,-8.4953],[114.3986,-8.4953],[114.3986,-8.4954],[114.3989,-8.4955],[114.399,-8.4956],[114.3991,-8.4957],[114.3991,-8.4959],[114.3991,-8.496],[114.3992,-8.4961],[114.3992,-8.4964],[114.3993,-8.497],[114.3993,-8.4971],[114.3993,-8.4973],[114.3993,-8.4976],[114.3994,-8.4978],[114.3994,-8.498],[114.3994,-8.4982],[114.3995,-8.4982],[114.3995,-8.4983],[114.3997,-8.4984],[114.3997,-8.4985],[114.3998,-8.4985],[114.4,-8.4987],[114.4,-8.4988],[114.4001,-8.4988],[114.4003,-8.4988],[114.4004,-8.4988],[114.4005,-8.4988],[114.4006,-8.4988],[114.4006,-8.499],[114.4007,-8.499],[114.4009,-8.4991],[114.4011,-8.4992],[114.4011,-8.4993],[114.4012,-8.4993],[114.4013,-8.4992],[114.4014,-8.4992],[114.4015,-8.4992],[114.4016,-8.4991],[114.4017,-8.4991],[114.4019,-8.4991],[114.4022,-8.4989],[114.4024,-8.4989],[114.4025,-8.4989],[114.4027,-8.499],[114.4029,-8.4991],[114.403,-8.4992],[114.4031,-8.4992],[114.4033,-8.4993],[114.4033,-8.4994],[114.4034,-8.4994],[114.4034,-8.4995],[114.4036,-8.4997],[114.4037,-8.4997],[114.4037,-8.4998],[114.4037,-8.5],[114.4038,-8.5],[114.4039,-8.5],[114.404,-8.5001],[114.4042,-8.5002],[114.4043,-8.5004],[114.4044,-8.5005],[114.4045,-8.5006],[114.4045,-8.5007],[114.4045,-8.5008],[114.4046,-8.5011],[114.4047,-8.5011],[114.4047,-8.5012],[114.4047,-8.5014],[114.4048,-8.5015],[114.4048,-8.5016],[114.4049,-8.5017],[114.4049,-8.5018],[114.4048,-8.5018],[114.4049,-8.502],[114.405,-8.5021],[114.405,-8.5022],[114.405,-8.5023],[114.4052,-8.5025],[114.4052,-8.5026],[114.4052,-8.5027],[114.4054,-8.5029],[114.4054,-8.503],[114.4054,-8.5031],[114.4055,-8.5034],[114.4055,-8.5035],[114.4056,-8.5035],[114.4057,-8.5037],[114.4057,-8.5038],[114.4057,-8.5039],[114.4058,-8.504],[114.4059,-8.5042],[114.4059,-8.5043],[114.4059,-8.5044],[114.406,-8.5046],[114.406,-8.5047],[114.4061,-8.505],[114.4062,-8.5052],[114.4062,-8.5053],[114.4062,-8.5055],[114.4063,-8.5058],[114.4064,-8.5058],[114.4065,-8.5058],[114.4066,-8.5059],[114.4068,-8.5061],[114.4068,-8.5062],[114.4069,-8.5062],[114.4071,-8.5066],[114.4071,-8.5067],[114.4071,-8.5068],[114.4092,-8.5028],[114.4032,-8.4576],[114.3977,-8.4576]]]}},{"type":"Feature","properties":{"name":"Pencadangan/Indikasi Kawasan Konservasi","fillColor":"#f60ada","fillOpacity":0.55},"geometry":{"type":"Polygon","coordinates":[[[114.356,-8.4511],[114.3523,-8.4518],[114.3516,-8.4524],[114.3528,-8.4526],[114.3534,-8.4532],[114.3539,-8.4538],[114.3537,-8.4546],[114.3544,-8.4548],[114.3546,-8.4557],[114.3549,-8.4564],[114.3557,-8.4566],[114.3565,-8.457],[114.3567,-8.4576],[114.3564,-8.4582],[114.3563,-8.4587],[114.356,-8.4594],[114.356,-8.4608],[114.3568,-8.4612],[114.357,-8.4618],[114.3566,-8.4621],[114.3572,-8.4625],[114.357,-8.4629],[114.3571,-8.4637],[114.3571,-8.4642],[114.3573,-8.4646],[114.3568,-8.4653],[114.3554,-8.4666],[114.3551,-8.4671],[114.3549,-8.4676],[114.3555,-8.4679],[114.3555,-8.4683],[114.3558,-8.4691],[114.3556,-8.4698],[114.3557,-8.4701],[114.3571,-8.4702],[114.3574,-8.4721],[114.3583,-8.4724],[114.3588,-8.4728],[114.3593,-8.4725],[114.36,-8.4729],[114.3607,-8.4718],[114.3614,-8.4716],[114.3619,-8.4723],[114.3621,-8.4727],[114.3625,-8.4731],[114.3631,-8.4729],[114.3637,-8.4732],[114.364,-8.4737],[114.365,-8.4737],[114.3652,-8.4742],[114.3657,-8.4748],[114.3657,-8.4755],[114.3672,-8.4755],[114.368,-8.4753],[114.3681,-8.4756],[114.3678,-8.4762],[114.3674,-8.4765],[114.367,-8.4769],[114.3672,-8.477],[114.368,-8.4771],[114.3686,-8.4772],[114.3694,-8.4776],[114.3698,-8.4782],[114.37,-8.4788],[114.3706,-8.48],[114.3697,-8.4807],[114.3695,-8.4813],[114.3689,-8.4818],[114.3688,-8.4824],[114.3683,-8.4827],[114.3678,-8.4823],[114.3678,-8.483],[114.3668,-8.4838],[114.367,-8.4844],[114.3668,-8.4852],[114.3663,-8.4853],[114.3658,-8.4846],[114.3652,-8.4851],[114.3653,-8.4859],[114.3652,-8.4866],[114.3652,-8.4872],[114.3636,-8.4879],[114.3649,-8.4882],[114.3659,-8.4888],[114.3661,-8.4894],[114.3661,-8.49],[114.3658,-8.4906],[114.3657,-8.4911],[114.3658,-8.4915],[114.3653,-8.4924],[114.3647,-8.493],[114.3642,-8.4936],[114.3633,-8.4942],[114.3627,-8.4945],[114.3623,-8.4953],[114.3619,-8.4944],[114.3611,-8.4935],[114.3603,-8.4935],[114.3601,-8.494],[114.3604,-8.4945],[114.3608,-8.4952],[114.3606,-8.4956],[114.3606,-8.4957],[114.3614,-8.4961],[114.3615,-8.4967],[114.3616,-8.4972],[114.362,-8.4979],[114.3624,-8.4986],[114.3624,-8.4993],[114.3618,-8.4993],[114.3614,-8.4993],[114.3615,-8.4998],[114.361,-8.5004],[114.3604,-8.5009],[114.3597,-8.5011],[114.3594,-8.5009],[114.3589,-8.5014],[114.358,-8.5014],[114.3582,-8.5021],[114.3576,-8.5026],[114.3563,-8.5028],[114.3572,-8.5032],[114.3586,-8.5036],[114.3608,-8.5037],[114.358,-8.5044],[114.3584,-8.5049],[114.3582,-8.5056],[114.3578,-8.5062],[114.3583,-8.5067],[114.3574,-8.5076],[114.3583,-8.5081],[114.3583,-8.5089],[114.3588,-8.5095],[114.358,-8.5096],[114.3573,-8.5096],[114.3583,-8.51],[114.3586,-8.5107],[114.3575,-8.5114],[114.3576,-8.5121],[114.3574,-8.5127],[114.3566,-8.5127],[114.356,-8.5123],[114.3557,-8.5131],[114.3556,-8.5136],[114.3558,-8.5145],[114.3545,-8.5147],[114.3547,-8.5156],[114.3548,-8.5162],[114.3547,-8.5172],[114.3546,-8.5184],[114.3538,-8.522],[114.3538,-8.5231],[114.3522,-8.5234],[114.3523,-8.5242],[114.3518,-8.525],[114.3513,-8.5253],[114.3523,-8.5262],[114.3519,-8.5268],[114.3516,-8.5276],[114.3522,-8.5288],[114.3513,-8.5293],[114.3523,-8.5293],[114.3532,-8.5304],[114.3536,-8.5309],[114.3538,-8.5317],[114.3547,-8.532],[114.3547,-8.5328],[114.3554,-8.5327],[114.3558,-8.5329],[114.3561,-8.5338],[114.356,-8.5346],[114.3561,-8.5354],[114.3575,-8.5365],[114.3571,-8.5353],[114.3579,-8.535],[114.3595,-8.5356],[114.361,-8.5361],[114.3618,-8.5364],[114.3625,-8.5365],[114.3628,-8.5366],[114.3635,-8.5368],[114.364,-8.5371],[114.3645,-8.5379],[114.3652,-8.538],[114.3657,-8.5373],[114.3661,-8.537],[114.3672,-8.5371],[114.3677,-8.5368],[114.3686,-8.5363],[114.3691,-8.5361],[114.3694,-8.536],[114.37,-8.5359],[114.3706,-8.5359],[114.3712,-8.5359],[114.3717,-8.5358],[114.3724,-8.5356],[114.3732,-8.5355],[114.3739,-8.5346],[114.3746,-8.534],[114.3751,-8.5337],[114.3754,-8.5331],[114.3758,-8.5325],[114.3764,-8.5321],[114.3765,-8.5313],[114.3765,-8.5308],[114.3768,-8.53],[114.3774,-8.5292],[114.3777,-8.5284],[114.3781,-8.5277],[114.3784,-8.5268],[114.3783,-8.5255],[114.3788,-8.5248],[114.3785,-8.5238],[114.3789,-8.5228],[114.3792,-8.5222],[114.3795,-8.5211],[114.3799,-8.5207],[114.3802,-8.5199],[114.3807,-8.5193],[114.3804,-8.5183],[114.3812,-8.517],[114.3813,-8.5162],[114.3823,-8.5154],[114.3823,-8.5149],[114.3829,-8.5145],[114.3832,-8.514],[114.3834,-8.5133],[114.3838,-8.5122],[114.3839,-8.5112],[114.3838,-8.5107],[114.384,-8.5099],[114.3843,-8.5091],[114.3845,-8.5084],[114.3847,-8.5077],[114.3849,-8.5073],[114.385,-8.5067],[114.3852,-8.5058],[114.3856,-8.5052],[114.3857,-8.5037],[114.3859,-8.5027],[114.3856,-8.5021],[114.3855,-8.5013],[114.3855,-8.5],[114.3855,-8.4993],[114.3854,-8.4986],[114.3854,-8.4975],[114.3852,-8.4967],[114.3854,-8.4961],[114.3851,-8.4955],[114.3848,-8.4945],[114.3849,-8.4934],[114.3847,-8.4924],[114.3849,-8.4915],[114.3852,-8.4905],[114.3854,-8.4897],[114.3856,-8.4888],[114.3859,-8.4882],[114.3861,-8.4875],[114.3867,-8.4869],[114.3863,-8.4862],[114.3865,-8.4852],[114.387,-8.4841],[114.3877,-8.4834],[114.3879,-8.4829],[114.3879,-8.482],[114.3881,-8.4815],[114.3881,-8.4809],[114.3877,-8.4801],[114.3876,-8.4793],[114.3873,-8.4787],[114.3873,-8.478],[114.3873,-8.4771],[114.3868,-8.4765],[114.3869,-8.4759],[114.3869,-8.4753],[114.3866,-8.4746],[114.3863,-8.474],[114.3865,-8.4733],[114.3863,-8.4725],[114.3863,-8.4719],[114.386,-8.4712],[114.3861,-8.4705],[114.3858,-8.4695],[114.3858,-8.4684],[114.3859,-8.4674],[114.3857,-8.4669],[114.3856,-8.4662],[114.3855,-8.4653],[114.3855,-8.4646],[114.3854,-8.4641],[114.3855,-8.4633],[114.3856,-8.4626],[114.3854,-8.4619],[114.3854,-8.4613],[114.385,-8.46],[114.3846,-8.4588],[114.3836,-8.4573],[114.3829,-8.4563],[114.3723,-8.5318],[114.356,-8.4511]]]}},{"type":"Feature","properties":{"name":"Pencadangan/Indikasi Kawasan Konservasi","fillColor":"#f60ada","fillOpacity":0.55},"geometry":{"type":"Polygon","coordinates":[[[114.3859,-8.2568],[114.3798,-8.2542],[114.3794,-8.254],[114.3792,-8.2543],[114.379,-8.2547],[114.3787,-8.2551],[114.3786,-8.2552],[114.3785,-8.2554],[114.3784,-8.2555],[114.3784,-8.2556],[114.3782,-8.2559],[114.378,-8.2561],[114.3779,-8.2563],[114.3779,-8.2564],[114.3787,-8.2568],[114.3793,-8.2569],[114.3745,-8.2658],[114.3731,-8.2652],[114.3728,-8.2651],[114.3726,-8.265],[114.3725,-8.2651],[114.3724,-8.2654],[114.3722,-8.2656],[114.3721,-8.2658],[114.3721,-8.2659],[114.372,-8.266],[114.3723,-8.2662],[114.3724,-8.2665],[114.3723,-8.2669],[114.3721,-8.2672],[114.3721,-8.2673],[114.372,-8.2675],[114.3719,-8.2677],[114.3717,-8.2681],[114.3715,-8.2684],[114.3712,-8.2688],[114.371,-8.2692],[114.3707,-8.2696],[114.3706,-8.2697],[114.3705,-8.27],[114.3702,-8.2703],[114.37,-8.2707],[114.3697,-8.271],[114.3693,-8.2715],[114.3693,-8.2719],[114.369,-8.2723],[114.3688,-8.2727],[114.3686,-8.273],[114.3684,-8.2735],[114.3682,-8.2739],[114.3679,-8.2742],[114.3677,-8.2746],[114.3675,-8.275],[114.3673,-8.2754],[114.3671,-8.2758],[114.367,-8.276],[114.3669,-8.2762],[114.3667,-8.2767],[114.3665,-8.2771],[114.3664,-8.2775],[114.3663,-8.2779],[114.3661,-8.2783],[114.366,-8.2787],[114.3658,-8.2792],[114.3657,-8.2796],[114.3656,-8.2801],[114.3655,-8.2805],[114.3654,-8.2809],[114.3652,-8.2818],[114.3651,-8.2823],[114.365,-8.2827],[114.3649,-8.2832],[114.3649,-8.2836],[114.3649,-8.284],[114.3649,-8.2845],[114.365,-8.285],[114.3649,-8.2853],[114.3649,-8.2854],[114.3649,-8.2859],[114.3649,-8.2863],[114.3649,-8.2868],[114.365,-8.2872],[114.3651,-8.2876],[114.3651,-8.2885],[114.3652,-8.2889],[114.3651,-8.2894],[114.365,-8.2898],[114.3649,-8.2903],[114.3647,-8.2907],[114.3646,-8.2911],[114.3645,-8.2916],[114.3644,-8.292],[114.3643,-8.2924],[114.3644,-8.2929],[114.3643,-8.2933],[114.3641,-8.2937],[114.364,-8.2941],[114.3641,-8.2946],[114.364,-8.295],[114.364,-8.2951],[114.3642,-8.2952],[114.3657,-8.2954],[114.3679,-8.2856],[114.371,-8.274],[114.3712,-8.2733],[114.3778,-8.2761],[114.3859,-8.2568]]]}},{"type":"Feature","properties":{"name":"Pencadangan/Indikasi Kawasan Konservasi","fillColor":"#f60ada","fillOpacity":0.55},"geometry":{"type":"Polygon","coordinates":[[[114.3935,-8.2325],[114.3936,-8.2286],[114.3935,-8.2265],[114.3898,-8.2265],[114.3899,-8.2268],[114.39,-8.2273],[114.3901,-8.2277],[114.3902,-8.2281],[114.3902,-8.2286],[114.3903,-8.229],[114.3903,-8.2293],[114.3903,-8.2294],[114.3903,-8.2299],[114.3904,-8.2303],[114.3904,-8.2307],[114.3904,-8.2308],[114.3904,-8.2312],[114.3905,-8.2316],[114.3905,-8.2321],[114.3905,-8.2326],[114.3904,-8.233],[114.3904,-8.2331],[114.3903,-8.2336],[114.3903,-8.234],[114.3902,-8.2345],[114.3902,-8.2347],[114.3905,-8.2347],[114.3933,-8.2348],[114.3935,-8.2325]]]}},{"type":"Feature","properties":{"name":"Pencadangan/Indikasi Kawasan Konservasi","fillColor":"#f60ada","fillOpacity":0.55},"geometry":{"type":"MultiPolygon","coordinates":[[[[112.6681,-8.4407],[112.668,-8.4407],[112.6677,-8.4407],[112.6676,-8.4407],[112.6676,-8.4408],[112.6675,-8.4409],[112.6672,-8.441],[112.6671,-8.441],[112.667,-8.441],[112.667,-8.4411],[112.667,-8.4412],[112.6671,-8.4412],[112.6671,-8.4413],[112.6671,-8.4414],[112.6671,-8.4415],[112.6671,-8.4416],[112.6671,-8.4417],[112.6672,-8.4418],[112.6672,-8.4419],[112.6671,-8.442],[112.6671,-8.4421],[112.667,-8.4421],[112.6669,-8.4421],[112.6668,-8.4421],[112.6667,-8.4421],[112.6666,-8.4421],[112.6665,-8.4421],[112.6665,-8.4422],[112.6663,-8.4422],[112.6662,-8.4422],[112.6661,-8.4423],[112.666,-8.4423],[112.6659,-8.4424],[112.6657,-8.4426],[112.6656,-8.4427],[112.6655,-8.4428],[112.6655,-8.4429],[112.6655,-8.443],[112.6654,-8.4431],[112.6654,-8.4432],[112.6654,-8.4433],[112.6655,-8.4433],[112.6656,-8.4433],[112.6657,-8.4433],[112.6658,-8.4434],[112.6659,-8.4434],[112.666,-8.4434],[112.666,-8.4435],[112.6661,-8.4435],[112.6661,-8.4436],[112.6661,-8.4437],[112.6661,-8.4438],[112.6661,-8.4439],[112.666,-8.4439],[112.6659,-8.4439],[112.6657,-8.444],[112.6654,-8.4441],[112.6652,-8.4441],[112.6651,-8.4441],[112.665,-8.4441],[112.6649,-8.4441],[112.6649,-8.444],[112.6648,-8.444],[112.6648,-8.4439],[112.6648,-8.4438],[112.6648,-8.4436],[112.6649,-8.4435],[112.6649,-8.4434],[112.665,-8.4433],[112.665,-8.4432],[112.6649,-8.4432],[112.6649,-8.4431],[112.6648,-8.4431],[112.6647,-8.4431],[112.6646,-8.4431],[112.6645,-8.4431],[112.6643,-8.4431],[112.6642,-8.4431],[112.6631,-8.4432],[112.663,-8.4432],[112.6629,-8.4433],[112.6629,-8.4434],[112.6628,-8.4437],[112.6629,-8.444],[112.6629,-8.4441],[112.6629,-8.4442],[112.6629,-8.4443],[112.6629,-8.4445],[112.6629,-8.4447],[112.6628,-8.4448],[112.6625,-8.445],[112.6625,-8.4451],[112.6624,-8.4451],[112.6624,-8.4452],[112.6623,-8.4452],[112.6622,-8.4452],[112.6617,-8.4453],[112.6616,-8.4453],[112.6616,-8.4454],[112.6616,-8.4455],[112.6616,-8.4456],[112.6616,-8.4457],[112.6616,-8.4458],[112.6615,-8.4458],[112.6615,-8.4459],[112.6614,-8.446],[112.6613,-8.446],[112.6612,-8.446],[112.6612,-8.4459],[112.6611,-8.4456],[112.661,-8.4452],[112.6609,-8.4452],[112.6603,-8.4451],[112.6601,-8.4451],[112.6601,-8.4492],[112.6702,-8.4583],[112.671,-8.4587],[112.6727,-8.4595],[112.6726,-8.4595],[112.6727,-8.4594],[112.6728,-8.4594],[112.6728,-8.4595],[112.6728,-8.4596],[112.6751,-8.4608],[112.6815,-8.4556],[112.6816,-8.4556],[112.6816,-8.4555],[112.6817,-8.4554],[112.6818,-8.4553],[112.6819,-8.4552],[112.682,-8.4552],[112.6823,-8.455],[112.6822,-8.4545],[112.6821,-8.4545],[112.682,-8.4544],[112.6819,-8.4544],[112.6818,-8.4544],[112.6816,-8.4545],[112.6815,-8.4545],[112.6814,-8.4546],[112.6813,-8.4546],[112.6812,-8.4545],[112.6811,-8.4545],[112.6811,-8.4544],[112.6811,-8.4543],[112.6811,-8.4542],[112.6812,-8.4541],[112.6814,-8.454],[112.6815,-8.454],[112.6817,-8.4539],[112.6818,-8.4539],[112.6819,-8.4537],[112.682,-8.4536],[112.6821,-8.4532],[112.6822,-8.453],[112.6822,-8.4528],[112.6822,-8.4527],[112.6821,-8.4526],[112.6819,-8.4525],[112.6817,-8.4524],[112.6814,-8.4523],[112.6811,-8.4522],[112.6809,-8.4521],[112.6807,-8.4521],[112.6804,-8.4521],[112.6804,-8.4522],[112.6805,-8.4523],[112.6805,-8.4524],[112.6805,-8.4525],[112.6806,-8.4526],[112.6806,-8.4527],[112.6806,-8.4528],[112.6805,-8.4529],[112.6804,-8.453],[112.6803,-8.453],[112.6801,-8.453],[112.68,-8.4531],[112.68,-8.4532],[112.6799,-8.4533],[112.68,-8.4534],[112.6801,-8.4534],[112.6803,-8.4536],[112.6803,-8.4538],[112.6805,-8.454],[112.6805,-8.4541],[112.6806,-8.4542],[112.6806,-8.4543],[112.6805,-8.4545],[112.6805,-8.4549],[112.6805,-8.4552],[112.6806,-8.4554],[112.6805,-8.4559],[112.6804,-8.456],[112.6803,-8.456],[112.6802,-8.456],[112.6801,-8.4559],[112.68,-8.4557],[112.68,-8.4555],[112.68,-8.4553],[112.6801,-8.4548],[112.6801,-8.4547],[112.68,-8.4545],[112.68,-8.4543],[112.68,-8.4541],[112.68,-8.454],[112.6799,-8.4539],[112.6798,-8.4539],[112.6798,-8.4537],[112.6798,-8.4535],[112.6797,-8.4534],[112.6798,-8.4533],[112.6798,-8.4532],[112.6798,-8.4531],[112.6797,-8.453],[112.6797,-8.4529],[112.6797,-8.4528],[112.6797,-8.4525],[112.6798,-8.4524],[112.6799,-8.4522],[112.6799,-8.452],[112.68,-8.4519],[112.68,-8.4517],[112.6801,-8.4517],[112.6801,-8.4516],[112.6801,-8.4515],[112.68,-8.4515],[112.6799,-8.4514],[112.6797,-8.4512],[112.6796,-8.4511],[112.6797,-8.4504],[112.6797,-8.4503],[112.6797,-8.45],[112.6796,-8.4497],[112.6796,-8.4496],[112.6794,-8.4494],[112.6793,-8.4493],[112.6793,-8.4492],[112.6792,-8.4491],[112.6791,-8.449],[112.679,-8.449],[112.6789,-8.449],[112.6788,-8.4489],[112.6786,-8.4489],[112.6785,-8.4489],[112.6785,-8.4488],[112.6716,-8.4451],[112.6714,-8.4451],[112.6712,-8.4451],[112.6711,-8.4451],[112.671,-8.4451],[112.6708,-8.4451],[112.6707,-8.4451],[112.6706,-8.4451],[112.6705,-8.4451],[112.6705,-8.445],[112.6704,-8.4449],[112.6703,-8.4448],[112.6703,-8.4447],[112.6703,-8.4446],[112.6703,-8.4445],[112.6703,-8.4444],[112.6704,-8.4443],[112.6705,-8.4442],[112.6706,-8.4442],[112.6706,-8.4441],[112.6705,-8.4441],[112.6705,-8.444],[112.6704,-8.444],[112.6704,-8.4439],[112.6703,-8.4439],[112.6702,-8.4438],[112.6701,-8.4437],[112.67,-8.4437],[112.6699,-8.4436],[112.6699,-8.4435],[112.6699,-8.4434],[112.6698,-8.4433],[112.6698,-8.4432],[112.6698,-8.4431],[112.6698,-8.443],[112.6699,-8.4429],[112.67,-8.4429],[112.67,-8.4428],[112.67,-8.4427],[112.6699,-8.4426],[112.6692,-8.4419],[112.6691,-8.4419],[112.6691,-8.4418],[112.669,-8.4418],[112.6689,-8.4418],[112.6688,-8.4417],[112.6687,-8.4417],[112.6686,-8.4415],[112.6686,-8.4414],[112.6686,-8.4413],[112.6685,-8.4411],[112.6684,-8.4411],[112.6684,-8.441],[112.6685,-8.4408],[112.6681,-8.4407]]],[[[112.6681,-8.4425],[112.6681,-8.4424],[112.6682,-8.4423],[112.6683,-8.4423],[112.6683,-8.4424],[112.6684,-8.4424],[112.6684,-8.4426],[112.6684,-8.4427],[112.6683,-8.4428],[112.6682,-8.4427],[112.6681,-8.4426],[112.6681,-8.4425]]],[[[112.6672,-8.4426],[112.6672,-8.4427],[112.6672,-8.4428],[112.6671,-8.4428],[112.667,-8.4427],[112.6671,-8.4426],[112.6672,-8.4426]]],[[[112.6645,-8.4455],[112.6644,-8.4454],[112.6643,-8.4453],[112.6643,-8.4452],[112.6642,-8.445],[112.6641,-8.4447],[112.6641,-8.4446],[112.6641,-8.4445],[112.6642,-8.4444],[112.6642,-8.4443],[112.6643,-8.4443],[112.6644,-8.4443],[112.6645,-8.4444],[112.6645,-8.4446],[112.6645,-8.4447],[112.6646,-8.4448],[112.6647,-8.4449],[112.6647,-8.4451],[112.6648,-8.4452],[112.6648,-8.4453],[112.6648,-8.4454],[112.6647,-8.4455],[112.6646,-8.4455],[112.6645,-8.4455]]],[[[112.6683,-8.4454],[112.6684,-8.4452],[112.6685,-8.4451],[112.6685,-8.4449],[112.6687,-8.4447],[112.6689,-8.4447],[112.669,-8.4447],[112.6691,-8.4447],[112.6692,-8.4448],[112.6692,-8.4449],[112.6694,-8.4452],[112.6694,-8.4453],[112.6694,-8.4454],[112.6694,-8.4455],[112.6693,-8.4456],[112.6692,-8.4456],[112.6691,-8.4456],[112.669,-8.4455],[112.6688,-8.4455],[112.6687,-8.4456],[112.6686,-8.4457],[112.6685,-8.4458],[112.6683,-8.4459],[112.6682,-8.446],[112.6681,-8.4459],[112.6681,-8.4458],[112.6681,-8.4456],[112.6683,-8.4454]]],[[[112.6704,-8.4455],[112.6705,-8.4454],[112.6706,-8.4454],[112.6707,-8.4454],[112.6707,-8.4455],[112.6708,-8.4456],[112.6708,-8.4457],[112.6709,-8.4458],[112.6709,-8.4459],[112.6709,-8.446],[112.6708,-8.446],[112.6708,-8.4461],[112.6707,-8.4461],[112.6706,-8.4461],[112.6705,-8.4462],[112.6704,-8.4462],[112.6703,-8.4461],[112.6703,-8.446],[112.6703,-8.4459],[112.6704,-8.4458],[112.6703,-8.4456],[112.6704,-8.4456],[112.6704,-8.4455]]],[[[112.6724,-8.4496],[112.6723,-8.4495],[112.6724,-8.4494],[112.6725,-8.4494],[112.6726,-8.4494],[112.6727,-8.4495],[112.6727,-8.4496],[112.6726,-8.4497],[112.6725,-8.4497],[112.6724,-8.4496]]],[[[112.6789,-8.4512],[112.679,-8.4512],[112.6791,-8.4513],[112.6791,-8.4515],[112.679,-8.4516],[112.6789,-8.4517],[112.6788,-8.4518],[112.6787,-8.4517],[112.6786,-8.4515],[112.6786,-8.4513],[112.6789,-8.4512]]],[[[112.6779,-8.4513],[112.678,-8.4514],[112.678,-8.4515],[112.6779,-8.4516],[112.6778,-8.4517],[112.6777,-8.4519],[112.6776,-8.4521],[112.6775,-8.4522],[112.6772,-8.4523],[112.677,-8.4523],[112.6769,-8.4523],[112.6768,-8.4523],[112.6769,-8.4521],[112.6769,-8.452],[112.677,-8.4518],[112.6771,-8.4517],[112.6774,-8.4515],[112.6777,-8.4513],[112.6778,-8.4512],[112.6779,-8.4513]]],[[[112.6767,-8.4547],[112.6768,-8.4546],[112.6769,-8.4545],[112.677,-8.4542],[112.6771,-8.454],[112.6772,-8.4539],[112.6772,-8.4538],[112.6772,-8.4536],[112.6771,-8.4535],[112.6771,-8.4534],[112.6772,-8.4532],[112.6774,-8.453],[112.6775,-8.4529],[112.6777,-8.4528],[112.6778,-8.4528],[112.6779,-8.4529],[112.6779,-8.453],[112.678,-8.4531],[112.6779,-8.4532],[112.6779,-8.4533],[112.6778,-8.4533],[112.6777,-8.4534],[112.6775,-8.4537],[112.6774,-8.4538],[112.6774,-8.4539],[112.6774,-8.454],[112.6774,-8.4545],[112.6773,-8.4546],[112.6773,-8.4547],[112.6771,-8.4548],[112.6769,-8.4549],[112.6767,-8.4549],[112.6767,-8.4548],[112.6767,-8.4547]]],[[[112.6785,-8.4538],[112.6785,-8.4537],[112.6785,-8.4536],[112.6786,-8.4536],[112.6787,-8.4537],[112.6788,-8.4537],[112.6788,-8.4538],[112.6787,-8.4539],[112.6787,-8.4538],[112.6786,-8.4538],[112.6785,-8.4538]]],[[[112.6784,-8.4549],[112.6784,-8.4548],[112.6785,-8.4547],[112.6786,-8.4547],[112.6787,-8.4548],[112.6787,-8.455],[112.6786,-8.455],[112.6785,-8.455],[112.6784,-8.455],[112.6784,-8.4549]]],[[[112.6765,-8.455],[112.6764,-8.4551],[112.6763,-8.4551],[112.6762,-8.4551],[112.6762,-8.455],[112.6763,-8.4549],[112.6764,-8.4548],[112.6765,-8.4549],[112.6765,-8.455]]],[[[112.679,-8.4557],[112.6789,-8.4555],[112.679,-8.4553],[112.6791,-8.4553],[112.6792,-8.4553],[112.6793,-8.4553],[112.6794,-8.4555],[112.6794,-8.4557],[112.6793,-8.4557],[112.6792,-8.4557],[112.6791,-8.4558],[112.679,-8.4557]]],[[[112.6798,-8.4568],[112.6797,-8.4568],[112.6796,-8.4568],[112.6795,-8.4567],[112.6794,-8.4567],[112.6794,-8.4566],[112.6795,-8.4565],[112.6795,-8.4564],[112.6795,-8.4563],[112.6795,-8.4562],[112.6796,-8.4561],[112.6797,-8.4562],[112.6799,-8.4562],[112.6799,-8.4564],[112.6799,-8.4565],[112.6799,-8.4566],[112.6799,-8.4567],[112.6799,-8.4568],[112.6798,-8.4568]]],[[[112.6774,-8.4582],[112.6773,-8.4581],[112.6773,-8.458],[112.6774,-8.4579],[112.6775,-8.4579],[112.6776,-8.4578],[112.6777,-8.4577],[112.6777,-8.4576],[112.6778,-8.4575],[112.6779,-8.4575],[112.678,-8.4575],[112.678,-8.4576],[112.678,-8.4577],[112.678,-8.4579],[112.6779,-8.458],[112.6778,-8.4581],[112.6776,-8.4581],[112.6775,-8.4581],[112.6774,-8.4582]]],[[[112.6769,-8.4587],[112.6769,-8.4586],[112.6769,-8.4585],[112.677,-8.4583],[112.6772,-8.4583],[112.6773,-8.4583],[112.6773,-8.4584],[112.6773,-8.4586],[112.6772,-8.4587],[112.6771,-8.4588],[112.677,-8.4588],[112.6769,-8.4587]]]]}},{"type":"Feature","properties":{"name":"Pencadangan/Indikasi Kawasan Konservasi","fillColor":"#f60ada","fillOpacity":0.55},"geometry":{"type":"MultiPolygon","coordinates":[[[[112.4833,-8.3961],[112.4811,-8.3953],[112.4805,-8.3971],[112.4871,-8.4129],[112.5135,-8.4168],[112.5259,-8.4187],[112.55,-8.4222],[112.5567,-8.4175],[112.5589,-8.4031],[112.5583,-8.4029],[112.5582,-8.4031],[112.558,-8.4034],[112.5577,-8.4034],[112.5575,-8.4032],[112.5575,-8.403],[112.5576,-8.4027],[112.5575,-8.4024],[112.5567,-8.4022],[112.5554,-8.4021],[112.5546,-8.4019],[112.5543,-8.4017],[112.5531,-8.4017],[112.5528,-8.4018],[112.5525,-8.4022],[112.552,-8.4028],[112.5512,-8.4035],[112.5511,-8.4037],[112.5509,-8.4041],[112.5502,-8.4041],[112.5501,-8.4039],[112.5498,-8.4036],[112.5496,-8.4038],[112.5495,-8.404],[112.549,-8.4043],[112.5486,-8.4045],[112.5484,-8.4046],[112.5483,-8.4048],[112.5483,-8.4051],[112.548,-8.4054],[112.5477,-8.4055],[112.5477,-8.4052],[112.5477,-8.4049],[112.5475,-8.405],[112.5473,-8.4052],[112.5471,-8.4054],[112.5469,-8.4055],[112.5466,-8.4055],[112.5466,-8.4052],[112.5467,-8.4048],[112.5461,-8.4041],[112.5457,-8.4038],[112.5457,-8.4035],[112.5455,-8.4032],[112.545,-8.4033],[112.5348,-8.4055],[112.5338,-8.4026],[112.5335,-8.4026],[112.5335,-8.4029],[112.5333,-8.403],[112.533,-8.4029],[112.5327,-8.4027],[112.5319,-8.4025],[112.5307,-8.4023],[112.5296,-8.4021],[112.5289,-8.402],[112.5287,-8.4021],[112.5287,-8.4025],[112.5287,-8.4029],[112.5286,-8.4031],[112.5284,-8.4033],[112.5282,-8.4034],[112.528,-8.4033],[112.5277,-8.4031],[112.5273,-8.4031],[112.5271,-8.4033],[112.5271,-8.4036],[112.5274,-8.4036],[112.5274,-8.4039],[112.5272,-8.4041],[112.5271,-8.4044],[112.527,-8.4046],[112.5269,-8.4048],[112.5267,-8.4049],[112.5265,-8.4048],[112.5265,-8.4045],[112.5266,-8.4042],[112.5268,-8.4038],[112.5264,-8.4036],[112.5254,-8.4031],[112.5247,-8.4029],[112.5246,-8.4032],[112.5245,-8.4034],[112.5244,-8.4036],[112.5241,-8.4037],[112.5238,-8.4036],[112.5235,-8.4034],[112.5234,-8.4036],[112.5231,-8.404],[112.5229,-8.4042],[112.5228,-8.4045],[112.5224,-8.4047],[112.5224,-8.4043],[112.5223,-8.4037],[112.5226,-8.4035],[112.5231,-8.4033],[112.5233,-8.4032],[112.5233,-8.4029],[112.5231,-8.4024],[112.5222,-8.4014],[112.5221,-8.4011],[112.522,-8.4009],[112.5223,-8.4007],[112.5226,-8.4005],[112.5231,-8.4006],[112.5232,-8.4002],[112.5231,-8.3998],[112.5227,-8.3993],[112.5222,-8.3987],[112.5222,-8.3984],[112.5222,-8.3981],[112.522,-8.3979],[112.5218,-8.398],[112.5212,-8.3975],[112.521,-8.3974],[112.5205,-8.3973],[112.5202,-8.397],[112.5188,-8.3963],[112.5186,-8.3962],[112.5182,-8.396],[112.5169,-8.3957],[112.5164,-8.3956],[112.5162,-8.3956],[112.5162,-8.3959],[112.516,-8.396],[112.5156,-8.396],[112.515,-8.3963],[112.5149,-8.3966],[112.5149,-8.3969],[112.5151,-8.397],[112.5153,-8.3971],[112.5155,-8.3972],[112.5154,-8.3974],[112.5151,-8.3976],[112.5148,-8.3973],[112.5138,-8.3969],[112.5123,-8.3969],[112.5119,-8.3966],[112.5117,-8.397],[112.5114,-8.3977],[112.5111,-8.3977],[112.5108,-8.3974],[112.5108,-8.3971],[112.5111,-8.3964],[112.5113,-8.3959],[112.5111,-8.3957],[112.5107,-8.3954],[112.5103,-8.3954],[112.51,-8.3954],[112.5097,-8.3956],[112.5098,-8.396],[112.5095,-8.3963],[112.5092,-8.3974],[112.5091,-8.3979],[112.5091,-8.3982],[112.5091,-8.3985],[112.509,-8.3987],[112.5088,-8.3989],[112.5085,-8.3989],[112.5083,-8.399],[112.5084,-8.3992],[112.5084,-8.3995],[112.5082,-8.3998],[112.5073,-8.4004],[112.507,-8.4008],[112.507,-8.4014],[112.5067,-8.4022],[112.5066,-8.4027],[112.5063,-8.403],[112.5061,-8.4034],[112.5056,-8.4035],[112.5053,-8.4033],[112.5052,-8.403],[112.5052,-8.4027],[112.5053,-8.4022],[112.5051,-8.4021],[112.5045,-8.4021],[112.5042,-8.4023],[112.504,-8.4026],[112.504,-8.4029],[112.5044,-8.403],[112.5046,-8.4034],[112.5047,-8.4038],[112.5046,-8.404],[112.5038,-8.4044],[112.5027,-8.4046],[112.5026,-8.4043],[112.5028,-8.4041],[112.5032,-8.404],[112.5035,-8.4037],[112.5032,-8.4036],[112.503,-8.4035],[112.5028,-8.4033],[112.5025,-8.403],[112.5022,-8.4025],[112.502,-8.4026],[112.5019,-8.4029],[112.502,-8.4031],[112.5019,-8.4034],[112.5015,-8.4034],[112.5012,-8.4031],[112.501,-8.4027],[112.5009,-8.4024],[112.5012,-8.4021],[112.5013,-8.4018],[112.5009,-8.4016],[112.5006,-8.4014],[112.499,-8.4008],[112.4983,-8.4011],[112.4983,-8.4012],[112.4985,-8.4015],[112.4983,-8.4016],[112.4979,-8.4016],[112.4975,-8.4018],[112.4972,-8.4017],[112.4969,-8.4016],[112.4967,-8.4013],[112.4966,-8.4011],[112.4961,-8.4007],[112.496,-8.401],[112.496,-8.4013],[112.4962,-8.4021],[112.496,-8.4025],[112.4957,-8.4026],[112.4951,-8.4026],[112.4949,-8.4022],[112.4948,-8.4019],[112.4949,-8.4014],[112.4948,-8.4012],[112.4942,-8.4013],[112.4939,-8.4011],[112.4938,-8.4005],[112.4938,-8.4001],[112.4938,-8.3999],[112.4937,-8.3998],[112.4934,-8.4003],[112.4932,-8.4006],[112.4933,-8.4008],[112.4932,-8.4008],[112.4931,-8.4012],[112.493,-8.4015],[112.4932,-8.4018],[112.4931,-8.4021],[112.4928,-8.402],[112.4924,-8.4018],[112.4923,-8.4016],[112.4924,-8.4013],[112.4923,-8.401],[112.4923,-8.4007],[112.4922,-8.4005],[112.4921,-8.4004],[112.4916,-8.4004],[112.4914,-8.4005],[112.4913,-8.401],[112.4912,-8.4012],[112.4911,-8.4014],[112.4908,-8.4016],[112.4907,-8.4009],[112.4904,-8.4005],[112.49,-8.4004],[112.4898,-8.4004],[112.4897,-8.4001],[112.4897,-8.4],[112.4898,-8.3997],[112.4895,-8.3996],[112.4889,-8.4001],[112.4885,-8.4001],[112.4882,-8.3999],[112.4881,-8.3997],[112.4881,-8.3994],[112.488,-8.3992],[112.4877,-8.3992],[112.4875,-8.3994],[112.4874,-8.3996],[112.4872,-8.3999],[112.487,-8.3997],[112.487,-8.3996],[112.4872,-8.3994],[112.4861,-8.3989],[112.4856,-8.3988],[112.485,-8.3979],[112.4846,-8.3978],[112.4841,-8.3977],[112.4839,-8.3976],[112.4839,-8.3975],[112.4841,-8.3973],[112.4844,-8.3971],[112.4846,-8.3967],[112.4845,-8.3965],[112.4844,-8.3963],[112.4833,-8.3961]]],[[[112.4816,-8.3968],[112.4815,-8.3968],[112.4815,-8.3967],[112.4816,-8.3965],[112.4819,-8.3962],[112.482,-8.3962],[112.4821,-8.3963],[112.482,-8.3964],[112.4819,-8.3966],[112.4818,-8.3968],[112.4817,-8.3969],[112.4816,-8.3968]]],[[[112.4847,-8.4002],[112.4847,-8.4001],[112.4846,-8.3997],[112.4844,-8.3994],[112.4845,-8.3993],[112.4848,-8.3992],[112.4851,-8.3993],[112.4853,-8.3995],[112.4853,-8.3996],[112.4851,-8.3999],[112.4849,-8.4001],[112.4848,-8.4003],[112.4847,-8.4002]]],[[[112.4938,-8.4028],[112.4937,-8.4028],[112.4936,-8.4026],[112.4937,-8.4024],[112.4937,-8.4022],[112.4938,-8.4021],[112.494,-8.4021],[112.4941,-8.4022],[112.4942,-8.4022],[112.4943,-8.4022],[112.4944,-8.4023],[112.4943,-8.4025],[112.4943,-8.4027],[112.4942,-8.4028],[112.4941,-8.4029],[112.494,-8.4029],[112.4938,-8.4028]]],[[[112.4973,-8.4035],[112.4972,-8.4034],[112.4972,-8.4032],[112.4973,-8.403],[112.4975,-8.403],[112.4976,-8.4029],[112.4977,-8.403],[112.4978,-8.4031],[112.4977,-8.4032],[112.4977,-8.4033],[112.4975,-8.4034],[112.4973,-8.4035]]],[[[112.5296,-8.4052],[112.5296,-8.4051],[112.5296,-8.405],[112.5297,-8.4049],[112.5298,-8.4049],[112.5298,-8.4052],[112.5297,-8.4052],[112.5296,-8.4052]]],[[[112.5213,-8.4053],[112.5215,-8.4053],[112.5217,-8.4054],[112.5217,-8.4056],[112.5216,-8.4057],[112.5216,-8.4058],[112.5215,-8.4058],[112.5214,-8.4057],[112.5212,-8.4056],[112.521,-8.4056],[112.521,-8.4054],[112.521,-8.4052],[112.5212,-8.4052],[112.5213,-8.4053]]],[[[112.5303,-8.4039],[112.5302,-8.404],[112.5302,-8.4041],[112.5301,-8.4042],[112.53,-8.4043],[112.5298,-8.4042],[112.5297,-8.4041],[112.5296,-8.4039],[112.5296,-8.4038],[112.5297,-8.4037],[112.5298,-8.4035],[112.5299,-8.4033],[112.53,-8.4033],[112.5301,-8.4033],[112.5303,-8.4033],[112.5303,-8.4035],[112.5304,-8.4037],[112.5303,-8.4039]]],[[[112.5335,-8.4038],[112.5334,-8.4038],[112.5334,-8.4037],[112.5334,-8.4036],[112.5334,-8.4035],[112.5334,-8.4034],[112.5335,-8.4034],[112.5336,-8.4034],[112.5336,-8.4035],[112.5337,-8.4035],[112.5337,-8.4036],[112.5337,-8.4037],[112.5336,-8.4038],[112.5335,-8.4038]]],[[[112.5217,-8.4037],[112.5217,-8.4038],[112.5216,-8.4038],[112.5213,-8.4038],[112.5212,-8.4038],[112.5211,-8.4039],[112.521,-8.404],[112.5209,-8.4039],[112.5208,-8.4038],[112.5208,-8.4037],[112.5209,-8.4036],[112.5211,-8.4036],[112.5213,-8.4037],[112.5215,-8.4036],[112.5216,-8.4036],[112.5217,-8.4036],[112.5217,-8.4037]]],[[[112.521,-8.4013],[112.5211,-8.4013],[112.5211,-8.4014],[112.5211,-8.4015],[112.521,-8.4015],[112.5209,-8.4015],[112.5209,-8.4014],[112.5209,-8.4013],[112.521,-8.4013]]],[[[112.5212,-8.3992],[112.5213,-8.3993],[112.5214,-8.3995],[112.5214,-8.3997],[112.5214,-8.3998],[112.5212,-8.3999],[112.521,-8.3998],[112.5209,-8.3997],[112.5208,-8.3996],[112.5208,-8.3995],[112.5209,-8.3993],[112.521,-8.3992],[112.5212,-8.3992]]],[[[112.5191,-8.3989],[112.5192,-8.3989],[112.5192,-8.399],[112.519,-8.3991],[112.5189,-8.3991],[112.5189,-8.399],[112.519,-8.3989],[112.5191,-8.3989]]],[[[112.5131,-8.3977],[112.513,-8.3978],[112.5129,-8.3978],[112.5129,-8.3977],[112.5129,-8.3976],[112.5131,-8.3975],[112.5131,-8.3974],[112.5132,-8.3974],[112.5132,-8.3976],[112.5131,-8.3977]]],[[[112.5169,-8.3976],[112.5168,-8.3975],[112.5168,-8.3974],[112.5169,-8.3973],[112.5172,-8.3972],[112.5172,-8.3971],[112.5173,-8.3971],[112.5173,-8.397],[112.5174,-8.397],[112.5174,-8.3972],[112.5172,-8.3975],[112.5171,-8.3976],[112.5169,-8.3977],[112.5169,-8.3976]]],[[[112.5185,-8.3974],[112.5184,-8.3974],[112.5185,-8.3973],[112.5185,-8.3972],[112.5187,-8.3972],[112.5187,-8.3973],[112.5187,-8.3974],[112.5186,-8.3974],[112.5185,-8.3974]]]]}},{"type":"Feature","properties":{"name":"Pencadangan/Indikasi Kawasan Konservasi","fillColor":"#f60ada","fillOpacity":0.55},"geometry":{"type":"Polygon","coordinates":[[[112.784,-8.3894],[112.7839,-8.3893],[112.7839,-8.3892],[112.7839,-8.3891],[112.7838,-8.3891],[112.7838,-8.389],[112.7838,-8.3889],[112.7838,-8.3888],[112.7837,-8.3888],[112.7836,-8.3887],[112.7835,-8.3888],[112.7831,-8.3891],[112.7839,-8.3901],[112.7846,-8.3909],[112.7846,-8.3917],[112.784,-8.3926],[112.7832,-8.3937],[112.7838,-8.394],[112.7839,-8.3939],[112.7839,-8.3938],[112.784,-8.3938],[112.7841,-8.3938],[112.7842,-8.3937],[112.7841,-8.3936],[112.784,-8.3935],[112.7839,-8.3934],[112.784,-8.3934],[112.7842,-8.3931],[112.7843,-8.3929],[112.7844,-8.3929],[112.7845,-8.3929],[112.7846,-8.3929],[112.7846,-8.3928],[112.7847,-8.3928],[112.7847,-8.3927],[112.7848,-8.3927],[112.7848,-8.3926],[112.7849,-8.3926],[112.785,-8.3925],[112.7851,-8.3924],[112.7851,-8.3923],[112.7852,-8.3922],[112.7852,-8.3921],[112.7851,-8.3921],[112.7851,-8.392],[112.785,-8.392],[112.785,-8.3919],[112.7851,-8.3918],[112.7851,-8.3917],[112.7851,-8.3916],[112.7852,-8.3916],[112.7853,-8.3915],[112.7854,-8.3915],[112.7854,-8.3914],[112.7854,-8.3913],[112.7854,-8.3912],[112.7854,-8.3911],[112.7854,-8.3909],[112.7854,-8.3908],[112.7853,-8.3908],[112.7853,-8.3907],[112.7852,-8.3905],[112.785,-8.3902],[112.785,-8.3901],[112.7849,-8.3901],[112.7848,-8.3901],[112.7848,-8.39],[112.7849,-8.39],[112.7849,-8.3899],[112.7848,-8.3899],[112.7847,-8.3899],[112.7847,-8.3898],[112.7846,-8.3898],[112.7846,-8.3897],[112.7844,-8.3895],[112.7844,-8.3894],[112.7843,-8.3893],[112.7842,-8.3893],[112.7842,-8.3894],[112.7841,-8.3894],[112.784,-8.3894]]]}},{"type":"Feature","properties":{"name":"Pencadangan/Indikasi Kawasan Konservasi","fillColor":"#f60ada","fillOpacity":0.55},"geometry":{"type":"MultiPolygon","coordinates":[[[[112.8246,-8.372],[112.8245,-8.372],[112.8245,-8.3719],[112.8245,-8.3718],[112.8244,-8.3718],[112.8243,-8.3718],[112.8243,-8.3719],[112.8242,-8.372],[112.8242,-8.3721],[112.8241,-8.372],[112.824,-8.372],[112.8239,-8.372],[112.8237,-8.372],[112.8236,-8.372],[112.8235,-8.372],[112.8234,-8.372],[112.8233,-8.3721],[112.8232,-8.3721],[112.8233,-8.3724],[112.8239,-8.3736],[112.8243,-8.3745],[112.825,-8.3741],[112.8255,-8.374],[112.8266,-8.3735],[112.8277,-8.3731],[112.8274,-8.3726],[112.8273,-8.3724],[112.8271,-8.3722],[112.827,-8.3723],[112.8268,-8.3724],[112.8267,-8.3724],[112.8267,-8.3725],[112.8265,-8.3726],[112.8264,-8.3726],[112.8263,-8.3726],[112.8262,-8.3726],[112.8259,-8.3726],[112.8258,-8.3726],[112.8258,-8.3727],[112.8257,-8.3727],[112.8256,-8.3727],[112.8255,-8.3727],[112.8254,-8.3727],[112.8253,-8.3727],[112.8252,-8.3727],[112.8252,-8.3728],[112.8252,-8.3727],[112.8252,-8.3726],[112.8251,-8.3725],[112.825,-8.3724],[112.8249,-8.3724],[112.8249,-8.3723],[112.8249,-8.3722],[112.8248,-8.3722],[112.8247,-8.3722],[112.8248,-8.3721],[112.8248,-8.372],[112.8247,-8.372],[112.8246,-8.3721],[112.8246,-8.372]]],[[[112.8264,-8.3729],[112.8265,-8.3729],[112.8266,-8.3728],[112.8267,-8.3728],[112.8268,-8.3728],[112.8268,-8.3729],[112.8267,-8.3729],[112.8267,-8.373],[112.8266,-8.373],[112.8265,-8.3731],[112.8265,-8.373],[112.8264,-8.373],[112.8264,-8.3729]]],[[[112.8257,-8.3729],[112.8257,-8.373],[112.8256,-8.3731],[112.8255,-8.3733],[112.8254,-8.3733],[112.8253,-8.3734],[112.8252,-8.3734],[112.8251,-8.3734],[112.825,-8.3733],[112.825,-8.3732],[112.825,-8.3731],[112.8251,-8.3731],[112.8252,-8.373],[112.8254,-8.3729],[112.8255,-8.3729],[112.8257,-8.3729]]]]}},{"type":"Feature","properties":{"name":"Pencadangan/Indikasi Kawasan Konservasi","fillColor":"#f60ada","fillOpacity":0.55},"geometry":{"type":"Polygon","coordinates":[[[112.9605,-8.3446],[112.9601,-8.3458],[112.96,-8.3461],[112.96,-8.3462],[112.9599,-8.3465],[112.9597,-8.3471],[112.9593,-8.3478],[112.9589,-8.3486],[112.9589,-8.3487],[112.9588,-8.349],[112.9586,-8.3496],[112.9583,-8.35],[112.9582,-8.3501],[112.9582,-8.3502],[112.9581,-8.3502],[112.9576,-8.3507],[112.9577,-8.3508],[112.9576,-8.351],[112.957,-8.3515],[112.9596,-8.3532],[112.9597,-8.3533],[112.9612,-8.3546],[112.9605,-8.3446]]]}},{"type":"Feature","properties":{"name":"Pencadangan/Indikasi Kawasan Konservasi","fillColor":"#f60ada","fillOpacity":0.55},"geometry":{"type":"MultiPolygon","coordinates":[[[[111.3303,-8.2705],[111.3303,-8.2691],[111.3283,-8.2691],[111.3282,-8.2692],[111.3282,-8.2693],[111.3281,-8.2694],[111.3281,-8.2695],[111.3281,-8.2696],[111.3281,-8.2697],[111.3282,-8.2698],[111.3282,-8.2699],[111.3282,-8.27],[111.3283,-8.2701],[111.3283,-8.2702],[111.3282,-8.2703],[111.3282,-8.2704],[111.3282,-8.2705],[111.3282,-8.2706],[111.3283,-8.2707],[111.3284,-8.2707],[111.3285,-8.2707],[111.3285,-8.2708],[111.3284,-8.2709],[111.3284,-8.271],[111.3285,-8.271],[111.3286,-8.2711],[111.3286,-8.2712],[111.3287,-8.2712],[111.3287,-8.2711],[111.3288,-8.2711],[111.3289,-8.2711],[111.329,-8.2711],[111.3291,-8.2711],[111.3292,-8.2712],[111.3293,-8.2712],[111.3294,-8.2713],[111.3294,-8.2714],[111.3295,-8.2714],[111.3295,-8.2715],[111.3294,-8.2715],[111.3293,-8.2715],[111.3292,-8.2716],[111.3291,-8.2716],[111.329,-8.2717],[111.3289,-8.2717],[111.3289,-8.2718],[111.3288,-8.2719],[111.3288,-8.272],[111.3287,-8.2721],[111.3287,-8.2722],[111.3286,-8.2722],[111.3286,-8.2723],[111.3286,-8.2724],[111.3285,-8.2724],[111.3285,-8.2725],[111.3284,-8.2725],[111.3283,-8.2726],[111.3282,-8.2726],[111.3281,-8.2726],[111.328,-8.2726],[111.3279,-8.2726],[111.3279,-8.2727],[111.3278,-8.2728],[111.3277,-8.2728],[111.3276,-8.2728],[111.3275,-8.2728],[111.3274,-8.2728],[111.3272,-8.2728],[111.3271,-8.2729],[111.3269,-8.2729],[111.3269,-8.273],[111.3269,-8.2731],[111.3268,-8.2731],[111.3267,-8.2731],[111.3267,-8.2733],[111.3267,-8.2764],[111.3286,-8.2764],[111.3303,-8.2764],[111.3303,-8.2705]]],[[[111.3277,-8.2758],[111.3276,-8.2758],[111.3275,-8.2757],[111.3275,-8.2756],[111.3274,-8.2756],[111.3274,-8.2755],[111.3274,-8.2754],[111.3274,-8.2753],[111.3274,-8.2752],[111.3274,-8.2751],[111.3275,-8.2751],[111.3276,-8.2752],[111.3276,-8.2753],[111.3276,-8.2754],[111.3277,-8.2755],[111.3277,-8.2756],[111.3277,-8.2757],[111.3277,-8.2758]]]]}},{"type":"Feature","properties":{"name":"Pencadangan/Indikasi Kawasan Konservasi","fillColor":"#f60ada","fillOpacity":0.55},"geometry":{"type":"MultiPolygon","coordinates":[[[[111.2895,-8.2601],[111.2894,-8.26],[111.2893,-8.2599],[111.2893,-8.2597],[111.2892,-8.2597],[111.2892,-8.2596],[111.2892,-8.2595],[111.289,-8.2595],[111.2889,-8.2595],[111.2887,-8.2596],[111.2886,-8.2597],[111.2885,-8.2597],[111.2885,-8.2598],[111.2883,-8.2598],[111.2884,-8.2599],[111.2882,-8.26],[111.2881,-8.2601],[111.2881,-8.26],[111.288,-8.26],[111.2879,-8.2601],[111.2879,-8.2602],[111.2878,-8.2602],[111.2877,-8.2601],[111.2878,-8.2601],[111.2877,-8.26],[111.2876,-8.26],[111.2877,-8.2602],[111.2877,-8.2604],[111.2877,-8.2605],[111.2877,-8.2606],[111.2877,-8.2608],[111.2877,-8.2609],[111.2876,-8.261],[111.2876,-8.2611],[111.2876,-8.2612],[111.2875,-8.2614],[111.2875,-8.2615],[111.2876,-8.2616],[111.2877,-8.2616],[111.2878,-8.2616],[111.2879,-8.2617],[111.2879,-8.2618],[111.288,-8.2619],[111.2881,-8.262],[111.2882,-8.2621],[111.2883,-8.2621],[111.2883,-8.2622],[111.2883,-8.2624],[111.2882,-8.2624],[111.2882,-8.2625],[111.2881,-8.2625],[111.288,-8.2626],[111.2879,-8.2625],[111.2878,-8.2625],[111.2878,-8.2626],[111.2877,-8.2626],[111.2876,-8.2626],[111.2874,-8.2626],[111.2873,-8.2625],[111.2872,-8.2625],[111.2871,-8.2624],[111.287,-8.2624],[111.2869,-8.2625],[111.2868,-8.2627],[111.2868,-8.2628],[111.2867,-8.2629],[111.2867,-8.263],[111.2866,-8.2632],[111.2866,-8.2633],[111.2866,-8.2634],[111.2866,-8.2635],[111.2866,-8.2636],[111.2865,-8.2636],[111.2865,-8.2637],[111.2865,-8.2638],[111.2865,-8.2639],[111.2865,-8.264],[111.2865,-8.2641],[111.2866,-8.2642],[111.2866,-8.2643],[111.2866,-8.2644],[111.2866,-8.2646],[111.2867,-8.2647],[111.2868,-8.2648],[111.2868,-8.2649],[111.2867,-8.2649],[111.2867,-8.265],[111.2868,-8.2651],[111.2868,-8.2652],[111.2869,-8.2653],[111.2869,-8.2655],[111.287,-8.2656],[111.287,-8.2657],[111.2871,-8.2657],[111.2871,-8.2658],[111.2873,-8.2658],[111.2874,-8.2658],[111.2875,-8.2658],[111.2877,-8.2659],[111.2878,-8.266],[111.2878,-8.2661],[111.2878,-8.2662],[111.2878,-8.2663],[111.2879,-8.2663],[111.2879,-8.2664],[111.2881,-8.2665],[111.2882,-8.2665],[111.2882,-8.2666],[111.2883,-8.2667],[111.2884,-8.2667],[111.2885,-8.2665],[111.2886,-8.2664],[111.2888,-8.2663],[111.2889,-8.2663],[111.289,-8.2662],[111.2892,-8.266],[111.2893,-8.2659],[111.2894,-8.2659],[111.2896,-8.266],[111.2897,-8.2661],[111.2899,-8.2662],[111.29,-8.2663],[111.2901,-8.2663],[111.2902,-8.2663],[111.2903,-8.2662],[111.2904,-8.2661],[111.2905,-8.266],[111.2906,-8.266],[111.2907,-8.266],[111.2908,-8.266],[111.291,-8.2661],[111.2912,-8.2662],[111.2913,-8.2663],[111.2913,-8.2664],[111.2913,-8.2665],[111.2915,-8.2665],[111.2916,-8.2666],[111.2917,-8.2666],[111.2918,-8.2666],[111.292,-8.2664],[111.2921,-8.2663],[111.2921,-8.2662],[111.2922,-8.2661],[111.2922,-8.266],[111.2923,-8.2659],[111.2923,-8.2657],[111.2924,-8.2656],[111.2925,-8.2655],[111.2927,-8.2656],[111.2928,-8.2656],[111.2928,-8.2657],[111.2928,-8.2658],[111.2928,-8.2659],[111.2929,-8.266],[111.293,-8.2661],[111.2932,-8.2661],[111.2933,-8.2662],[111.2934,-8.2661],[111.2934,-8.2659],[111.2935,-8.2658],[111.2936,-8.2657],[111.2937,-8.2656],[111.2937,-8.2655],[111.2938,-8.2655],[111.2938,-8.2651],[111.2938,-8.265],[111.2938,-8.2649],[111.2938,-8.2648],[111.2938,-8.2646],[111.2938,-8.2645],[111.2938,-8.2644],[111.2938,-8.2642],[111.2937,-8.2641],[111.2937,-8.264],[111.2936,-8.2639],[111.2936,-8.2638],[111.2935,-8.2636],[111.2934,-8.2637],[111.2933,-8.2637],[111.2932,-8.2637],[111.2931,-8.2636],[111.293,-8.2636],[111.293,-8.2635],[111.293,-8.2633],[111.293,-8.2631],[111.2931,-8.263],[111.2931,-8.2628],[111.2931,-8.2627],[111.2932,-8.2626],[111.2932,-8.2624],[111.2932,-8.2623],[111.2932,-8.2621],[111.2933,-8.262],[111.2932,-8.262],[111.2931,-8.2619],[111.293,-8.2619],[111.2929,-8.2618],[111.2927,-8.2617],[111.2926,-8.2617],[111.2925,-8.2616],[111.2924,-8.2617],[111.2923,-8.2618],[111.2923,-8.2619],[111.2923,-8.262],[111.2922,-8.2621],[111.2922,-8.2622],[111.2921,-8.2624],[111.292,-8.2625],[111.2919,-8.2626],[111.2918,-8.2626],[111.2916,-8.2626],[111.2914,-8.2626],[111.2913,-8.2625],[111.2912,-8.2623],[111.2913,-8.2621],[111.2913,-8.262],[111.2914,-8.2618],[111.2915,-8.2616],[111.2916,-8.2615],[111.2915,-8.2614],[111.2914,-8.2613],[111.2913,-8.2612],[111.2912,-8.2612],[111.291,-8.2613],[111.2909,-8.2613],[111.2907,-8.2612],[111.2907,-8.2611],[111.2906,-8.2611],[111.2906,-8.261],[111.2906,-8.2609],[111.2906,-8.2608],[111.2906,-8.2607],[111.2907,-8.2606],[111.2907,-8.2605],[111.2908,-8.2605],[111.2907,-8.2604],[111.2907,-8.2603],[111.2906,-8.2603],[111.2905,-8.2602],[111.2904,-8.2602],[111.2903,-8.2601],[111.2902,-8.2602],[111.29,-8.2602],[111.2899,-8.2602],[111.2898,-8.2602],[111.2897,-8.2601],[111.2895,-8.2601]]],[[[111.2869,-8.265],[111.2868,-8.2649],[111.2869,-8.2648],[111.2871,-8.2647],[111.2875,-8.2646],[111.2876,-8.2646],[111.2876,-8.2647],[111.2875,-8.2648],[111.2873,-8.2649],[111.2871,-8.265],[111.2869,-8.265]]]]}},{"type":"Feature","properties":{"name":"Pencadangan/Indikasi Kawasan Konservasi","fillColor":"#f60ada","fillOpacity":0.55},"geometry":{"type":"Polygon","coordinates":[[[110.9962,-8.2517],[110.996,-8.2517],[110.9958,-8.2516],[110.9958,-8.2517],[110.9957,-8.2517],[110.9958,-8.2519],[110.9958,-8.252],[110.9957,-8.2521],[110.9956,-8.2522],[110.9955,-8.2523],[110.9954,-8.2524],[110.9953,-8.2524],[110.9952,-8.2525],[110.9952,-8.2526],[110.9952,-8.2527],[110.9977,-8.2537],[110.9979,-8.2532],[110.9982,-8.2524],[110.9981,-8.2524],[110.998,-8.2524],[110.9979,-8.2523],[110.9978,-8.2523],[110.9977,-8.2523],[110.9976,-8.2522],[110.9975,-8.2521],[110.9976,-8.2521],[110.9977,-8.2521],[110.9978,-8.2522],[110.9979,-8.2522],[110.998,-8.2522],[110.998,-8.2521],[110.9981,-8.2521],[110.998,-8.252],[110.998,-8.2519],[110.9979,-8.2519],[110.9977,-8.2518],[110.9976,-8.2518],[110.9974,-8.2517],[110.9973,-8.2517],[110.9971,-8.2517],[110.9969,-8.2517],[110.9967,-8.2517],[110.9965,-8.2517],[110.9963,-8.2517],[110.9962,-8.2517]]]}},{"type":"Feature","properties":{"name":"Pencadangan/Indikasi Kawasan Konservasi","fillColor":"#f60ada","fillOpacity":0.55},"geometry":{"type":"MultiPolygon","coordinates":[[[[110.9772,-8.24],[110.9764,-8.2417],[110.9759,-8.2414],[110.9758,-8.2415],[110.9758,-8.2416],[110.9757,-8.2416],[110.9757,-8.2415],[110.9757,-8.2416],[110.9756,-8.2416],[110.9756,-8.2417],[110.9755,-8.2417],[110.9754,-8.2416],[110.9755,-8.2416],[110.9755,-8.2415],[110.9755,-8.2414],[110.9755,-8.2413],[110.9752,-8.2412],[110.9742,-8.2431],[110.9794,-8.2454],[110.9845,-8.2477],[110.9858,-8.2456],[110.9863,-8.2448],[110.9863,-8.2447],[110.9835,-8.2434],[110.9838,-8.2429],[110.9794,-8.241],[110.9772,-8.24]]],[[[110.9773,-8.2416],[110.9772,-8.2415],[110.9771,-8.2414],[110.9771,-8.2413],[110.9771,-8.2412],[110.9771,-8.2411],[110.9771,-8.241],[110.9772,-8.241],[110.9773,-8.2409],[110.9775,-8.2409],[110.9776,-8.241],[110.9777,-8.241],[110.9778,-8.241],[110.9778,-8.2411],[110.9778,-8.2412],[110.9777,-8.2412],[110.9777,-8.2413],[110.9776,-8.2414],[110.9775,-8.2415],[110.9775,-8.2416],[110.9774,-8.2416],[110.9773,-8.2416]]],[[[110.9752,-8.2421],[110.9752,-8.242],[110.9753,-8.2419],[110.9753,-8.2418],[110.9754,-8.2418],[110.9755,-8.2418],[110.9755,-8.2419],[110.9755,-8.242],[110.9755,-8.2421],[110.9754,-8.2421],[110.9753,-8.2422],[110.9752,-8.2421]]],[[[110.9764,-8.2426],[110.9765,-8.2426],[110.9766,-8.2426],[110.9767,-8.2425],[110.9768,-8.2425],[110.9769,-8.2424],[110.977,-8.2424],[110.9771,-8.2424],[110.9771,-8.2425],[110.9771,-8.2426],[110.9771,-8.2427],[110.9771,-8.2428],[110.977,-8.2429],[110.977,-8.243],[110.9769,-8.243],[110.9769,-8.2431],[110.9768,-8.2431],[110.9767,-8.2431],[110.9767,-8.243],[110.9766,-8.243],[110.9765,-8.2431],[110.9765,-8.2432],[110.9764,-8.2432],[110.9763,-8.2432],[110.9762,-8.2432],[110.9761,-8.2432],[110.976,-8.2432],[110.976,-8.2431],[110.976,-8.243],[110.9759,-8.243],[110.9759,-8.2428],[110.976,-8.2427],[110.976,-8.2426],[110.9761,-8.2426],[110.9762,-8.2426],[110.9763,-8.2426],[110.9764,-8.2426]]],[[[110.9756,-8.2426],[110.9756,-8.2427],[110.9756,-8.2428],[110.9756,-8.2429],[110.9755,-8.2429],[110.9754,-8.2429],[110.9754,-8.2428],[110.9754,-8.2427],[110.9755,-8.2426],[110.9756,-8.2426]]]]}},{"type":"Feature","properties":{"name":"Pencadangan/Indikasi Kawasan Konservasi","fillColor":"#f60ada","fillOpacity":0.55},"geometry":{"type":"MultiPolygon","coordinates":[[[[110.9607,-8.2341],[110.9596,-8.2365],[110.9599,-8.2367],[110.9628,-8.238],[110.9639,-8.2352],[110.9607,-8.2341]]],[[[110.9624,-8.2353],[110.9625,-8.2353],[110.9625,-8.2352],[110.9627,-8.2351],[110.9628,-8.2351],[110.9629,-8.2351],[110.963,-8.2351],[110.9632,-8.2352],[110.9633,-8.2352],[110.9634,-8.2353],[110.9634,-8.2354],[110.9634,-8.2355],[110.9634,-8.2356],[110.9633,-8.2356],[110.9632,-8.2357],[110.9632,-8.2356],[110.9631,-8.2356],[110.9631,-8.2357],[110.963,-8.2357],[110.9629,-8.2356],[110.9628,-8.2355],[110.9627,-8.2355],[110.9626,-8.2355],[110.9625,-8.2355],[110.9624,-8.2354],[110.9624,-8.2353]]],[[[110.9605,-8.2357],[110.9604,-8.2358],[110.9603,-8.2359],[110.9602,-8.2358],[110.9602,-8.2357],[110.9602,-8.2356],[110.9602,-8.2355],[110.9602,-8.2354],[110.9603,-8.2354],[110.9604,-8.2354],[110.9605,-8.2354],[110.9606,-8.2354],[110.9606,-8.2353],[110.9607,-8.2353],[110.9608,-8.2353],[110.9608,-8.2354],[110.9608,-8.2355],[110.9607,-8.2355],[110.9607,-8.2356],[110.9606,-8.2356],[110.9605,-8.2357]]]]}},{"type":"Feature","properties":{"name":"Pencadangan/Indikasi Kawasan Konservasi","fillColor":"#f60ada","fillOpacity":0.55},"geometry":{"type":"Polygon","coordinates":[[[110.934,-8.2218],[110.9339,-8.2217],[110.9338,-8.2216],[110.9337,-8.2215],[110.9336,-8.2214],[110.9334,-8.2213],[110.9333,-8.2213],[110.9333,-8.2212],[110.9332,-8.2212],[110.9332,-8.2213],[110.9331,-8.2214],[110.933,-8.2214],[110.9329,-8.2215],[110.9328,-8.2215],[110.9327,-8.2216],[110.9326,-8.2216],[110.9326,-8.2217],[110.9326,-8.2218],[110.9325,-8.2219],[110.9324,-8.2219],[110.9322,-8.2219],[110.9322,-8.222],[110.9321,-8.222],[110.9321,-8.2224],[110.9319,-8.2237],[110.9319,-8.2238],[110.9334,-8.2242],[110.9365,-8.2251],[110.937,-8.2239],[110.9372,-8.2235],[110.9371,-8.2234],[110.9371,-8.2233],[110.937,-8.2232],[110.937,-8.2231],[110.937,-8.223],[110.937,-8.2229],[110.937,-8.2228],[110.937,-8.2227],[110.9371,-8.2227],[110.9371,-8.2226],[110.9371,-8.2225],[110.937,-8.2225],[110.937,-8.2226],[110.9369,-8.2227],[110.9368,-8.2228],[110.9367,-8.2229],[110.9366,-8.2229],[110.9366,-8.223],[110.9365,-8.223],[110.9364,-8.2229],[110.9364,-8.2228],[110.9363,-8.2228],[110.9362,-8.2228],[110.936,-8.2228],[110.936,-8.2227],[110.9359,-8.2227],[110.9358,-8.2226],[110.9357,-8.2226],[110.9356,-8.2225],[110.9355,-8.2225],[110.9353,-8.2225],[110.9352,-8.2225],[110.935,-8.2224],[110.9349,-8.2224],[110.9347,-8.2223],[110.9346,-8.2222],[110.9345,-8.2221],[110.9344,-8.222],[110.9342,-8.222],[110.9342,-8.2219],[110.934,-8.2218]]]}},{"type":"Feature","properties":{"name":"Pencadangan/Indikasi Kawasan Konservasi","fillColor":"#f60ada","fillOpacity":0.55},"geometry":{"type":"Polygon","coordinates":[[[115.8349,-7.2067],[115.8342,-7.2067],[115.8332,-7.2066],[115.831,-7.2064],[115.8302,-7.2063],[115.8294,-7.2063],[115.8288,-7.2062],[115.828,-7.206],[115.8275,-7.2058],[115.8272,-7.2056],[115.827,-7.2054],[115.8266,-7.2051],[115.8259,-7.2044],[115.8256,-7.204],[115.8249,-7.2033],[115.8242,-7.2026],[115.8229,-7.2011],[115.8225,-7.2007],[115.8224,-7.2007],[115.822,-7.2004],[115.8216,-7.2],[115.8209,-7.1993],[115.8205,-7.1989],[115.8195,-7.1983],[115.819,-7.198],[115.817,-7.1971],[115.8163,-7.1968],[115.8157,-7.1965],[115.8147,-7.196],[115.8126,-7.1952],[115.8123,-7.1951],[115.8112,-7.1946],[115.8097,-7.194],[115.8086,-7.1936],[115.8081,-7.1934],[115.807,-7.1928],[115.8065,-7.1926],[115.8064,-7.1925],[115.8056,-7.1921],[115.8049,-7.1918],[115.8043,-7.1915],[115.8043,-7.1914],[115.8042,-7.1914],[115.8041,-7.1914],[115.8035,-7.1911],[115.8029,-7.1908],[115.8009,-7.1898],[115.7988,-7.1889],[115.7977,-7.1884],[115.7968,-7.1879],[115.7961,-7.1876],[115.7943,-7.1868],[115.7938,-7.1866],[115.7935,-7.1865],[115.7932,-7.1865],[115.7924,-7.1863],[115.7902,-7.1857],[115.7895,-7.1855],[115.7886,-7.1853],[115.7868,-7.1849],[115.786,-7.1847],[115.7853,-7.1845],[115.7841,-7.1841],[115.783,-7.1836],[115.7814,-7.183],[115.7804,-7.1825],[115.7794,-7.1822],[115.7784,-7.1819],[115.7774,-7.1816],[115.777,-7.1815],[115.7758,-7.1812],[115.7745,-7.1808],[115.7736,-7.1808],[115.7731,-7.1807],[115.773,-7.1807],[115.7726,-7.1806],[115.7717,-7.1804],[115.7702,-7.1797],[115.7694,-7.1792],[115.7689,-7.179],[115.7687,-7.1789],[115.7667,-7.1778],[115.7661,-7.1774],[115.7653,-7.1771],[115.7647,-7.1768],[115.7641,-7.1767],[115.7636,-7.1765],[115.7631,-7.1763],[115.7625,-7.176],[115.7606,-7.1752],[115.7602,-7.175],[115.7246,-7.175],[115.7246,-7.1822],[115.7664,-7.1983],[115.8241,-7.2205],[115.8513,-7.2205],[115.9155,-7.2205],[115.9155,-7.1832],[115.9155,-7.175],[115.8991,-7.175],[115.8991,-7.1752],[115.8989,-7.1757],[115.8987,-7.1766],[115.8982,-7.1784],[115.8978,-7.1805],[115.8976,-7.1809],[115.8975,-7.1812],[115.8972,-7.1818],[115.8969,-7.1826],[115.8967,-7.1833],[115.8966,-7.1838],[115.8965,-7.1841],[115.8964,-7.1844],[115.8963,-7.1846],[115.8962,-7.1851],[115.896,-7.1857],[115.8957,-7.1862],[115.8956,-7.1867],[115.8955,-7.1871],[115.8955,-7.1872],[115.8955,-7.1874],[115.8953,-7.1877],[115.8943,-7.1897],[115.894,-7.1902],[115.894,-7.1904],[115.894,-7.1905],[115.894,-7.1906],[115.8941,-7.1908],[115.8941,-7.1909],[115.894,-7.1911],[115.8939,-7.1915],[115.8937,-7.1919],[115.8935,-7.1921],[115.8934,-7.1925],[115.8932,-7.1928],[115.8929,-7.1929],[115.8926,-7.1931],[115.8924,-7.1934],[115.8921,-7.1937],[115.8915,-7.1943],[115.8912,-7.1947],[115.8911,-7.1947],[115.8907,-7.1952],[115.8893,-7.1965],[115.8888,-7.1969],[115.888,-7.1976],[115.8879,-7.1977],[115.8878,-7.1977],[115.8871,-7.1986],[115.8867,-7.1989],[115.8861,-7.1994],[115.8856,-7.1998],[115.885,-7.2002],[115.8846,-7.2004],[115.8838,-7.2008],[115.8831,-7.201],[115.8826,-7.2011],[115.8818,-7.2014],[115.8817,-7.2014],[115.8815,-7.2015],[115.8808,-7.2017],[115.8802,-7.2019],[115.8796,-7.2021],[115.8793,-7.2021],[115.8778,-7.2025],[115.8771,-7.2026],[115.8767,-7.2027],[115.8766,-7.2027],[115.8754,-7.2028],[115.875,-7.2028],[115.8748,-7.2027],[115.8745,-7.2027],[115.8741,-7.2026],[115.8733,-7.2024],[115.873,-7.2024],[115.8718,-7.2024],[115.8706,-7.2026],[115.8702,-7.2028],[115.8698,-7.2029],[115.8684,-7.2031],[115.867,-7.2033],[115.8649,-7.2034],[115.8647,-7.2034],[115.8629,-7.2035],[115.8607,-7.2038],[115.8595,-7.2039],[115.8573,-7.204],[115.8555,-7.2041],[115.8533,-7.2042],[115.8518,-7.2044],[115.8496,-7.2048],[115.849,-7.2049],[115.8468,-7.205],[115.8446,-7.2053],[115.8423,-7.2056],[115.8416,-7.2057],[115.8411,-7.2058],[115.8396,-7.2062],[115.8392,-7.2062],[115.8391,-7.2062],[115.839,-7.2063],[115.8386,-7.2065],[115.8385,-7.2065],[115.8384,-7.2065],[115.8366,-7.2067],[115.8358,-7.2067],[115.8349,-7.2067]]]}},{"type":"Feature","properties":{"name":"Pencadangan/Indikasi Kawasan Konservasi","fillColor":"#f60ada","fillOpacity":0.55},"geometry":{"type":"Polygon","coordinates":[[[114.3024,-7.1498],[114.3023,-7.1497],[114.3021,-7.1496],[114.3018,-7.1494],[114.3017,-7.1492],[114.3015,-7.1489],[114.3013,-7.1487],[114.3012,-7.1485],[114.3009,-7.1482],[114.3009,-7.1481],[114.3007,-7.148],[114.3004,-7.1477],[114.3001,-7.1474],[114.2999,-7.1472],[114.2998,-7.147],[114.2998,-7.1468],[114.2997,-7.1467],[114.2996,-7.1466],[114.2995,-7.1465],[114.2994,-7.1464],[114.2994,-7.1462],[114.2992,-7.1461],[114.2991,-7.1459],[114.299,-7.1458],[114.2987,-7.1456],[114.2985,-7.1454],[114.2983,-7.1453],[114.2981,-7.1451],[114.298,-7.1451],[114.2978,-7.1449],[114.2977,-7.1448],[114.2975,-7.1446],[114.2973,-7.1445],[114.2971,-7.1444],[114.2969,-7.1443],[114.2967,-7.1441],[114.2965,-7.1439],[114.284,-7.1439],[114.2918,-7.1548],[114.3059,-7.1651],[114.306,-7.1652],[114.3062,-7.1653],[114.3063,-7.1653],[114.3173,-7.1718],[114.3173,-7.171],[114.3173,-7.1696],[114.3173,-7.1672],[114.3173,-7.1651],[114.3173,-7.1643],[114.3173,-7.1635],[114.3174,-7.1618],[114.3173,-7.1618],[114.3172,-7.1617],[114.317,-7.1615],[114.3168,-7.1614],[114.3165,-7.1614],[114.3165,-7.1613],[114.3162,-7.1613],[114.3159,-7.1611],[114.3158,-7.161],[114.3157,-7.1609],[114.3157,-7.1608],[114.3155,-7.1606],[114.3153,-7.1605],[114.3151,-7.1604],[114.3148,-7.1602],[114.3145,-7.1601],[114.3143,-7.16],[114.3141,-7.1599],[114.3138,-7.16],[114.3137,-7.16],[114.3135,-7.16],[114.3134,-7.16],[114.3133,-7.1599],[114.3132,-7.1598],[114.3129,-7.1597],[114.3125,-7.1595],[114.3125,-7.1594],[114.3124,-7.1592],[114.3123,-7.159],[114.312,-7.1589],[114.3117,-7.1588],[114.3116,-7.1587],[114.3114,-7.1586],[114.3112,-7.1584],[114.3109,-7.1581],[114.3107,-7.158],[114.3106,-7.1579],[114.3104,-7.1578],[114.3102,-7.1578],[114.31,-7.1576],[114.3098,-7.1576],[114.3097,-7.1574],[114.3095,-7.1572],[114.3094,-7.157],[114.3094,-7.1568],[114.3093,-7.1566],[114.3091,-7.1562],[114.3089,-7.1562],[114.3088,-7.156],[114.3082,-7.1556],[114.3079,-7.1553],[114.3077,-7.1551],[114.3075,-7.1549],[114.3074,-7.1546],[114.3072,-7.1544],[114.3069,-7.1542],[114.3066,-7.154],[114.3064,-7.1538],[114.3062,-7.1536],[114.3061,-7.1535],[114.3059,-7.1532],[114.3056,-7.1531],[114.3053,-7.1529],[114.3051,-7.1528],[114.3049,-7.1527],[114.3048,-7.1526],[114.3047,-7.1525],[114.3046,-7.1524],[114.3044,-7.1523],[114.3042,-7.1521],[114.3041,-7.152],[114.3041,-7.1517],[114.304,-7.1514],[114.3038,-7.1512],[114.3036,-7.1511],[114.3034,-7.151],[114.3033,-7.1508],[114.3031,-7.1507],[114.3029,-7.1504],[114.3028,-7.1502],[114.3028,-7.1501],[114.303,-7.1499],[114.3028,-7.1498],[114.3027,-7.1499],[114.3026,-7.1499],[114.3024,-7.1498]]]}},{"type":"Feature","properties":{"name":"Pencadangan/Indikasi Kawasan Konservasi","fillColor":"#f60ada","fillOpacity":0.55},"geometry":{"type":"Polygon","coordinates":[[[114.5525,-7.1421],[114.5515,-7.1418],[114.5513,-7.1418],[114.551,-7.1417],[114.5509,-7.1418],[114.5508,-7.1418],[114.5503,-7.1422],[114.5501,-7.1421],[114.5498,-7.1421],[114.5492,-7.1421],[114.5488,-7.1422],[114.5487,-7.1422],[114.5485,-7.1423],[114.5484,-7.1424],[114.5483,-7.1427],[114.5479,-7.1427],[114.5478,-7.1427],[114.5476,-7.1431],[114.5474,-7.1432],[114.5473,-7.1432],[114.5469,-7.1432],[114.5458,-7.1432],[114.5456,-7.1432],[114.5453,-7.1435],[114.545,-7.1435],[114.5448,-7.1434],[114.5444,-7.1434],[114.5443,-7.1434],[114.5442,-7.1435],[114.5437,-7.1436],[114.5435,-7.1435],[114.5434,-7.1434],[114.5431,-7.1433],[114.543,-7.1433],[114.5423,-7.143],[114.542,-7.1429],[114.5417,-7.1429],[114.5414,-7.1428],[114.5409,-7.1428],[114.5406,-7.1428],[114.5402,-7.1425],[114.5401,-7.1424],[114.5394,-7.142],[114.5389,-7.1419],[114.5384,-7.142],[114.5378,-7.142],[114.5367,-7.1419],[114.5366,-7.1419],[114.5364,-7.1419],[114.535,-7.1419],[114.5344,-7.1419],[114.5333,-7.1418],[114.5331,-7.1417],[114.533,-7.1418],[114.5327,-7.1419],[114.5324,-7.1422],[114.5323,-7.1422],[114.5316,-7.1428],[114.5314,-7.1429],[114.531,-7.1431],[114.5302,-7.1432],[114.5296,-7.1434],[114.5295,-7.1434],[114.5273,-7.1436],[114.5263,-7.1436],[114.5248,-7.1436],[114.5242,-7.1436],[114.5241,-7.1436],[114.5237,-7.1437],[114.5233,-7.1437],[114.523,-7.1437],[114.5226,-7.1436],[114.5221,-7.1436],[114.5217,-7.1436],[114.5197,-7.1437],[114.5196,-7.1437],[114.5194,-7.1437],[114.5186,-7.1438],[114.5185,-7.1438],[114.5181,-7.1438],[114.5176,-7.1438],[114.5168,-7.1438],[114.5166,-7.1438],[114.5162,-7.1438],[114.5158,-7.1437],[114.5152,-7.1437],[114.5147,-7.1437],[114.5146,-7.1437],[114.5141,-7.1437],[114.514,-7.1437],[114.5135,-7.1438],[114.5126,-7.1441],[114.5124,-7.1442],[114.5113,-7.1445],[114.5095,-7.145],[114.5093,-7.145],[114.5092,-7.145],[114.5088,-7.1451],[114.5087,-7.1451],[114.5085,-7.1451],[114.5079,-7.1452],[114.5077,-7.1451],[114.5071,-7.145],[114.5071,-7.1451],[114.5071,-7.1452],[114.5075,-7.1453],[114.5078,-7.1453],[114.5081,-7.1454],[114.5084,-7.1454],[114.5086,-7.1455],[114.5087,-7.1455],[114.5089,-7.1458],[114.5089,-7.1461],[114.5089,-7.1464],[114.5081,-7.1467],[114.5075,-7.1467],[114.5074,-7.1467],[114.5071,-7.1464],[114.5072,-7.1462],[114.5073,-7.146],[114.507,-7.146],[114.507,-7.1462],[114.5063,-7.1462],[114.506,-7.1459],[114.5059,-7.1459],[114.5058,-7.1461],[114.5057,-7.1462],[114.5057,-7.1464],[114.5049,-7.1463],[114.5047,-7.1465],[114.5048,-7.1466],[114.5054,-7.147],[114.5059,-7.1473],[114.5063,-7.1474],[114.5076,-7.1485],[114.508,-7.1495],[114.5076,-7.1506],[114.5069,-7.1515],[114.5068,-7.1517],[114.5066,-7.152],[114.5064,-7.1522],[114.5063,-7.1523],[114.5061,-7.1527],[114.506,-7.1528],[114.506,-7.153],[114.5063,-7.1531],[114.5065,-7.1531],[114.5068,-7.153],[114.5071,-7.153],[114.5072,-7.153],[114.5072,-7.1533],[114.5074,-7.1535],[114.5075,-7.1536],[114.5079,-7.1536],[114.508,-7.1535],[114.5082,-7.1535],[114.5086,-7.1535],[114.5088,-7.1535],[114.5089,-7.1536],[114.5091,-7.1538],[114.5092,-7.1538],[114.5094,-7.1538],[114.5096,-7.1536],[114.5097,-7.1535],[114.5098,-7.1534],[114.5099,-7.1532],[114.51,-7.1531],[114.5101,-7.1528],[114.5102,-7.1526],[114.5103,-7.1525],[114.5105,-7.1525],[114.5105,-7.1527],[114.5106,-7.1528],[114.5105,-7.1531],[114.5104,-7.1533],[114.5104,-7.1534],[114.5101,-7.1537],[114.5099,-7.1538],[114.5096,-7.154],[114.5089,-7.1544],[114.5086,-7.1545],[114.5082,-7.1546],[114.5076,-7.1547],[114.5072,-7.1548],[114.5067,-7.155],[114.5065,-7.1551],[114.5064,-7.1551],[114.506,-7.1552],[114.5057,-7.1553],[114.5055,-7.1554],[114.505,-7.1555],[114.5047,-7.1556],[114.5045,-7.1557],[114.504,-7.1559],[114.5037,-7.156],[114.5033,-7.1561],[114.5025,-7.1564],[114.5002,-7.1571],[114.4994,-7.1575],[114.4994,-7.1579],[114.4994,-7.1581],[114.5731,-7.1579],[114.5731,-7.1578],[114.573,-7.1577],[114.5729,-7.1574],[114.5728,-7.1573],[114.5727,-7.1572],[114.5726,-7.157],[114.5725,-7.157],[114.5724,-7.1569],[114.5722,-7.1568],[114.5721,-7.1566],[114.572,-7.1566],[114.5716,-7.1564],[114.5715,-7.1564],[114.5714,-7.1563],[114.5711,-7.1561],[114.5709,-7.1559],[114.5703,-7.1557],[114.57,-7.1557],[114.5697,-7.1555],[114.5694,-7.1554],[114.5692,-7.1555],[114.569,-7.1555],[114.5686,-7.1552],[114.5684,-7.1551],[114.5682,-7.155],[114.5679,-7.1548],[114.5677,-7.1546],[114.5674,-7.1545],[114.5671,-7.1545],[114.5669,-7.1546],[114.5666,-7.1546],[114.5663,-7.1542],[114.566,-7.154],[114.5657,-7.1537],[114.5657,-7.1534],[114.5657,-7.1529],[114.5657,-7.1522],[114.5657,-7.1518],[114.5657,-7.1517],[114.5656,-7.1513],[114.5656,-7.1512],[114.5655,-7.1511],[114.565,-7.1509],[114.565,-7.1508],[114.5649,-7.1508],[114.5647,-7.1508],[114.5646,-7.1508],[114.5644,-7.1508],[114.5642,-7.1509],[114.564,-7.1509],[114.5638,-7.151],[114.5636,-7.1511],[114.5634,-7.151],[114.563,-7.1507],[114.5629,-7.1507],[114.5627,-7.1505],[114.5622,-7.1501],[114.5618,-7.1498],[114.5616,-7.1496],[114.5609,-7.1495],[114.5607,-7.1495],[114.5606,-7.1495],[114.5604,-7.1495],[114.5602,-7.1494],[114.56,-7.1494],[114.5598,-7.1494],[114.5595,-7.1494],[114.5589,-7.1494],[114.5588,-7.1494],[114.5587,-7.1494],[114.5583,-7.1493],[114.5579,-7.1491],[114.5578,-7.1491],[114.5576,-7.1489],[114.5574,-7.1487],[114.5573,-7.1486],[114.5571,-7.1484],[114.5569,-7.1481],[114.5569,-7.148],[114.5567,-7.1476],[114.5567,-7.1475],[114.5566,-7.1472],[114.5562,-7.1458],[114.556,-7.1451],[114.5557,-7.1449],[114.5555,-7.1448],[114.5554,-7.1447],[114.5547,-7.1445],[114.5544,-7.1443],[114.5544,-7.1442],[114.5542,-7.1439],[114.5541,-7.1438],[114.5541,-7.1437],[114.5538,-7.1433],[114.5534,-7.1428],[114.5532,-7.1426],[114.5529,-7.1423],[114.5525,-7.1421]]]}},{"type":"Feature","properties":{"name":"Pencadangan/Indikasi Kawasan Konservasi","fillColor":"#f60ada","fillOpacity":0.55},"geometry":{"type":"MultiPolygon","coordinates":[[[[114.6892,-7.0836],[114.6783,-7.0799],[114.669,-7.1003],[114.7042,-7.1151],[114.7103,-7.1008],[114.6967,-7.0953],[114.6892,-7.0836]]],[[[114.6769,-7.0972],[114.677,-7.0971],[114.6772,-7.0969],[114.6774,-7.0967],[114.6776,-7.0966],[114.6777,-7.0964],[114.6779,-7.0963],[114.6781,-7.0961],[114.6784,-7.0958],[114.6786,-7.0956],[114.6789,-7.0954],[114.6792,-7.0952],[114.6795,-7.0949],[114.6796,-7.0949],[114.6796,-7.0948],[114.6798,-7.0947],[114.68,-7.0946],[114.6802,-7.0944],[114.6804,-7.0943],[114.6806,-7.0942],[114.6808,-7.094],[114.681,-7.0939],[114.6812,-7.0938],[114.6813,-7.0937],[114.6815,-7.0936],[114.6816,-7.0935],[114.6819,-7.0933],[114.6821,-7.0931],[114.6823,-7.093],[114.6825,-7.0929],[114.6828,-7.0927],[114.683,-7.0926],[114.6831,-7.0925],[114.6833,-7.0924],[114.6835,-7.0924],[114.6837,-7.0923],[114.6839,-7.0923],[114.6842,-7.0922],[114.6844,-7.0922],[114.6846,-7.0922],[114.6847,-7.0922],[114.6849,-7.0922],[114.685,-7.0922],[114.6851,-7.0922],[114.6852,-7.0923],[114.6854,-7.0923],[114.6856,-7.0923],[114.6857,-7.0924],[114.6859,-7.0924],[114.686,-7.0925],[114.6862,-7.0926],[114.6863,-7.0927],[114.6864,-7.0928],[114.6865,-7.093],[114.6866,-7.0931],[114.6867,-7.0933],[114.6869,-7.0934],[114.6869,-7.0935],[114.6871,-7.0936],[114.6872,-7.0938],[114.6873,-7.0939],[114.6874,-7.0941],[114.6875,-7.0943],[114.6876,-7.0945],[114.6877,-7.0948],[114.6877,-7.095],[114.6878,-7.0952],[114.6878,-7.0954],[114.6878,-7.0956],[114.6878,-7.0958],[114.6878,-7.0961],[114.6877,-7.0963],[114.6876,-7.0964],[114.6875,-7.0967],[114.6874,-7.0969],[114.6873,-7.0971],[114.6871,-7.0973],[114.687,-7.0975],[114.6868,-7.0977],[114.6867,-7.0978],[114.6865,-7.0979],[114.6864,-7.0981],[114.6862,-7.0982],[114.6861,-7.0984],[114.6859,-7.0985],[114.6856,-7.0987],[114.6855,-7.0987],[114.6851,-7.0989],[114.6849,-7.0989],[114.6846,-7.099],[114.6845,-7.0991],[114.6843,-7.0991],[114.6841,-7.0991],[114.6839,-7.0992],[114.6838,-7.0992],[114.6837,-7.0992],[114.6836,-7.0992],[114.6835,-7.0992],[114.6833,-7.0993],[114.6831,-7.0993],[114.6829,-7.0993],[114.6828,-7.0992],[114.6826,-7.0992],[114.6825,-7.0992],[114.6824,-7.0992],[114.6823,-7.0991],[114.6821,-7.0991],[114.6818,-7.099],[114.6815,-7.099],[114.6813,-7.099],[114.681,-7.0989],[114.6807,-7.0989],[114.6805,-7.0988],[114.6803,-7.0988],[114.6801,-7.0987],[114.6799,-7.0987],[114.6796,-7.0986],[114.6793,-7.0986],[114.6791,-7.0985],[114.6789,-7.0985],[114.6786,-7.0984],[114.6783,-7.0983],[114.678,-7.0983],[114.6778,-7.0982],[114.6776,-7.0981],[114.6774,-7.098],[114.6773,-7.098],[114.6772,-7.098],[114.6771,-7.0979],[114.6769,-7.0978],[114.6767,-7.0978],[114.6766,-7.0978],[114.6765,-7.0977],[114.6764,-7.0977],[114.6763,-7.0975],[114.6763,-7.0974],[114.6763,-7.0973],[114.6764,-7.0973],[114.6765,-7.0974],[114.6766,-7.0974],[114.6767,-7.0974],[114.6768,-7.0973],[114.6769,-7.0972]]],[[[114.6992,-7.107],[114.699,-7.107],[114.6989,-7.1069],[114.6988,-7.1069],[114.6985,-7.1069],[114.6983,-7.1068],[114.6981,-7.1067],[114.6978,-7.1066],[114.6977,-7.1065],[114.6975,-7.1063],[114.6973,-7.1062],[114.6973,-7.1061],[114.6972,-7.1061],[114.6971,-7.106],[114.697,-7.1059],[114.6969,-7.1059],[114.6967,-7.1057],[114.6966,-7.1056],[114.6965,-7.1056],[114.6965,-7.1055],[114.6965,-7.1053],[114.6966,-7.1052],[114.6968,-7.105],[114.6969,-7.1049],[114.697,-7.1047],[114.6972,-7.1046],[114.6973,-7.1044],[114.6976,-7.1042],[114.6977,-7.1041],[114.6979,-7.1039],[114.6981,-7.1038],[114.6984,-7.1036],[114.6986,-7.1035],[114.6988,-7.1034],[114.699,-7.1033],[114.6991,-7.1032],[114.6993,-7.1031],[114.6995,-7.103],[114.6996,-7.103],[114.6997,-7.103],[114.6998,-7.103],[114.6999,-7.1031],[114.7001,-7.1032],[114.7003,-7.1033],[114.7006,-7.1034],[114.7008,-7.1035],[114.7009,-7.1036],[114.7012,-7.1037],[114.7014,-7.1039],[114.7017,-7.104],[114.7019,-7.1042],[114.702,-7.1044],[114.7022,-7.1045],[114.7022,-7.1046],[114.7023,-7.1048],[114.7022,-7.105],[114.7021,-7.1052],[114.702,-7.1054],[114.702,-7.1056],[114.7018,-7.1058],[114.7016,-7.106],[114.7014,-7.1062],[114.7012,-7.1063],[114.7011,-7.1065],[114.701,-7.1065],[114.7008,-7.1066],[114.7007,-7.1068],[114.7005,-7.1068],[114.7003,-7.107],[114.7002,-7.1071],[114.7,-7.107],[114.6998,-7.107],[114.6995,-7.107],[114.6992,-7.107]]]]}},{"type":"Feature","properties":{"name":"Pencadangan/Indikasi Kawasan Konservasi","fillColor":"#f60ada","fillOpacity":0.55},"geometry":{"type":"MultiPolygon","coordinates":[[[[114.8064,-7.1005],[114.7908,-7.0944],[114.7809,-7.0906],[114.7332,-7.0739],[114.7209,-7.1054],[114.7271,-7.1232],[114.7286,-7.124],[114.7427,-7.1313],[114.7501,-7.1366],[114.7677,-7.1493],[114.7854,-7.1427],[114.7949,-7.1236],[114.8064,-7.1005]]],[[[114.7944,-7.108],[114.7941,-7.1079],[114.7939,-7.1078],[114.7937,-7.1077],[114.7935,-7.1075],[114.7931,-7.1071],[114.793,-7.1067],[114.7929,-7.1064],[114.7929,-7.1061],[114.7929,-7.1056],[114.7929,-7.1054],[114.7929,-7.1053],[114.793,-7.1052],[114.793,-7.105],[114.7931,-7.1049],[114.7934,-7.1044],[114.7935,-7.1043],[114.7936,-7.1043],[114.7938,-7.1042],[114.7942,-7.104],[114.7947,-7.104],[114.7952,-7.1041],[114.7954,-7.1041],[114.7955,-7.1041],[114.7957,-7.1042],[114.7957,-7.1043],[114.7958,-7.1045],[114.7958,-7.105],[114.7957,-7.1055],[114.7955,-7.1063],[114.7952,-7.1072],[114.7951,-7.1077],[114.7951,-7.1078],[114.795,-7.1079],[114.7947,-7.108],[114.7944,-7.108]]],[[[114.7787,-7.1164],[114.7791,-7.1154],[114.7793,-7.1149],[114.7794,-7.1148],[114.7795,-7.1147],[114.7796,-7.1148],[114.7798,-7.115],[114.7799,-7.1151],[114.78,-7.1152],[114.7802,-7.1153],[114.7805,-7.1154],[114.7808,-7.1155],[114.7809,-7.1155],[114.781,-7.1156],[114.7811,-7.1157],[114.7812,-7.1158],[114.7813,-7.116],[114.7814,-7.1168],[114.7814,-7.1171],[114.7814,-7.1173],[114.7815,-7.1179],[114.7817,-7.1184],[114.7821,-7.119],[114.7825,-7.1192],[114.7831,-7.1194],[114.7835,-7.1195],[114.7836,-7.1195],[114.7841,-7.1197],[114.7842,-7.1197],[114.7843,-7.1198],[114.7843,-7.12],[114.7843,-7.1201],[114.7842,-7.1202],[114.784,-7.1204],[114.7839,-7.1204],[114.7836,-7.1207],[114.7833,-7.1212],[114.7829,-7.1226],[114.7827,-7.1231],[114.7826,-7.1236],[114.7825,-7.1237],[114.7824,-7.1241],[114.7822,-7.1248],[114.7821,-7.125],[114.7817,-7.126],[114.781,-7.1275],[114.7805,-7.1285],[114.7803,-7.1289],[114.7801,-7.1294],[114.7799,-7.1298],[114.7798,-7.13],[114.7798,-7.1301],[114.7796,-7.1303],[114.7794,-7.1306],[114.7791,-7.131],[114.7789,-7.1314],[114.7784,-7.1318],[114.7776,-7.1327],[114.7771,-7.1332],[114.7766,-7.1335],[114.7761,-7.1336],[114.7759,-7.1336],[114.7757,-7.1337],[114.7755,-7.1337],[114.7753,-7.1336],[114.7751,-7.1334],[114.7752,-7.1331],[114.7752,-7.1329],[114.7752,-7.1327],[114.775,-7.1324],[114.7746,-7.1318],[114.7742,-7.1315],[114.7741,-7.1313],[114.774,-7.1313],[114.7739,-7.1313],[114.7739,-7.1312],[114.7738,-7.1311],[114.7737,-7.1309],[114.7737,-7.1307],[114.7738,-7.1306],[114.7739,-7.1307],[114.774,-7.1307],[114.7743,-7.1308],[114.7744,-7.1308],[114.7745,-7.1307],[114.7747,-7.1306],[114.7748,-7.1305],[114.7748,-7.1298],[114.7748,-7.1291],[114.7747,-7.1286],[114.7747,-7.1285],[114.7746,-7.1284],[114.7745,-7.1283],[114.7744,-7.1283],[114.7743,-7.1283],[114.7742,-7.1283],[114.7741,-7.1283],[114.7741,-7.1282],[114.7739,-7.1281],[114.7737,-7.1281],[114.7736,-7.1282],[114.7737,-7.1283],[114.7737,-7.1285],[114.7736,-7.1287],[114.7735,-7.1288],[114.7734,-7.1287],[114.7733,-7.1285],[114.7731,-7.1282],[114.773,-7.1281],[114.773,-7.1279],[114.7729,-7.1278],[114.7729,-7.1275],[114.7729,-7.1273],[114.773,-7.1272],[114.7731,-7.1272],[114.7732,-7.1272],[114.7732,-7.1273],[114.7732,-7.1274],[114.7732,-7.1276],[114.7733,-7.1277],[114.7733,-7.1279],[114.7734,-7.1279],[114.7735,-7.1279],[114.7735,-7.1277],[114.7735,-7.1276],[114.7735,-7.1274],[114.7736,-7.1273],[114.7737,-7.1271],[114.7738,-7.1271],[114.7739,-7.127],[114.774,-7.1268],[114.7741,-7.1265],[114.7741,-7.1261],[114.774,-7.1257],[114.7739,-7.1254],[114.7739,-7.1251],[114.7738,-7.1246],[114.7737,-7.1242],[114.7738,-7.1237],[114.7738,-7.1231],[114.774,-7.1227],[114.7745,-7.1223],[114.7747,-7.1219],[114.775,-7.1216],[114.7752,-7.1214],[114.7756,-7.121],[114.7757,-7.1209],[114.7759,-7.1208],[114.776,-7.1205],[114.7759,-7.1205],[114.776,-7.1203],[114.7762,-7.1201],[114.7764,-7.1199],[114.7766,-7.1193],[114.7769,-7.1186],[114.7771,-7.1184],[114.7773,-7.1181],[114.7776,-7.1176],[114.7778,-7.1174],[114.7779,-7.1174],[114.778,-7.1175],[114.7781,-7.1174],[114.7787,-7.1164]]],[[[114.7736,-7.1326],[114.7736,-7.1327],[114.7735,-7.1328],[114.7733,-7.1329],[114.7731,-7.133],[114.7728,-7.1331],[114.7727,-7.1331],[114.7725,-7.1331],[114.7724,-7.133],[114.7721,-7.1329],[114.7716,-7.1328],[114.7714,-7.1328],[114.7708,-7.1329],[114.7706,-7.1329],[114.7705,-7.1329],[114.7703,-7.133],[114.7695,-7.1329],[114.7694,-7.1329],[114.7693,-7.1328],[114.7691,-7.1328],[114.7689,-7.1325],[114.7688,-7.1322],[114.7687,-7.1319],[114.7686,-7.1318],[114.7685,-7.1317],[114.7683,-7.1315],[114.7682,-7.1314],[114.7679,-7.131],[114.7677,-7.1303],[114.7678,-7.1299],[114.768,-7.1295],[114.7681,-7.1293],[114.7684,-7.1291],[114.7686,-7.129],[114.7689,-7.129],[114.7691,-7.1291],[114.7692,-7.1291],[114.7691,-7.1292],[114.7691,-7.1293],[114.7687,-7.1295],[114.7685,-7.1296],[114.7681,-7.1297],[114.7681,-7.1298],[114.7681,-7.13],[114.7681,-7.1301],[114.7682,-7.1303],[114.7683,-7.1305],[114.7683,-7.1306],[114.7685,-7.1307],[114.7686,-7.1308],[114.7689,-7.131],[114.7696,-7.1317],[114.7701,-7.132],[114.7706,-7.1321],[114.7709,-7.1322],[114.7711,-7.1321],[114.7714,-7.1321],[114.7717,-7.1321],[114.7721,-7.1323],[114.7725,-7.1325],[114.7732,-7.1327],[114.7736,-7.1325],[114.7736,-7.1326]]]]}},{"type":"Feature","properties":{"name":"Pencadangan/Indikasi Kawasan Konservasi","fillColor":"#f60ada","fillOpacity":0.55},"geometry":{"type":"MultiPolygon","coordinates":[[[[114.6563,-7.0723],[114.6557,-7.0699],[114.6447,-7.0591],[114.6358,-7.0655],[114.6336,-7.08],[114.648,-7.0968],[114.653,-7.0936],[114.6607,-7.0888],[114.6563,-7.0723]]],[[[114.648,-7.0862],[114.6479,-7.0862],[114.6477,-7.0861],[114.6476,-7.0861],[114.6475,-7.086],[114.6474,-7.0859],[114.6472,-7.0858],[114.6471,-7.0857],[114.647,-7.0856],[114.6468,-7.0855],[114.6466,-7.0854],[114.6464,-7.0853],[114.6463,-7.0852],[114.6462,-7.0852],[114.6461,-7.0851],[114.646,-7.085],[114.6459,-7.0849],[114.6458,-7.0848],[114.6457,-7.0847],[114.6455,-7.0846],[114.6454,-7.0846],[114.6453,-7.0844],[114.6452,-7.0842],[114.645,-7.0841],[114.6449,-7.084],[114.6448,-7.0839],[114.6447,-7.0838],[114.6447,-7.0837],[114.6446,-7.0836],[114.6446,-7.0834],[114.6445,-7.0834],[114.6445,-7.0832],[114.6445,-7.083],[114.6445,-7.0829],[114.6444,-7.0827],[114.6444,-7.0825],[114.6444,-7.0823],[114.6444,-7.0821],[114.6443,-7.0819],[114.6443,-7.0818],[114.6443,-7.0817],[114.6442,-7.0816],[114.6441,-7.0813],[114.644,-7.0812],[114.6439,-7.0811],[114.6439,-7.081],[114.6438,-7.0808],[114.6437,-7.0806],[114.6437,-7.0805],[114.6437,-7.0803],[114.6437,-7.0801],[114.6438,-7.0799],[114.6438,-7.0798],[114.6438,-7.0796],[114.6439,-7.0794],[114.6439,-7.0793],[114.6439,-7.0791],[114.644,-7.0789],[114.644,-7.0787],[114.644,-7.0784],[114.644,-7.0781],[114.644,-7.0779],[114.644,-7.0778],[114.644,-7.0776],[114.644,-7.0773],[114.644,-7.0771],[114.6441,-7.0769],[114.6441,-7.0767],[114.6441,-7.0766],[114.6442,-7.0765],[114.6442,-7.0762],[114.6443,-7.0761],[114.6443,-7.0759],[114.6444,-7.0758],[114.6445,-7.0755],[114.6445,-7.0753],[114.6446,-7.0752],[114.6447,-7.075],[114.6448,-7.0748],[114.6449,-7.0746],[114.645,-7.0745],[114.645,-7.0744],[114.6451,-7.0744],[114.6453,-7.074],[114.6455,-7.0737],[114.6456,-7.0735],[114.6458,-7.0734],[114.6459,-7.0733],[114.6461,-7.0733],[114.6463,-7.0733],[114.6465,-7.0734],[114.6467,-7.0734],[114.647,-7.0736],[114.6473,-7.0737],[114.6476,-7.0739],[114.6479,-7.0742],[114.6482,-7.0745],[114.6486,-7.0749],[114.6489,-7.0752],[114.6491,-7.0756],[114.6494,-7.076],[114.6497,-7.0765],[114.65,-7.077],[114.6502,-7.0774],[114.6503,-7.0776],[114.6505,-7.0779],[114.6506,-7.0782],[114.6507,-7.0785],[114.6508,-7.0789],[114.6509,-7.0792],[114.651,-7.0796],[114.651,-7.0799],[114.651,-7.0801],[114.6509,-7.0805],[114.6509,-7.0807],[114.6509,-7.0808],[114.6508,-7.081],[114.6508,-7.0811],[114.6508,-7.0812],[114.6508,-7.0813],[114.6507,-7.0817],[114.6505,-7.0824],[114.6505,-7.0827],[114.6504,-7.0829],[114.6502,-7.0835],[114.65,-7.0842],[114.6499,-7.0843],[114.6496,-7.0848],[114.6496,-7.0851],[114.6495,-7.0851],[114.649,-7.0857],[114.6485,-7.0862],[114.6482,-7.0862],[114.648,-7.0862]]]]}},{"type":"Feature","properties":{"name":"Pencadangan/Indikasi Kawasan Konservasi","fillColor":"#f60ada","fillOpacity":0.55},"geometry":{"type":"MultiPolygon","coordinates":[[[[114.5914,-7.0606],[114.5242,-7.0859],[114.4993,-7.1254],[114.4993,-7.1358],[114.4993,-7.1362],[114.4992,-7.1365],[114.4995,-7.1366],[114.5001,-7.1367],[114.5002,-7.1371],[114.5001,-7.1376],[114.4996,-7.1385],[114.5002,-7.1388],[114.5009,-7.139],[114.5015,-7.1391],[114.5019,-7.1391],[114.5015,-7.1396],[114.5012,-7.1402],[114.4993,-7.1412],[114.4991,-7.1423],[114.4993,-7.1427],[114.4996,-7.143],[114.5005,-7.1435],[114.5016,-7.1437],[114.5022,-7.1438],[114.5029,-7.1438],[114.5032,-7.144],[114.5035,-7.1444],[114.5043,-7.1445],[114.5052,-7.1445],[114.5089,-7.1437],[114.5091,-7.1434],[114.5098,-7.1433],[114.5122,-7.1429],[114.5126,-7.1429],[114.5141,-7.1423],[114.5159,-7.1417],[114.5159,-7.1414],[114.5147,-7.14],[114.5139,-7.1382],[114.5143,-7.1377],[114.5146,-7.1366],[114.5139,-7.1357],[114.5144,-7.1355],[114.5153,-7.1352],[114.5156,-7.1353],[114.516,-7.1355],[114.5179,-7.135],[114.5196,-7.1347],[114.5209,-7.1341],[114.5223,-7.1337],[114.5236,-7.1333],[114.5245,-7.1333],[114.5252,-7.1336],[114.5256,-7.1338],[114.5258,-7.133],[114.527,-7.1328],[114.5275,-7.1328],[114.5289,-7.1322],[114.5302,-7.1322],[114.531,-7.1321],[114.532,-7.132],[114.5327,-7.1322],[114.5335,-7.1323],[114.5344,-7.132],[114.535,-7.132],[114.5354,-7.1321],[114.5362,-7.1319],[114.5369,-7.1319],[114.5374,-7.1321],[114.5382,-7.1316],[114.5385,-7.1309],[114.5392,-7.1307],[114.5403,-7.1303],[114.5415,-7.1302],[114.542,-7.1303],[114.5425,-7.1306],[114.5427,-7.1306],[114.5427,-7.1302],[114.5438,-7.13],[114.5446,-7.1297],[114.5451,-7.1295],[114.5458,-7.1294],[114.5466,-7.1295],[114.5472,-7.1294],[114.5473,-7.1291],[114.5475,-7.1286],[114.5479,-7.1286],[114.5483,-7.129],[114.5488,-7.1292],[114.5487,-7.1296],[114.5488,-7.1299],[114.5492,-7.1299],[114.5495,-7.13],[114.55,-7.1301],[114.5506,-7.1301],[114.5509,-7.1304],[114.5515,-7.1306],[114.5517,-7.1303],[114.552,-7.1303],[114.5518,-7.1305],[114.5519,-7.1309],[114.5522,-7.131],[114.5526,-7.1312],[114.553,-7.1314],[114.5535,-7.1314],[114.5541,-7.1317],[114.5542,-7.1314],[114.5546,-7.131],[114.5551,-7.1311],[114.5555,-7.1311],[114.5558,-7.1314],[114.556,-7.1317],[114.5565,-7.1318],[114.5568,-7.1313],[114.5569,-7.1309],[114.5569,-7.1311],[114.5568,-7.1316],[114.5572,-7.1316],[114.5577,-7.1318],[114.5579,-7.1321],[114.558,-7.1323],[114.5582,-7.1318],[114.5587,-7.132],[114.5588,-7.1323],[114.5591,-7.1323],[114.5596,-7.1326],[114.5605,-7.1327],[114.5611,-7.1329],[114.5615,-7.1328],[114.562,-7.1329],[114.5625,-7.1328],[114.5632,-7.1327],[114.564,-7.1328],[114.5645,-7.1325],[114.5651,-7.1322],[114.5655,-7.1326],[114.5657,-7.1329],[114.5659,-7.1326],[114.5658,-7.1322],[114.5663,-7.1321],[114.5669,-7.132],[114.5676,-7.1318],[114.5679,-7.1315],[114.5685,-7.1313],[114.569,-7.1314],[114.5694,-7.1314],[114.5699,-7.1311],[114.5709,-7.1307],[114.5713,-7.1306],[114.572,-7.1301],[114.5724,-7.1302],[114.5728,-7.1301],[114.5732,-7.1296],[114.5735,-7.1291],[114.5742,-7.1288],[114.5752,-7.1286],[114.5756,-7.1284],[114.5761,-7.1287],[114.576,-7.1295],[114.5758,-7.1299],[114.5765,-7.1299],[114.5772,-7.1299],[114.5775,-7.1302],[114.5771,-7.1302],[114.5767,-7.1306],[114.5771,-7.1308],[114.5777,-7.1311],[114.5779,-7.1316],[114.5783,-7.1316],[114.5784,-7.1317],[114.5782,-7.1325],[114.5781,-7.133],[114.5782,-7.1333],[114.5786,-7.133],[114.5787,-7.1326],[114.5791,-7.1323],[114.5796,-7.1323],[114.58,-7.1323],[114.5804,-7.1325],[114.5809,-7.133],[114.5809,-7.1333],[114.5811,-7.1331],[114.5813,-7.1328],[114.5814,-7.133],[114.5814,-7.1335],[114.5817,-7.1333],[114.5817,-7.1329],[114.5822,-7.1326],[114.5828,-7.1326],[114.5832,-7.1324],[114.5837,-7.1324],[114.5836,-7.1328],[114.584,-7.1328],[114.5844,-7.1329],[114.5849,-7.1329],[114.5852,-7.1332],[114.5854,-7.1333],[114.5855,-7.1336],[114.5853,-7.1339],[114.5854,-7.134],[114.5856,-7.1335],[114.5857,-7.1332],[114.5859,-7.1333],[114.5865,-7.1336],[114.587,-7.1338],[114.5872,-7.1335],[114.5875,-7.1334],[114.5882,-7.1335],[114.5883,-7.1327],[114.5886,-7.1326],[114.5893,-7.1325],[114.5899,-7.1324],[114.5903,-7.1325],[114.5906,-7.133],[114.5907,-7.1335],[114.5911,-7.1339],[114.5917,-7.1344],[114.5925,-7.1351],[114.593,-7.1355],[114.5937,-7.1357],[114.5941,-7.1361],[114.5947,-7.1366],[114.5956,-7.137],[114.5964,-7.137],[114.597,-7.1369],[114.5978,-7.1371],[114.5983,-7.1374],[114.5984,-7.1378],[114.5992,-7.1377],[114.5999,-7.1374],[114.6004,-7.1371],[114.6008,-7.137],[114.6014,-7.1373],[114.6018,-7.1374],[114.6024,-7.1371],[114.603,-7.1368],[114.6033,-7.1362],[114.6034,-7.1356],[114.6037,-7.1352],[114.6042,-7.1353],[114.6042,-7.1357],[114.6041,-7.1362],[114.6043,-7.1365],[114.6046,-7.1368],[114.6049,-7.1375],[114.6049,-7.1378],[114.6054,-7.1379],[114.6058,-7.1376],[114.6064,-7.1372],[114.6069,-7.1371],[114.6075,-7.1373],[114.6076,-7.1378],[114.6082,-7.1387],[114.6092,-7.1394],[114.6101,-7.1397],[114.6106,-7.1391],[114.6112,-7.1389],[114.6117,-7.1393],[114.6122,-7.1395],[114.6127,-7.1393],[114.6133,-7.1394],[114.6139,-7.1406],[114.6145,-7.1415],[114.6145,-7.1423],[114.6143,-7.1428],[114.6141,-7.1431],[114.6138,-7.1435],[114.6134,-7.144],[114.6131,-7.1443],[114.6127,-7.1448],[114.6126,-7.1452],[114.6124,-7.1454],[114.6121,-7.1458],[114.6121,-7.1463],[114.6123,-7.1466],[114.6129,-7.147],[114.6138,-7.147],[114.6136,-7.1474],[114.6135,-7.1479],[114.6137,-7.1483],[114.6143,-7.1483],[114.6146,-7.1481],[114.615,-7.1481],[114.6152,-7.1479],[114.6157,-7.1477],[114.616,-7.1475],[114.6164,-7.1472],[114.6158,-7.148],[114.6155,-7.1483],[114.6152,-7.1485],[114.6148,-7.1485],[114.614,-7.1486],[114.6137,-7.1488],[114.6139,-7.1491],[114.6142,-7.1494],[114.6143,-7.1497],[114.6145,-7.1501],[114.633,-7.1506],[114.6897,-7.1581],[114.5914,-7.0606]]],[[[114.5732,-7.0756],[114.5733,-7.0756],[114.5737,-7.0755],[114.5742,-7.0753],[114.5749,-7.0749],[114.5754,-7.0745],[114.576,-7.0739],[114.5766,-7.0731],[114.5771,-7.0724],[114.5776,-7.0717],[114.5779,-7.0712],[114.5781,-7.0711],[114.5783,-7.0711],[114.5784,-7.071],[114.5786,-7.0711],[114.5788,-7.0712],[114.5792,-7.0717],[114.5794,-7.072],[114.5795,-7.0726],[114.5796,-7.0729],[114.5796,-7.0732],[114.5794,-7.0737],[114.5791,-7.0741],[114.5784,-7.0746],[114.5777,-7.0751],[114.577,-7.0755],[114.5759,-7.0759],[114.5756,-7.0761],[114.5751,-7.0763],[114.5747,-7.0764],[114.5744,-7.0764],[114.5741,-7.0765],[114.5737,-7.0765],[114.5734,-7.0765],[114.573,-7.0765],[114.5727,-7.0765],[114.5722,-7.0764],[114.5718,-7.0763],[114.5715,-7.0762],[114.5714,-7.0761],[114.5713,-7.076],[114.5713,-7.0759],[114.5714,-7.0759],[114.5715,-7.0759],[114.5717,-7.0758],[114.5718,-7.0758],[114.5719,-7.0757],[114.572,-7.0757],[114.5721,-7.0756],[114.5722,-7.0757],[114.5724,-7.0757],[114.5726,-7.0757],[114.5729,-7.0757],[114.5732,-7.0756]]],[[[114.5328,-7.1226],[114.5328,-7.1224],[114.5328,-7.122],[114.5329,-7.1217],[114.5329,-7.1214],[114.5331,-7.1213],[114.5332,-7.1211],[114.5332,-7.1209],[114.5331,-7.1207],[114.5329,-7.1203],[114.5328,-7.1201],[114.5329,-7.1198],[114.533,-7.1196],[114.5333,-7.1195],[114.5336,-7.1193],[114.5338,-7.1193],[114.5339,-7.1194],[114.5342,-7.1196],[114.5343,-7.1198],[114.5344,-7.1199],[114.5346,-7.1199],[114.5347,-7.1199],[114.5348,-7.12],[114.5349,-7.1202],[114.535,-7.1208],[114.535,-7.1212],[114.5353,-7.1215],[114.5355,-7.1216],[114.5356,-7.1217],[114.5357,-7.1217],[114.5358,-7.1215],[114.5359,-7.1213],[114.5361,-7.1213],[114.5363,-7.1215],[114.5363,-7.1216],[114.5362,-7.1217],[114.5361,-7.1219],[114.5359,-7.122],[114.5359,-7.1221],[114.536,-7.1222],[114.5363,-7.1223],[114.5364,-7.1223],[114.5367,-7.1223],[114.5368,-7.1222],[114.5368,-7.122],[114.537,-7.1219],[114.5371,-7.1219],[114.5373,-7.122],[114.5375,-7.1219],[114.5376,-7.1218],[114.5378,-7.1217],[114.538,-7.1217],[114.5384,-7.1218],[114.5387,-7.1219],[114.5388,-7.1221],[114.5387,-7.1224],[114.5384,-7.1225],[114.5381,-7.1225],[114.5379,-7.1226],[114.5378,-7.1228],[114.5378,-7.123],[114.5379,-7.123],[114.538,-7.1231],[114.538,-7.1234],[114.5378,-7.1235],[114.5376,-7.1235],[114.5373,-7.1234],[114.5371,-7.1232],[114.5368,-7.1232],[114.5367,-7.1232],[114.5366,-7.1233],[114.5366,-7.1234],[114.5367,-7.1235],[114.5369,-7.1235],[114.537,-7.1236],[114.537,-7.1238],[114.5372,-7.1241],[114.5374,-7.1242],[114.5375,-7.1242],[114.5377,-7.1243],[114.5378,-7.1245],[114.5378,-7.1249],[114.5377,-7.1251],[114.5377,-7.1252],[114.5376,-7.1252],[114.5375,-7.1252],[114.5373,-7.1251],[114.5371,-7.1251],[114.537,-7.1251],[114.537,-7.1252],[114.537,-7.1253],[114.5369,-7.1255],[114.5368,-7.1256],[114.5366,-7.1256],[114.5364,-7.1256],[114.5361,-7.1254],[114.5359,-7.1252],[114.5358,-7.1251],[114.5356,-7.1248],[114.5355,-7.1246],[114.5355,-7.1245],[114.5356,-7.1243],[114.5355,-7.1241],[114.5354,-7.1239],[114.5352,-7.1239],[114.5351,-7.1238],[114.5348,-7.1237],[114.5346,-7.1233],[114.5345,-7.1232],[114.5345,-7.1229],[114.5345,-7.1226],[114.5344,-7.1224],[114.5344,-7.1223],[114.5342,-7.1222],[114.5341,-7.1222],[114.5341,-7.1223],[114.5341,-7.1224],[114.5342,-7.1225],[114.5341,-7.1225],[114.5339,-7.1224],[114.5338,-7.1223],[114.5337,-7.1222],[114.5336,-7.1222],[114.5335,-7.1223],[114.5333,-7.1224],[114.5332,-7.1225],[114.533,-7.1226],[114.5329,-7.1226],[114.5328,-7.1226]]],[[[114.5803,-7.1283],[114.5807,-7.1279],[114.5811,-7.1276],[114.5813,-7.1276],[114.5818,-7.1274],[114.5819,-7.1274],[114.5822,-7.1272],[114.583,-7.1268],[114.5837,-7.1265],[114.5841,-7.1264],[114.5849,-7.1262],[114.5852,-7.1262],[114.5856,-7.1262],[114.5862,-7.1264],[114.5868,-7.1268],[114.5871,-7.127],[114.5871,-7.1271],[114.5873,-7.1272],[114.5873,-7.1273],[114.5874,-7.1273],[114.5874,-7.1274],[114.5873,-7.1275],[114.5868,-7.1284],[114.5868,-7.1285],[114.5866,-7.1287],[114.5865,-7.1288],[114.5864,-7.1289],[114.5863,-7.129],[114.5856,-7.1289],[114.5851,-7.1289],[114.5848,-7.1289],[114.5844,-7.129],[114.5841,-7.1292],[114.584,-7.1292],[114.5837,-7.1292],[114.5834,-7.1291],[114.5833,-7.1291],[114.5831,-7.1291],[114.583,-7.1292],[114.5825,-7.1295],[114.5823,-7.1295],[114.5822,-7.1295],[114.5821,-7.1294],[114.582,-7.1294],[114.5818,-7.1293],[114.5817,-7.1294],[114.5815,-7.1296],[114.5814,-7.1297],[114.5813,-7.1298],[114.5812,-7.1299],[114.5811,-7.1299],[114.5809,-7.13],[114.5807,-7.1301],[114.5806,-7.1302],[114.5806,-7.1303],[114.5803,-7.1302],[114.5799,-7.1301],[114.5797,-7.1299],[114.5797,-7.1298],[114.5796,-7.1297],[114.5796,-7.1295],[114.5797,-7.1292],[114.5798,-7.1289],[114.58,-7.1287],[114.5802,-7.1285],[114.5803,-7.1283]]]]}},{"type":"Feature","properties":{"name":"Pencadangan/Indikasi Kawasan Konservasi","fillColor":"#f60ada","fillOpacity":0.55},"geometry":{"type":"Polygon","coordinates":[[[114.3469,-7.0582],[114.3333,-7.0487],[114.3333,-7.056],[114.3334,-7.056],[114.3338,-7.0562],[114.3342,-7.0563],[114.3346,-7.0565],[114.335,-7.0566],[114.3352,-7.0567],[114.3354,-7.0569],[114.3357,-7.057],[114.3364,-7.0573],[114.337,-7.0577],[114.3376,-7.058],[114.3382,-7.0584],[114.3386,-7.0587],[114.3389,-7.0589],[114.3392,-7.0591],[114.3394,-7.0593],[114.3397,-7.0596],[114.34,-7.0598],[114.3402,-7.0599],[114.3405,-7.0601],[114.3407,-7.0603],[114.3407,-7.0604],[114.3409,-7.0605],[114.3413,-7.0608],[114.3415,-7.061],[114.3416,-7.0611],[114.3422,-7.0619],[114.3469,-7.0582]]]}},{"type":"Feature","properties":{"name":"Pencadangan/Indikasi Kawasan Konservasi","fillColor":"#f60ada","fillOpacity":0.55},"geometry":{"type":"Polygon","coordinates":[[[115.5917,-7.0332],[115.5901,-7.034],[115.59,-7.034],[115.59,-7.0346],[115.5858,-7.0596],[115.59,-7.0608],[115.5917,-7.0613],[115.5917,-7.0332]]]}},{"type":"Feature","properties":{"name":"Pencadangan/Indikasi Kawasan Konservasi","fillColor":"#f60ada","fillOpacity":0.55},"geometry":{"type":"Polygon","coordinates":[[[115.273,-7.0134],[115.2769,-7.01],[115.2824,-7.0053],[115.2823,-7.0053],[115.2821,-7.005],[115.2818,-7.0047],[115.2813,-7.0041],[115.2809,-7.0039],[115.2799,-7.0033],[115.2799,-7.0032],[115.2798,-7.0028],[115.2796,-7.0025],[115.2791,-7.0019],[115.2786,-7.0015],[115.2779,-7.0008],[115.2773,-7.0],[115.2576,-7.0],[115.2715,-7.0147],[115.273,-7.0134]]]}},{"type":"Feature","properties":{"name":"Pencadangan/Indikasi Kawasan Konservasi","fillColor":"#f60ada","fillOpacity":0.55},"geometry":{"type":"Polygon","coordinates":[[[115.3172,-7.0083],[115.316,-7.0057],[115.3133,-7.0],[115.2997,-7.0],[115.2994,-7.0006],[115.2993,-7.0006],[115.2984,-7.0017],[115.297,-7.0029],[115.2964,-7.0033],[115.2953,-7.0039],[115.2949,-7.004],[115.2943,-7.0042],[115.294,-7.0044],[115.2933,-7.0049],[115.2922,-7.0052],[115.292,-7.0053],[115.292,-7.0054],[115.292,-7.0059],[115.292,-7.0067],[115.2918,-7.0079],[115.2915,-7.0083],[115.2912,-7.0088],[115.2911,-7.0091],[115.2911,-7.0094],[115.2911,-7.0099],[115.2912,-7.0103],[115.2915,-7.0108],[115.2917,-7.011],[115.292,-7.0111],[115.2924,-7.0114],[115.2928,-7.0118],[115.2932,-7.0122],[115.2933,-7.0125],[115.2933,-7.0126],[115.2932,-7.0127],[115.293,-7.0127],[115.2927,-7.0127],[115.2926,-7.0127],[115.2923,-7.0125],[115.2919,-7.0123],[115.2914,-7.012],[115.2907,-7.0115],[115.2901,-7.0112],[115.2894,-7.0108],[115.2888,-7.0103],[115.287,-7.0126],[115.2939,-7.0164],[115.3172,-7.0083]]]}},{"type":"Feature","properties":{"name":"Pencadangan/Indikasi Kawasan Konservasi","fillColor":"#f60ada","fillOpacity":0.55},"geometry":{"type":"Polygon","coordinates":[[[115.3409,-7.0],[115.326,-7.0],[115.3265,-7.001],[115.3281,-7.0045],[115.3409,-7.0]]]}},{"type":"Feature","properties":{"name":"Pencadangan/Indikasi Kawasan Konservasi","fillColor":"#f60ada","fillOpacity":0.55},"geometry":{"type":"MultiPolygon","coordinates":[[[[115.5818,-6.9744],[115.5817,-6.9744],[115.5817,-6.9743],[115.5816,-6.9743],[115.5815,-6.9743],[115.5814,-6.9743],[115.5812,-6.9743],[115.5811,-6.9744],[115.5811,-6.9745],[115.581,-6.9745],[115.581,-6.9746],[115.5808,-6.9746],[115.5808,-6.9747],[115.5807,-6.9747],[115.5806,-6.9747],[115.5805,-6.9747],[115.5804,-6.9746],[115.5803,-6.9746],[115.5803,-6.9745],[115.5802,-6.9745],[115.5801,-6.9745],[115.5799,-6.9745],[115.5798,-6.9745],[115.5798,-6.9746],[115.5797,-6.9746],[115.5796,-6.9746],[115.5795,-6.9747],[115.5794,-6.9748],[115.5793,-6.9748],[115.5792,-6.9748],[115.5791,-6.9749],[115.579,-6.9749],[115.5788,-6.9749],[115.5788,-6.975],[115.5787,-6.975],[115.5786,-6.9749],[115.5785,-6.9749],[115.5783,-6.9749],[115.5782,-6.9749],[115.5781,-6.9749],[115.578,-6.9749],[115.5779,-6.9749],[115.5777,-6.975],[115.5776,-6.975],[115.5775,-6.975],[115.5774,-6.975],[115.5773,-6.975],[115.5771,-6.975],[115.577,-6.975],[115.5769,-6.975],[115.5776,-6.9777],[115.5843,-6.9777],[115.587,-6.9838],[115.5827,-6.9818],[115.572,-6.986],[115.5656,-6.9892],[115.5682,-6.9998],[115.5715,-7.0046],[115.5792,-7.0152],[115.5856,-7.0261],[115.59,-7.0239],[115.5917,-7.0231],[115.5917,-6.9933],[115.5915,-6.9933],[115.5915,-6.9934],[115.5914,-6.9934],[115.5913,-6.9934],[115.5912,-6.9935],[115.591,-6.9935],[115.5909,-6.9935],[115.5908,-6.9935],[115.5907,-6.9935],[115.5906,-6.9935],[115.5905,-6.9934],[115.5904,-6.9934],[115.5903,-6.9933],[115.5902,-6.9932],[115.5901,-6.9932],[115.5899,-6.9931],[115.5899,-6.993],[115.5898,-6.993],[115.5898,-6.9929],[115.5898,-6.9928],[115.5897,-6.9927],[115.5897,-6.9926],[115.5896,-6.9926],[115.5897,-6.9925],[115.5897,-6.9924],[115.5898,-6.9923],[115.5899,-6.9923],[115.5899,-6.9922],[115.59,-6.9922],[115.59,-6.9921],[115.5901,-6.9921],[115.5903,-6.992],[115.5903,-6.9919],[115.5904,-6.9919],[115.5905,-6.9919],[115.5905,-6.9918],[115.5907,-6.9918],[115.5907,-6.9917],[115.5908,-6.9917],[115.5909,-6.9917],[115.5909,-6.9916],[115.5911,-6.9916],[115.5911,-6.9915],[115.5912,-6.9915],[115.5913,-6.9915],[115.5913,-6.9914],[115.5915,-6.9913],[115.5916,-6.9912],[115.5916,-6.9911],[115.5917,-6.9911],[115.5917,-6.9898],[115.5916,-6.9897],[115.5915,-6.9896],[115.5914,-6.9895],[115.5913,-6.9895],[115.5913,-6.9894],[115.5912,-6.9892],[115.5912,-6.9891],[115.5911,-6.9891],[115.591,-6.989],[115.5909,-6.9889],[115.5909,-6.9888],[115.5907,-6.9887],[115.5906,-6.9886],[115.5905,-6.9886],[115.5905,-6.9885],[115.5904,-6.9885],[115.5902,-6.9885],[115.5902,-6.9884],[115.5901,-6.9884],[115.59,-6.9884],[115.59,-6.9883],[115.5899,-6.9882],[115.5898,-6.9882],[115.5898,-6.9881],[115.5898,-6.988],[115.5897,-6.988],[115.5896,-6.9879],[115.5896,-6.9878],[115.5895,-6.9878],[115.5895,-6.9877],[115.5894,-6.9876],[115.5894,-6.9874],[115.5893,-6.9873],[115.5893,-6.9872],[115.5893,-6.9871],[115.5892,-6.9871],[115.5892,-6.9869],[115.5892,-6.9868],[115.5892,-6.9867],[115.5892,-6.9866],[115.5892,-6.9865],[115.5893,-6.9865],[115.5893,-6.9863],[115.5893,-6.9862],[115.5894,-6.9861],[115.5894,-6.986],[115.5894,-6.9859],[115.5895,-6.9858],[115.5895,-6.9857],[115.5896,-6.9856],[115.5896,-6.9855],[115.5896,-6.9854],[115.5897,-6.9853],[115.5898,-6.9853],[115.5898,-6.9852],[115.5899,-6.9851],[115.5899,-6.985],[115.59,-6.9849],[115.5901,-6.9849],[115.5901,-6.9848],[115.5902,-6.9848],[115.5902,-6.9847],[115.5903,-6.9846],[115.5904,-6.9846],[115.5905,-6.9846],[115.5906,-6.9846],[115.5906,-6.9845],[115.5907,-6.9845],[115.5909,-6.9845],[115.591,-6.9845],[115.5911,-6.9845],[115.5912,-6.9844],[115.5913,-6.9844],[115.5915,-6.9844],[115.5915,-6.9843],[115.5915,-6.9842],[115.5916,-6.9842],[115.5916,-6.9841],[115.5917,-6.9839],[115.5917,-6.9783],[115.5917,-6.9782],[115.5916,-6.9782],[115.5916,-6.9781],[115.5914,-6.9781],[115.5914,-6.978],[115.5913,-6.978],[115.5912,-6.978],[115.5911,-6.9779],[115.5909,-6.9778],[115.5908,-6.9778],[115.5907,-6.9777],[115.5906,-6.9777],[115.5906,-6.9776],[115.5904,-6.9775],[115.5903,-6.9775],[115.5903,-6.9774],[115.5902,-6.9774],[115.5901,-6.9773],[115.59,-6.9773],[115.5899,-6.9772],[115.5898,-6.9772],[115.5897,-6.9772],[115.5896,-6.9772],[115.5896,-6.9771],[115.5894,-6.9771],[115.5893,-6.9771],[115.5893,-6.977],[115.5892,-6.977],[115.5892,-6.9769],[115.589,-6.9769],[115.589,-6.9768],[115.5889,-6.9768],[115.5888,-6.9767],[115.5887,-6.9767],[115.5886,-6.9766],[115.5885,-6.9765],[115.5884,-6.9765],[115.5883,-6.9764],[115.5882,-6.9764],[115.5881,-6.9763],[115.5881,-6.9762],[115.588,-6.9762],[115.588,-6.9761],[115.5879,-6.9761],[115.5878,-6.976],[115.5877,-6.976],[115.5876,-6.9759],[115.5876,-6.9758],[115.5875,-6.9758],[115.5874,-6.9757],[115.5873,-6.9756],[115.5873,-6.9755],[115.5872,-6.9755],[115.5871,-6.9754],[115.587,-6.9754],[115.5869,-6.9753],[115.5869,-6.9752],[115.5868,-6.9752],[115.5868,-6.9751],[115.5867,-6.975],[115.5866,-6.9749],[115.5865,-6.9748],[115.5864,-6.9748],[115.5863,-6.9748],[115.5862,-6.9748],[115.586,-6.9748],[115.5859,-6.9748],[115.5858,-6.9748],[115.5857,-6.9747],[115.5856,-6.9747],[115.5854,-6.9747],[115.5854,-6.9746],[115.5853,-6.9746],[115.5852,-6.9746],[115.5852,-6.9745],[115.585,-6.9745],[115.5849,-6.9745],[115.5848,-6.9745],[115.5847,-6.9745],[115.5846,-6.9745],[115.5845,-6.9745],[115.5844,-6.9744],[115.5843,-6.9744],[115.5842,-6.9743],[115.5841,-6.9743],[115.584,-6.9743],[115.5838,-6.9743],[115.5837,-6.9744],[115.5836,-6.9744],[115.5836,-6.9745],[115.5835,-6.9745],[115.5833,-6.9745],[115.5833,-6.9746],[115.5832,-6.9746],[115.5831,-6.9746],[115.583,-6.9746],[115.5828,-6.9746],[115.5827,-6.9746],[115.5826,-6.9746],[115.5825,-6.9745],[115.5825,-6.9744],[115.5823,-6.9744],[115.5822,-6.9744],[115.5821,-6.9744],[115.582,-6.9744],[115.5818,-6.9744]]],[[[115.5805,-6.9857],[115.5806,-6.9857],[115.5812,-6.9854],[115.5814,-6.9852],[115.5815,-6.9852],[115.582,-6.9851],[115.5824,-6.985],[115.5827,-6.9851],[115.5836,-6.9855],[115.5843,-6.9858],[115.5848,-6.986],[115.5854,-6.9865],[115.5856,-6.9866],[115.5859,-6.9868],[115.5861,-6.9869],[115.5862,-6.987],[115.5865,-6.9878],[115.5867,-6.988],[115.587,-6.9884],[115.5872,-6.9888],[115.5874,-6.9894],[115.5874,-6.9895],[115.5875,-6.9896],[115.5876,-6.9896],[115.5876,-6.9897],[115.5875,-6.9899],[115.5873,-6.9902],[115.587,-6.9904],[115.5869,-6.9904],[115.5867,-6.9906],[115.5866,-6.9906],[115.5865,-6.9908],[115.5865,-6.9911],[115.5865,-6.9913],[115.5865,-6.9914],[115.5864,-6.9917],[115.586,-6.9925],[115.5859,-6.9928],[115.5858,-6.9929],[115.5857,-6.9931],[115.5855,-6.9933],[115.5855,-6.9936],[115.5854,-6.9952],[115.5854,-6.9954],[115.5853,-6.9955],[115.5851,-6.9955],[115.5849,-6.9955],[115.5847,-6.9954],[115.5847,-6.9953],[115.5845,-6.9951],[115.5843,-6.9948],[115.5843,-6.9946],[115.5843,-6.9944],[115.5845,-6.994],[115.5845,-6.9939],[115.5846,-6.9937],[115.5846,-6.9936],[115.5846,-6.9935],[115.5846,-6.9933],[115.5845,-6.9932],[115.5844,-6.993],[115.5838,-6.9926],[115.5835,-6.9924],[115.5832,-6.9922],[115.583,-6.9921],[115.5829,-6.9921],[115.5826,-6.992],[115.5816,-6.9919],[115.5812,-6.9918],[115.5809,-6.9917],[115.5806,-6.9915],[115.5804,-6.9914],[115.5798,-6.9914],[115.5795,-6.9914],[115.5788,-6.9915],[115.5786,-6.9915],[115.5782,-6.9916],[115.578,-6.9916],[115.5779,-6.9916],[115.5779,-6.9915],[115.5779,-6.9914],[115.5779,-6.9913],[115.5779,-6.9912],[115.5785,-6.9903],[115.5788,-6.9901],[115.5793,-6.9897],[115.5795,-6.9896],[115.5795,-6.9894],[115.5795,-6.9892],[115.5792,-6.9883],[115.5791,-6.988],[115.5791,-6.9872],[115.5789,-6.9865],[115.5788,-6.9861],[115.5787,-6.9859],[115.5788,-6.9858],[115.5789,-6.9857],[115.579,-6.9859],[115.5792,-6.9861],[115.5793,-6.9861],[115.5795,-6.9859],[115.5797,-6.9858],[115.5802,-6.9858],[115.5803,-6.9857],[115.5805,-6.9857]]],[[[115.5883,-6.9999],[115.5881,-6.9999],[115.5875,-6.9998],[115.5874,-6.9997],[115.5873,-6.9995],[115.5873,-6.9994],[115.5873,-6.9993],[115.5874,-6.9991],[115.5874,-6.9988],[115.5874,-6.9986],[115.5875,-6.9985],[115.5877,-6.9985],[115.588,-6.9985],[115.5883,-6.9986],[115.5886,-6.9988],[115.5887,-6.999],[115.5888,-6.9992],[115.5888,-6.9993],[115.5888,-6.9994],[115.5887,-6.9996],[115.5887,-6.9999],[115.5886,-7.0],[115.5885,-7.0],[115.5883,-6.9999]]]]}},{"type":"Feature","properties":{"name":"Pencadangan/Indikasi Kawasan Konservasi","fillColor":"#f60ada","fillOpacity":0.55},"geometry":{"type":"Polygon","coordinates":[[[115.3783,-6.9739],[115.378,-6.9738],[115.3778,-6.9738],[115.3769,-6.9733],[115.3761,-6.9729],[115.3758,-6.9727],[115.3756,-6.9727],[115.3753,-6.9728],[115.375,-6.9728],[115.3749,-6.9729],[115.3748,-6.9729],[115.3748,-6.973],[115.3748,-6.9732],[115.3748,-6.9734],[115.375,-6.9735],[115.376,-6.9741],[115.3766,-6.9745],[115.3772,-6.9748],[115.3775,-6.975],[115.3779,-6.9754],[115.3784,-6.976],[115.379,-6.9764],[115.3798,-6.977],[115.3801,-6.9773],[115.3803,-6.9777],[115.3806,-6.9781],[115.3808,-6.9784],[115.3811,-6.9786],[115.3814,-6.9787],[115.3815,-6.9787],[115.3818,-6.9788],[115.3827,-6.979],[115.3837,-6.9792],[115.3838,-6.9793],[115.3849,-6.9797],[115.3851,-6.98],[115.3853,-6.9803],[115.3856,-6.9808],[115.386,-6.9812],[115.3864,-6.9814],[115.3866,-6.9814],[115.3869,-6.9814],[115.3873,-6.9813],[115.3884,-6.9808],[115.389,-6.9807],[115.3894,-6.9807],[115.39,-6.9807],[115.3906,-6.9808],[115.3912,-6.9808],[115.3916,-6.9807],[115.3918,-6.9806],[115.3919,-6.9804],[115.392,-6.9802],[115.3923,-6.9794],[115.3925,-6.9793],[115.3927,-6.9792],[115.3933,-6.9791],[115.394,-6.9789],[115.3954,-6.9787],[115.396,-6.9786],[115.3963,-6.9786],[115.3947,-6.9756],[115.3897,-6.9778],[115.3895,-6.9774],[115.3887,-6.9777],[115.3881,-6.9778],[115.3873,-6.9778],[115.3869,-6.9777],[115.3864,-6.9776],[115.3857,-6.9774],[115.3856,-6.9774],[115.3852,-6.9773],[115.3852,-6.9772],[115.3847,-6.9771],[115.3846,-6.9769],[115.3844,-6.9767],[115.3841,-6.9763],[115.3838,-6.9761],[115.3837,-6.9761],[115.3832,-6.9762],[115.3829,-6.9762],[115.3826,-6.9762],[115.3823,-6.9761],[115.3817,-6.9758],[115.3814,-6.9756],[115.3812,-6.9753],[115.3808,-6.9747],[115.3803,-6.974],[115.3801,-6.9738],[115.38,-6.9738],[115.3797,-6.9738],[115.3788,-6.974],[115.3783,-6.9739]]]}},{"type":"Feature","properties":{"name":"Pencadangan/Indikasi Kawasan Konservasi","fillColor":"#f60ada","fillOpacity":0.55},"geometry":{"type":"Polygon","coordinates":[[[115.3949,-6.9677],[115.396,-6.9667],[115.3898,-6.9667],[115.3899,-6.9671],[115.39,-6.9672],[115.3904,-6.9673],[115.3909,-6.9675],[115.391,-6.9675],[115.391,-6.9676],[115.3914,-6.9677],[115.3915,-6.9677],[115.3916,-6.9678],[115.3916,-6.9679],[115.3917,-6.968],[115.392,-6.9689],[115.3922,-6.9695],[115.3925,-6.9701],[115.3949,-6.9677]]]}},{"type":"Feature","properties":{"name":"Pencadangan/Indikasi Kawasan Konservasi","fillColor":"#f60ada","fillOpacity":0.55},"geometry":{"type":"Polygon","coordinates":[[[115.4825,-6.9667],[115.4667,-6.9667],[115.4667,-6.9674],[115.4558,-6.9728],[115.4456,-6.9728],[115.4355,-6.9774],[115.4355,-6.9788],[115.4356,-6.9788],[115.436,-6.9788],[115.4366,-6.9789],[115.4368,-6.979],[115.4371,-6.9793],[115.4373,-6.9795],[115.4378,-6.98],[115.4382,-6.9802],[115.4394,-6.9804],[115.4397,-6.9805],[115.4402,-6.9808],[115.4404,-6.9808],[115.4406,-6.9806],[115.4409,-6.9804],[115.4412,-6.9801],[115.4416,-6.9802],[115.442,-6.9803],[115.4421,-6.9803],[115.443,-6.9805],[115.4435,-6.9806],[115.444,-6.9804],[115.4441,-6.9804],[115.4443,-6.9803],[115.4451,-6.9804],[115.446,-6.9807],[115.4482,-6.981],[115.4491,-6.9812],[115.4496,-6.9815],[115.4505,-6.9827],[115.4508,-6.9829],[115.4513,-6.983],[115.4515,-6.9829],[115.452,-6.9824],[115.4521,-6.9822],[115.4521,-6.9821],[115.4519,-6.9819],[115.4519,-6.9818],[115.4517,-6.9817],[115.4514,-6.9815],[115.4512,-6.9813],[115.4512,-6.9811],[115.4511,-6.981],[115.4511,-6.9805],[115.4511,-6.9804],[115.451,-6.9801],[115.451,-6.98],[115.4509,-6.9798],[115.4505,-6.9795],[115.4505,-6.9794],[115.4497,-6.9783],[115.4493,-6.9776],[115.4492,-6.9774],[115.4491,-6.977],[115.4491,-6.9768],[115.4495,-6.9765],[115.4497,-6.9764],[115.4504,-6.9762],[115.4507,-6.9761],[115.4511,-6.9759],[115.452,-6.9756],[115.4521,-6.9756],[115.4524,-6.9758],[115.4525,-6.9758],[115.4527,-6.9761],[115.4533,-6.9766],[115.4536,-6.9767],[115.4542,-6.9767],[115.4543,-6.9767],[115.4547,-6.9766],[115.4551,-6.9768],[115.4552,-6.9769],[115.4553,-6.9774],[115.4556,-6.9786],[115.4559,-6.9799],[115.4561,-6.9801],[115.4561,-6.9802],[115.4563,-6.9803],[115.4566,-6.9803],[115.4569,-6.9805],[115.457,-6.9805],[115.457,-6.9806],[115.4573,-6.981],[115.4574,-6.981],[115.4577,-6.9809],[115.4579,-6.9807],[115.4583,-6.9804],[115.4591,-6.9796],[115.4592,-6.9794],[115.4602,-6.9784],[115.4605,-6.9783],[115.4608,-6.9782],[115.4611,-6.9782],[115.4615,-6.9781],[115.4622,-6.9776],[115.4625,-6.9774],[115.4629,-6.9775],[115.463,-6.9775],[115.4635,-6.9777],[115.464,-6.9778],[115.4641,-6.9777],[115.4644,-6.9773],[115.4644,-6.9772],[115.4645,-6.977],[115.4647,-6.9765],[115.4647,-6.9764],[115.4646,-6.9761],[115.4645,-6.9759],[115.464,-6.9755],[115.4637,-6.9753],[115.4632,-6.975],[115.4621,-6.9746],[115.4618,-6.9744],[115.4612,-6.9738],[115.4612,-6.9736],[115.4612,-6.9734],[115.4613,-6.973],[115.4615,-6.9728],[115.4618,-6.9726],[115.462,-6.9724],[115.462,-6.9722],[115.4621,-6.9721],[115.4623,-6.972],[115.4629,-6.9723],[115.4633,-6.9724],[115.4641,-6.9729],[115.4643,-6.973],[115.4646,-6.9732],[115.465,-6.9736],[115.4653,-6.9738],[115.4658,-6.9743],[115.4661,-6.9746],[115.4663,-6.975],[115.4664,-6.9751],[115.4669,-6.9761],[115.467,-6.9764],[115.4671,-6.9765],[115.4673,-6.9765],[115.4674,-6.9766],[115.4674,-6.9767],[115.4674,-6.9768],[115.4673,-6.9769],[115.4669,-6.977],[115.4668,-6.9771],[115.4667,-6.9776],[115.4666,-6.9778],[115.4666,-6.9779],[115.4664,-6.9784],[115.4664,-6.9788],[115.4665,-6.9797],[115.4663,-6.9809],[115.4662,-6.9813],[115.4654,-6.983],[115.4653,-6.9833],[115.4645,-6.9846],[115.4644,-6.9849],[115.4644,-6.985],[115.4637,-6.9865],[115.4636,-6.9869],[115.4633,-6.9878],[115.4633,-6.9879],[115.4633,-6.9884],[115.4633,-6.9885],[115.4638,-6.9896],[115.4642,-6.9909],[115.4645,-6.9914],[115.4652,-6.9925],[115.4653,-6.9928],[115.4654,-6.993],[115.4655,-6.9933],[115.4656,-6.9935],[115.4663,-6.9951],[115.4663,-6.9952],[115.4663,-6.9953],[115.4665,-6.9954],[115.4667,-6.9954],[115.4669,-6.9955],[115.467,-6.9957],[115.4673,-6.9961],[115.4675,-6.9964],[115.4678,-6.9968],[115.4684,-6.9974],[115.4686,-6.9976],[115.4692,-6.9981],[115.4695,-6.9985],[115.4695,-6.9986],[115.4699,-6.999],[115.4703,-6.9993],[115.4712,-6.9998],[115.4714,-7.0],[115.4715,-7.0003],[115.4716,-7.0005],[115.4719,-7.001],[115.4718,-7.0013],[115.4718,-7.0014],[115.4717,-7.0015],[115.4717,-7.0016],[115.4718,-7.0017],[115.4722,-7.002],[115.4724,-7.0022],[115.4725,-7.0025],[115.4725,-7.0026],[115.4725,-7.003],[115.4727,-7.0034],[115.4728,-7.0036],[115.473,-7.0037],[115.4731,-7.0037],[115.4736,-7.0036],[115.4738,-7.0037],[115.4741,-7.0038],[115.4752,-7.0045],[115.4761,-7.0051],[115.4764,-7.0054],[115.4764,-7.0055],[115.4765,-7.0056],[115.4764,-7.0058],[115.4763,-7.0058],[115.4757,-7.0062],[115.4755,-7.0062],[115.4746,-7.0061],[115.4744,-7.0061],[115.474,-7.0062],[115.4719,-7.0068],[115.4714,-7.0068],[115.4691,-7.0068],[115.4689,-7.0068],[115.4673,-7.0068],[115.4668,-7.0072],[115.4667,-7.0072],[115.4664,-7.0071],[115.4662,-7.007],[115.4661,-7.0068],[115.4656,-7.0063],[115.4651,-7.0061],[115.4646,-7.0058],[115.464,-7.0058],[115.4637,-7.0055],[115.4637,-7.0054],[115.4637,-7.0053],[115.4637,-7.0046],[115.4636,-7.0045],[115.4633,-7.0043],[115.4632,-7.0043],[115.4629,-7.0042],[115.4624,-7.0042],[115.4624,-7.0043],[115.4626,-7.0045],[115.4628,-7.0047],[115.4629,-7.0048],[115.463,-7.005],[115.4629,-7.0051],[115.4624,-7.0052],[115.4614,-7.0051],[115.461,-7.0051],[115.4606,-7.0051],[115.4605,-7.0049],[115.4604,-7.0046],[115.4603,-7.0045],[115.4597,-7.0042],[115.4596,-7.0042],[115.4595,-7.0043],[115.4581,-7.0046],[115.4574,-7.0046],[115.4568,-7.0044],[115.4561,-7.0042],[115.4553,-7.004],[115.455,-7.004],[115.4546,-7.004],[115.4535,-7.0041],[115.4534,-7.0041],[115.4505,-7.0038],[115.45,-7.0037],[115.4499,-7.0037],[115.4487,-7.0037],[115.4484,-7.0037],[115.4469,-7.0038],[115.4468,-7.0037],[115.4467,-7.0037],[115.4465,-7.0031],[115.4464,-7.003],[115.4463,-7.0025],[115.4462,-7.0024],[115.4459,-7.0022],[115.4453,-7.002],[115.4446,-7.0018],[115.444,-7.0016],[115.4439,-7.0016],[115.4648,-7.0087],[115.4751,-7.0092],[115.4813,-7.0067],[115.4751,-6.9953],[115.4707,-6.9875],[115.4759,-6.9792],[115.4825,-6.9667]]]}},{"type":"Feature","properties":{"name":"Pencadangan/Indikasi Kawasan Konservasi","fillColor":"#f60ada","fillOpacity":0.55},"geometry":{"type":"Polygon","coordinates":[[[115.5069,-6.9733],[115.5071,-6.9701],[115.5074,-6.9667],[115.49,-6.9667],[115.4944,-6.971],[115.4967,-6.9733],[115.5069,-6.9733]]]}},{"type":"Feature","properties":{"name":"Pencadangan/Indikasi Kawasan Konservasi","fillColor":"#f60ada","fillOpacity":0.55},"geometry":{"type":"Polygon","coordinates":[[[115.4137,-6.9854],[115.4133,-6.9853],[115.4129,-6.9851],[115.4126,-6.9849],[115.4125,-6.9848],[115.4124,-6.9848],[115.4122,-6.9847],[115.4118,-6.9845],[115.4118,-6.9844],[115.4116,-6.9843],[115.4113,-6.9839],[115.4113,-6.9838],[115.4112,-6.9837],[115.4112,-6.9834],[115.4111,-6.9828],[115.4111,-6.9827],[115.4111,-6.9826],[115.4109,-6.9824],[115.4107,-6.9822],[115.4101,-6.9818],[115.4094,-6.9812],[115.4092,-6.981],[115.4092,-6.9808],[115.4092,-6.9806],[115.4093,-6.9805],[115.4093,-6.9803],[115.4093,-6.9802],[115.4093,-6.9801],[115.4093,-6.98],[115.4092,-6.9798],[115.4091,-6.9795],[115.409,-6.9794],[115.4089,-6.9791],[115.409,-6.9786],[115.409,-6.9783],[115.409,-6.9782],[115.4091,-6.978],[115.4094,-6.9776],[115.4096,-6.9773],[115.4099,-6.9771],[115.4099,-6.977],[115.41,-6.977],[115.4103,-6.9767],[115.4108,-6.9764],[115.4114,-6.9759],[115.4116,-6.9756],[115.4118,-6.9754],[115.4119,-6.9752],[115.412,-6.9751],[115.4124,-6.9745],[115.4125,-6.9742],[115.4125,-6.9741],[115.4125,-6.974],[115.4124,-6.9739],[115.4124,-6.9738],[115.4122,-6.9732],[115.4121,-6.9726],[115.4121,-6.9717],[115.4121,-6.9709],[115.4121,-6.9703],[115.4121,-6.9697],[115.4121,-6.9695],[115.4121,-6.9694],[115.4121,-6.9693],[115.4122,-6.9688],[115.4121,-6.9683],[115.4121,-6.9681],[115.4121,-6.968],[115.4121,-6.9678],[115.412,-6.9676],[115.4119,-6.9675],[115.4118,-6.9673],[115.4115,-6.9667],[115.4077,-6.9667],[115.4078,-6.9815],[115.4078,-6.9851],[115.4078,-6.9878],[115.4194,-6.9878],[115.4202,-6.9878],[115.4202,-6.9776],[115.4202,-6.9705],[115.4202,-6.9667],[115.4174,-6.9667],[115.4173,-6.9667],[115.4172,-6.9668],[115.4172,-6.9669],[115.4173,-6.9676],[115.4173,-6.9677],[115.4173,-6.9679],[115.4173,-6.968],[115.4173,-6.9682],[115.4173,-6.9683],[115.4172,-6.9685],[115.4171,-6.9689],[115.417,-6.9691],[115.4166,-6.9697],[115.4164,-6.9701],[115.4163,-6.9702],[115.4161,-6.9707],[115.416,-6.9708],[115.4157,-6.9715],[115.4155,-6.972],[115.4154,-6.9721],[115.4153,-6.9723],[115.4153,-6.9724],[115.4152,-6.9729],[115.4151,-6.9731],[115.4149,-6.9734],[115.4145,-6.9738],[115.4144,-6.974],[115.4143,-6.9742],[115.4143,-6.9743],[115.4143,-6.9744],[115.4143,-6.9747],[115.4144,-6.9748],[115.4144,-6.9749],[115.4149,-6.9752],[115.4151,-6.9754],[115.4152,-6.9754],[115.4152,-6.9755],[115.4153,-6.9756],[115.4153,-6.9757],[115.4152,-6.976],[115.415,-6.9762],[115.415,-6.9764],[115.4149,-6.9766],[115.415,-6.9766],[115.415,-6.9767],[115.4156,-6.9775],[115.4157,-6.9775],[115.4157,-6.9776],[115.4158,-6.9777],[115.4162,-6.9777],[115.4163,-6.9777],[115.4166,-6.9779],[115.4166,-6.978],[115.4167,-6.978],[115.4167,-6.9781],[115.4169,-6.9786],[115.417,-6.9791],[115.417,-6.9793],[115.417,-6.9794],[115.417,-6.9795],[115.4169,-6.9797],[115.4168,-6.9799],[115.4168,-6.98],[115.4169,-6.9802],[115.4174,-6.9806],[115.4175,-6.9808],[115.4175,-6.9811],[115.4176,-6.9817],[115.4176,-6.9819],[115.4172,-6.9825],[115.4168,-6.9827],[115.4165,-6.983],[115.4164,-6.983],[115.4163,-6.9831],[115.4163,-6.9833],[115.4164,-6.9837],[115.4165,-6.9842],[115.4164,-6.9843],[115.4163,-6.9845],[115.4162,-6.9846],[115.4161,-6.9846],[115.416,-6.9846],[115.416,-6.9847],[115.4159,-6.9849],[115.4159,-6.985],[115.4157,-6.985],[115.4154,-6.9851],[115.4148,-6.9853],[115.4145,-6.9854],[115.4142,-6.9855],[115.4137,-6.9854]]]}},{"type":"Feature","properties":{"name":"Pencadangan/Indikasi Kawasan Konservasi","fillColor":"#f60ada","fillOpacity":0.55},"geometry":{"type":"MultiPolygon","coordinates":[[[[115.5615,-6.9667],[115.5556,-6.967],[115.5554,-6.9676],[115.5548,-6.9681],[115.554,-6.9683],[115.5531,-6.9684],[115.5525,-6.9684],[115.5522,-6.9682],[115.5522,-6.9681],[115.5524,-6.968],[115.5529,-6.968],[115.5531,-6.9678],[115.5529,-6.9674],[115.553,-6.9671],[115.5459,-6.9667],[115.5176,-6.9904],[115.5059,-6.9988],[115.4954,-7.0186],[115.5143,-7.0197],[115.5155,-7.017],[115.5139,-7.0165],[115.5135,-7.0164],[115.5115,-7.0161],[115.5093,-7.0156],[115.5077,-7.0153],[115.5061,-7.0151],[115.5052,-7.0146],[115.5046,-7.0144],[115.5044,-7.0143],[115.5046,-7.0141],[115.5053,-7.0139],[115.5054,-7.0136],[115.5053,-7.0134],[115.5055,-7.0132],[115.5058,-7.0131],[115.506,-7.0131],[115.5063,-7.0133],[115.5071,-7.0133],[115.5076,-7.0138],[115.5078,-7.0137],[115.5083,-7.0133],[115.5085,-7.0131],[115.5086,-7.0129],[115.5086,-7.0123],[115.5094,-7.0114],[115.51,-7.0107],[115.5103,-7.0102],[115.5109,-7.0091],[115.5111,-7.0082],[115.5114,-7.0076],[115.5118,-7.0072],[115.5126,-7.0067],[115.5134,-7.0065],[115.5147,-7.0063],[115.5154,-7.006],[115.5163,-7.0048],[115.5169,-7.0034],[115.5171,-7.003],[115.5173,-7.0027],[115.5174,-7.0026],[115.5176,-7.0028],[115.5176,-7.003],[115.5175,-7.0034],[115.5174,-7.0039],[115.5176,-7.0042],[115.5179,-7.0046],[115.5181,-7.0048],[115.5188,-7.0052],[115.5192,-7.0056],[115.5195,-7.0067],[115.5196,-7.0061],[115.5195,-7.0057],[115.5192,-7.0053],[115.5182,-7.0045],[115.5182,-7.0042],[115.5183,-7.0034],[115.5182,-7.0032],[115.518,-7.0027],[115.5176,-7.0022],[115.5177,-7.0018],[115.5175,-7.0013],[115.5172,-7.0008],[115.5168,-7.0002],[115.5169,-7.0],[115.5172,-6.9996],[115.5177,-6.9994],[115.5182,-6.9992],[115.5187,-6.9991],[115.5189,-6.9989],[115.519,-6.9983],[115.519,-6.998],[115.5192,-6.9978],[115.5195,-6.9978],[115.5206,-6.9978],[115.5214,-6.9977],[115.5222,-6.9976],[115.5232,-6.9976],[115.5237,-6.9974],[115.524,-6.9973],[115.5251,-6.9971],[115.5256,-6.9969],[115.5258,-6.9966],[115.5261,-6.9964],[115.5264,-6.9965],[115.5268,-6.9965],[115.5272,-6.996],[115.5276,-6.9955],[115.5278,-6.9952],[115.5284,-6.9944],[115.5284,-6.9931],[115.5279,-6.9917],[115.5279,-6.9913],[115.5283,-6.991],[115.5284,-6.9907],[115.5287,-6.9904],[115.5291,-6.9901],[115.5313,-6.9888],[115.5318,-6.9885],[115.5322,-6.9885],[115.5329,-6.9884],[115.534,-6.9882],[115.5346,-6.9881],[115.5349,-6.988],[115.5355,-6.988],[115.5368,-6.9882],[115.5377,-6.9881],[115.538,-6.9879],[115.5381,-6.9877],[115.5379,-6.9869],[115.5378,-6.9864],[115.5383,-6.9857],[115.5393,-6.985],[115.5399,-6.9844],[115.5401,-6.9842],[115.5405,-6.9839],[115.541,-6.9832],[115.5414,-6.983],[115.5419,-6.9826],[115.5421,-6.9823],[115.5424,-6.9819],[115.5429,-6.9815],[115.5436,-6.9816],[115.5444,-6.9817],[115.5447,-6.9818],[115.5451,-6.9824],[115.5452,-6.9828],[115.5453,-6.9831],[115.5456,-6.9835],[115.546,-6.9841],[115.5461,-6.9846],[115.546,-6.985],[115.5458,-6.9856],[115.5454,-6.9873],[115.5454,-6.988],[115.5454,-6.9884],[115.5454,-6.9888],[115.5455,-6.9891],[115.5457,-6.9898],[115.5458,-6.9903],[115.5457,-6.9909],[115.5455,-6.9915],[115.5454,-6.9917],[115.5452,-6.992],[115.5448,-6.9926],[115.5446,-6.9929],[115.5443,-6.9933],[115.5449,-6.9957],[115.5452,-6.9967],[115.5453,-6.9974],[115.5453,-6.9981],[115.5452,-6.9984],[115.5448,-6.999],[115.5443,-6.9993],[115.5438,-6.9993],[115.543,-6.9988],[115.5427,-6.9984],[115.5425,-6.9981],[115.5424,-6.9978],[115.5422,-6.9974],[115.5424,-6.9965],[115.5423,-6.9957],[115.5423,-6.9942],[115.5423,-6.9935],[115.5421,-6.9915],[115.542,-6.991],[115.5418,-6.9907],[115.5414,-6.9905],[115.5409,-6.9903],[115.5406,-6.9903],[115.5406,-6.9915],[115.5408,-6.9921],[115.5409,-6.9926],[115.5408,-6.9932],[115.5405,-6.9939],[115.5401,-6.9943],[115.5398,-6.9944],[115.5391,-6.9945],[115.5387,-6.9946],[115.5385,-6.9946],[115.5384,-6.9948],[115.5387,-6.9952],[115.5391,-6.9957],[115.5391,-6.996],[115.5389,-6.9971],[115.5389,-6.9973],[115.5386,-6.9981],[115.5383,-6.9984],[115.5378,-6.9988],[115.5376,-6.9991],[115.5373,-6.9998],[115.5374,-7.0],[115.5375,-7.0001],[115.5375,-7.0006],[115.5374,-7.0011],[115.5371,-7.0015],[115.5361,-7.0021],[115.5362,-7.0039],[115.5365,-7.0051],[115.5365,-7.0055],[115.5371,-7.0061],[115.5374,-7.0067],[115.5381,-7.0071],[115.5385,-7.0073],[115.5388,-7.0071],[115.5393,-7.0071],[115.5398,-7.0075],[115.5403,-7.0078],[115.5406,-7.008],[115.5407,-7.0082],[115.5408,-7.0085],[115.5409,-7.0087],[115.5406,-7.0089],[115.5402,-7.0089],[115.5397,-7.0088],[115.5394,-7.0086],[115.5391,-7.0085],[115.5389,-7.0085],[115.5388,-7.0084],[115.5386,-7.0081],[115.5384,-7.0077],[115.5382,-7.0075],[115.5372,-7.0073],[115.5367,-7.0073],[115.5363,-7.0074],[115.5364,-7.0084],[115.5365,-7.0093],[115.5367,-7.0098],[115.5375,-7.0103],[115.5377,-7.0106],[115.5382,-7.0113],[115.5384,-7.0117],[115.5386,-7.0123],[115.5384,-7.0133],[115.5383,-7.0163],[115.5382,-7.0173],[115.5381,-7.0183],[115.5381,-7.0186],[115.5379,-7.0193],[115.5384,-7.0199],[115.538,-7.0204],[115.5377,-7.0208],[115.5376,-7.0212],[115.5375,-7.0217],[115.5375,-7.0221],[115.5376,-7.0224],[115.538,-7.0224],[115.5382,-7.0222],[115.5384,-7.0221],[115.5385,-7.0222],[115.5385,-7.0226],[115.5384,-7.0228],[115.537,-7.0241],[115.536,-7.025],[115.5357,-7.0255],[115.5353,-7.0266],[115.5352,-7.0268],[115.5351,-7.0272],[115.5345,-7.0288],[115.5347,-7.0291],[115.5346,-7.0295],[115.5343,-7.0299],[115.5344,-7.0303],[115.5344,-7.0307],[115.5339,-7.0315],[115.5339,-7.0317],[115.5339,-7.0319],[115.5339,-7.0321],[115.5339,-7.0326],[115.5339,-7.0329],[115.5339,-7.0332],[115.5337,-7.0334],[115.5334,-7.0332],[115.5325,-7.033],[115.531,-7.0328],[115.533,-7.0366],[115.5606,-7.0188],[115.5612,-7.0099],[115.5489,-7.0065],[115.5586,-6.9847],[115.5615,-6.9667]]],[[[115.5015,-7.0145],[115.5013,-7.0144],[115.5012,-7.0143],[115.5013,-7.0141],[115.5015,-7.0137],[115.5017,-7.0135],[115.5018,-7.0135],[115.5019,-7.0134],[115.502,-7.0134],[115.5022,-7.0135],[115.5023,-7.0136],[115.5024,-7.0138],[115.5024,-7.0139],[115.5024,-7.014],[115.5024,-7.0141],[115.5023,-7.0142],[115.5019,-7.0144],[115.5016,-7.0145],[115.5015,-7.0145]]],[[[115.5421,-7.0088],[115.5424,-7.0088],[115.5425,-7.0089],[115.5426,-7.0089],[115.5427,-7.009],[115.5428,-7.0091],[115.5428,-7.0092],[115.5429,-7.0094],[115.5429,-7.0095],[115.5429,-7.0096],[115.5429,-7.0097],[115.5429,-7.0099],[115.5429,-7.0101],[115.5427,-7.0103],[115.5424,-7.0105],[115.5423,-7.0106],[115.5422,-7.0108],[115.5419,-7.0111],[115.5417,-7.0112],[115.5416,-7.0112],[115.5414,-7.0111],[115.5413,-7.0111],[115.5409,-7.0111],[115.5406,-7.0111],[115.5403,-7.011],[115.5401,-7.0109],[115.54,-7.0108],[115.5399,-7.0107],[115.5397,-7.0107],[115.5395,-7.0106],[115.5393,-7.0106],[115.5393,-7.0105],[115.5394,-7.0105],[115.5396,-7.0105],[115.5397,-7.0105],[115.54,-7.0104],[115.5401,-7.0104],[115.5404,-7.0104],[115.5406,-7.0104],[115.5409,-7.0103],[115.5411,-7.0102],[115.5411,-7.01],[115.5412,-7.0099],[115.5412,-7.0098],[115.5412,-7.0097],[115.5412,-7.0096],[115.5414,-7.0096],[115.5415,-7.0096],[115.5418,-7.0096],[115.542,-7.0096],[115.5421,-7.0096],[115.5421,-7.0094],[115.542,-7.0092],[115.542,-7.0091],[115.5419,-7.0091],[115.542,-7.0089],[115.5421,-7.0088]]],[[[115.5436,-7.0105],[115.5436,-7.0101],[115.5436,-7.01],[115.5437,-7.0099],[115.5438,-7.0098],[115.5439,-7.0099],[115.544,-7.0099],[115.5445,-7.0103],[115.5448,-7.0105],[115.5451,-7.0106],[115.5457,-7.0107],[115.5464,-7.0108],[115.5469,-7.0108],[115.547,-7.0108],[115.5476,-7.0109],[115.5483,-7.011],[115.5489,-7.0111],[115.5495,-7.0111],[115.5499,-7.011],[115.5506,-7.0109],[115.5512,-7.011],[115.5518,-7.0112],[115.5529,-7.0116],[115.5537,-7.0119],[115.5542,-7.0123],[115.5544,-7.0124],[115.5545,-7.0125],[115.5547,-7.0128],[115.5548,-7.013],[115.555,-7.0133],[115.555,-7.0135],[115.5551,-7.0136],[115.5552,-7.0138],[115.5552,-7.014],[115.5552,-7.0141],[115.5552,-7.0142],[115.5552,-7.0145],[115.5552,-7.0158],[115.5552,-7.0162],[115.5551,-7.0164],[115.5552,-7.017],[115.5551,-7.0182],[115.555,-7.0183],[115.555,-7.0184],[115.5547,-7.0186],[115.5546,-7.0187],[115.5535,-7.0194],[115.5532,-7.0196],[115.553,-7.0199],[115.5526,-7.0203],[115.5524,-7.0205],[115.5522,-7.0205],[115.5516,-7.0209],[115.5513,-7.0212],[115.5511,-7.0216],[115.5509,-7.0221],[115.5508,-7.0224],[115.5506,-7.0226],[115.5502,-7.0231],[115.55,-7.0236],[115.55,-7.0238],[115.55,-7.0241],[115.5499,-7.0243],[115.5498,-7.0244],[115.5498,-7.0246],[115.5496,-7.0251],[115.5495,-7.0251],[115.5494,-7.0252],[115.5493,-7.0254],[115.5491,-7.0255],[115.549,-7.0256],[115.5488,-7.0256],[115.5486,-7.0256],[115.5485,-7.0256],[115.5485,-7.0257],[115.5484,-7.0262],[115.5484,-7.0263],[115.5483,-7.0264],[115.5482,-7.0264],[115.548,-7.0262],[115.548,-7.0261],[115.5476,-7.0258],[115.5475,-7.0258],[115.5474,-7.0259],[115.5473,-7.026],[115.5472,-7.0261],[115.5471,-7.0262],[115.5469,-7.0262],[115.5466,-7.0263],[115.5461,-7.0264],[115.5457,-7.0266],[115.5446,-7.0271],[115.5435,-7.0275],[115.5432,-7.0276],[115.5428,-7.0277],[115.5415,-7.0279],[115.5414,-7.0278],[115.5413,-7.0276],[115.5413,-7.0273],[115.5414,-7.0272],[115.5415,-7.0265],[115.5416,-7.0264],[115.5417,-7.0263],[115.5419,-7.0262],[115.5421,-7.0261],[115.5421,-7.026],[115.5419,-7.0259],[115.5418,-7.0258],[115.5416,-7.0256],[115.5415,-7.0253],[115.5414,-7.0252],[115.5414,-7.025],[115.5413,-7.025],[115.5412,-7.0251],[115.5411,-7.0251],[115.5409,-7.0252],[115.5407,-7.0253],[115.5401,-7.0258],[115.54,-7.0258],[115.5399,-7.0258],[115.5398,-7.0257],[115.5395,-7.0253],[115.5394,-7.0252],[115.5394,-7.0251],[115.5396,-7.0249],[115.5398,-7.0248],[115.5399,-7.0248],[115.5402,-7.0246],[115.5403,-7.0245],[115.5402,-7.0244],[115.5402,-7.0243],[115.5402,-7.0242],[115.5401,-7.0241],[115.5401,-7.024],[115.5399,-7.0236],[115.54,-7.0235],[115.54,-7.0234],[115.5401,-7.0233],[115.5403,-7.023],[115.5403,-7.0229],[115.5403,-7.0228],[115.5402,-7.0228],[115.5401,-7.0228],[115.5399,-7.0228],[115.5396,-7.0228],[115.5394,-7.0228],[115.5395,-7.0227],[115.5395,-7.0219],[115.5396,-7.0216],[115.5397,-7.0213],[115.5398,-7.0211],[115.5399,-7.0208],[115.5398,-7.0203],[115.5398,-7.0198],[115.5397,-7.0194],[115.5397,-7.0189],[115.5397,-7.0187],[115.5396,-7.0182],[115.5396,-7.0181],[115.5397,-7.0176],[115.5397,-7.0171],[115.5398,-7.0164],[115.5399,-7.0162],[115.5399,-7.0161],[115.5399,-7.0158],[115.5401,-7.0152],[115.5402,-7.0145],[115.5403,-7.0143],[115.5404,-7.0141],[115.5404,-7.0139],[115.5405,-7.0138],[115.5408,-7.0135],[115.5411,-7.0133],[115.5412,-7.0132],[115.5415,-7.0131],[115.5423,-7.0127],[115.5426,-7.0125],[115.5432,-7.012],[115.5434,-7.0119],[115.5434,-7.0118],[115.5436,-7.0116],[115.5436,-7.0113],[115.5436,-7.0105]]],[[[115.5335,-7.0342],[115.5334,-7.0341],[115.5333,-7.0341],[115.5332,-7.0339],[115.5332,-7.0338],[115.5332,-7.0337],[115.5333,-7.0337],[115.5335,-7.0337],[115.5336,-7.0337],[115.5337,-7.0337],[115.5337,-7.0338],[115.5339,-7.0339],[115.5339,-7.034],[115.5339,-7.0341],[115.5338,-7.0341],[115.5338,-7.0342],[115.5337,-7.0343],[115.5335,-7.0342]]]]}},{"type":"Feature","properties":{"name":"Pencadangan/Indikasi Kawasan Konservasi","fillColor":"#f60ada","fillOpacity":0.55},"geometry":{"type":"Polygon","coordinates":[[[115.5678,-6.9],[115.5679,-6.9],[115.5674,-6.8997],[115.5667,-6.8992],[115.5667,-6.9],[115.5678,-6.9]]]}},{"type":"Feature","properties":{"name":"Pencadangan/Indikasi Kawasan Konservasi","fillColor":"#f60ada","fillOpacity":0.55},"geometry":{"type":"Polygon","coordinates":[[[115.478,-6.85],[115.4766,-6.8494],[115.4749,-6.8487],[115.4732,-6.848],[115.4715,-6.8473],[115.4698,-6.8466],[115.4681,-6.8459],[115.4667,-6.8454],[115.4667,-6.85],[115.478,-6.85]]]}},{"type":"Feature","properties":{"name":"Pencadangan/Indikasi Kawasan Konservasi","fillColor":"#f60ada","fillOpacity":0.55},"geometry":{"type":"Polygon","coordinates":[[[115.4325,-6.8333],[115.4313,-6.833],[115.4295,-6.8324],[115.4277,-6.8319],[115.426,-6.8314],[115.4242,-6.8308],[115.4224,-6.8303],[115.4206,-6.8298],[115.4188,-6.8293],[115.417,-6.8288],[115.4152,-6.8283],[115.4136,-6.8279],[115.4118,-6.8275],[115.41,-6.8272],[115.4082,-6.8268],[115.4063,-6.8264],[115.4045,-6.8261],[115.4026,-6.8258],[115.4008,-6.8254],[115.4,-6.8253],[115.4,-6.8333],[115.4325,-6.8333]]]}},{"type":"Feature","properties":{"name":"Pencadangan/Indikasi Kawasan Konservasi","fillColor":"#f60ada","fillOpacity":0.55},"geometry":{"type":"MultiPolygon","coordinates":[[[[115.797,-6.7845],[115.7959,-6.7846],[115.7746,-6.7845],[115.7712,-6.7958],[115.7532,-6.8564],[115.7423,-6.9],[115.7833,-6.9],[115.7833,-6.875],[115.85,-6.875],[115.85,-6.9],[115.8717,-6.9],[115.8718,-6.8492],[115.8424,-6.7951],[115.8367,-6.7847],[115.8285,-6.7847],[115.7974,-6.7846],[115.797,-6.7845]]],[[[115.7989,-6.7947],[115.7988,-6.7946],[115.7988,-6.7945],[115.7988,-6.7944],[115.7989,-6.7944],[115.7989,-6.7943],[115.799,-6.7943],[115.7991,-6.7944],[115.7992,-6.7944],[115.7992,-6.7945],[115.7992,-6.7946],[115.7991,-6.7947],[115.799,-6.7947],[115.7989,-6.7947]]],[[[115.7986,-6.7967],[115.7985,-6.7967],[115.7984,-6.7966],[115.7985,-6.7965],[115.7985,-6.7964],[115.7986,-6.7964],[115.7987,-6.7965],[115.7988,-6.7965],[115.7988,-6.7966],[115.7988,-6.7967],[115.7988,-6.7968],[115.7987,-6.7968],[115.7986,-6.7967]]]]}},{"type":"Feature","properties":{"name":"Pencadangan/Indikasi Kawasan Konservasi","fillColor":"#f60ada","fillOpacity":0.55},"geometry":{"type":"Polygon","coordinates":[[[111.7258,-8.369],[111.7257,-8.3687],[111.7255,-8.3683],[111.7254,-8.368],[111.7252,-8.3677],[111.7251,-8.3674],[111.7251,-8.3673],[111.7232,-8.3673],[111.7232,-8.3674],[111.7233,-8.3674],[111.7233,-8.3675],[111.7234,-8.3675],[111.7234,-8.3676],[111.7235,-8.3677],[111.7235,-8.3678],[111.7235,-8.3679],[111.7235,-8.368],[111.7236,-8.3681],[111.7237,-8.3682],[111.7238,-8.3683],[111.7239,-8.3684],[111.724,-8.3685],[111.724,-8.3686],[111.724,-8.3687],[111.7239,-8.3688],[111.7238,-8.3688],[111.7237,-8.3688],[111.7236,-8.3688],[111.7235,-8.3688],[111.7234,-8.3688],[111.7233,-8.3689],[111.7232,-8.3689],[111.7231,-8.369],[111.723,-8.369],[111.723,-8.3691],[111.7229,-8.3691],[111.7228,-8.3691],[111.7228,-8.369],[111.7227,-8.369],[111.7227,-8.3689],[111.7227,-8.3688],[111.7227,-8.3687],[111.7226,-8.3687],[111.7226,-8.3686],[111.7225,-8.3686],[111.7225,-8.3687],[111.7224,-8.3687],[111.7224,-8.3688],[111.7223,-8.3688],[111.7222,-8.3688],[111.7221,-8.3687],[111.722,-8.3687],[111.7219,-8.3687],[111.7219,-8.3688],[111.7218,-8.3688],[111.7217,-8.3689],[111.7216,-8.3689],[111.7215,-8.3689],[111.7214,-8.3689],[111.7213,-8.3689],[111.7212,-8.3689],[111.7211,-8.3689],[111.721,-8.3689],[111.7209,-8.369],[111.7208,-8.369],[111.7207,-8.3691],[111.7206,-8.3691],[111.7206,-8.3692],[111.7206,-8.3693],[111.7206,-8.3694],[111.7205,-8.3695],[111.7205,-8.3696],[111.7205,-8.3697],[111.7205,-8.3698],[111.7205,-8.3699],[111.7204,-8.3699],[111.7204,-8.37],[111.7203,-8.3701],[111.7202,-8.3701],[111.7201,-8.3701],[111.7201,-8.3702],[111.72,-8.3702],[111.72,-8.3703],[111.72,-8.3704],[111.7201,-8.3704],[111.7201,-8.3705],[111.7201,-8.3706],[111.7202,-8.3707],[111.7202,-8.3708],[111.7203,-8.3708],[111.7203,-8.3709],[111.7202,-8.3709],[111.7202,-8.371],[111.7201,-8.371],[111.72,-8.371],[111.7199,-8.3709],[111.7198,-8.3708],[111.7198,-8.3714],[111.7198,-8.3762],[111.7232,-8.3762],[111.7273,-8.3762],[111.7273,-8.376],[111.7273,-8.3757],[111.7272,-8.3753],[111.7272,-8.3749],[111.7272,-8.3746],[111.7271,-8.3742],[111.7271,-8.3739],[111.7271,-8.3738],[111.727,-8.3735],[111.727,-8.3732],[111.7269,-8.3728],[111.7268,-8.3725],[111.7268,-8.3721],[111.7267,-8.3718],[111.7266,-8.3714],[111.7265,-8.3711],[111.7265,-8.3709],[111.7264,-8.3709],[111.7263,-8.371],[111.7262,-8.3711],[111.7262,-8.3712],[111.7262,-8.3713],[111.7261,-8.3713],[111.726,-8.3713],[111.7259,-8.3714],[111.7258,-8.3714],[111.7257,-8.3715],[111.7257,-8.3714],[111.7256,-8.3714],[111.7255,-8.3714],[111.7254,-8.3714],[111.7253,-8.3714],[111.7252,-8.3713],[111.7251,-8.3713],[111.7251,-8.3712],[111.7251,-8.3711],[111.7251,-8.371],[111.7252,-8.3709],[111.7252,-8.3708],[111.7252,-8.3707],[111.7252,-8.3706],[111.7252,-8.3705],[111.7252,-8.3704],[111.7252,-8.3703],[111.7252,-8.3702],[111.7252,-8.3701],[111.7251,-8.3701],[111.725,-8.37],[111.725,-8.3699],[111.7251,-8.3699],[111.7251,-8.3698],[111.7252,-8.3698],[111.7252,-8.3697],[111.7253,-8.3697],[111.7254,-8.3697],[111.7255,-8.3697],[111.7255,-8.3698],[111.7256,-8.3698],[111.7256,-8.3699],[111.7257,-8.3699],[111.7258,-8.3699],[111.7258,-8.37],[111.7259,-8.3701],[111.726,-8.3701],[111.7261,-8.3702],[111.7262,-8.3702],[111.7262,-8.3703],[111.7263,-8.3703],[111.7262,-8.37],[111.7261,-8.3697],[111.7259,-8.3693],[111.7258,-8.369]]]}},{"type":"Feature","properties":{"name":"Pencadangan/Indikasi Kawasan Konservasi","fillColor":"#f60ada","fillOpacity":0.55},"geometry":{"type":"MultiPolygon","coordinates":[[[[111.8028,-8.3544],[111.8027,-8.3543],[111.8025,-8.3541],[111.8024,-8.354],[111.8023,-8.3539],[111.7998,-8.3514],[111.7959,-8.3475],[111.792,-8.3437],[111.7875,-8.3482],[111.7838,-8.3519],[111.7799,-8.3558],[111.7758,-8.3599],[111.7712,-8.3645],[111.7679,-8.3678],[111.7679,-8.368],[111.7708,-8.3709],[111.775,-8.3751],[111.78,-8.3801],[111.7829,-8.383],[111.7853,-8.3806],[111.7898,-8.3761],[111.794,-8.3719],[111.7992,-8.3667],[111.8037,-8.3621],[111.8071,-8.3588],[111.8071,-8.3587],[111.8044,-8.356],[111.8028,-8.3544]]],[[[111.7962,-8.3547],[111.7962,-8.3546],[111.7962,-8.3545],[111.7963,-8.3546],[111.7964,-8.3546],[111.7964,-8.3547],[111.7962,-8.3547]]],[[[111.7965,-8.356],[111.7965,-8.3559],[111.7964,-8.3558],[111.7962,-8.3557],[111.7961,-8.3556],[111.796,-8.3555],[111.796,-8.3553],[111.7962,-8.3551],[111.7963,-8.355],[111.7965,-8.3549],[111.7968,-8.355],[111.797,-8.3553],[111.7972,-8.3555],[111.7977,-8.3559],[111.7982,-8.3563],[111.7983,-8.3563],[111.7986,-8.3564],[111.7987,-8.3566],[111.7989,-8.3569],[111.799,-8.357],[111.7991,-8.3572],[111.7994,-8.3574],[111.7996,-8.3577],[111.7998,-8.3579],[111.7998,-8.358],[111.7998,-8.3581],[111.7997,-8.3581],[111.7995,-8.3581],[111.7994,-8.3581],[111.7994,-8.3582],[111.7995,-8.3583],[111.7995,-8.3585],[111.7994,-8.3586],[111.7991,-8.3588],[111.7989,-8.3589],[111.7986,-8.3589],[111.7984,-8.3587],[111.7982,-8.3586],[111.7979,-8.3586],[111.7976,-8.3585],[111.7975,-8.3584],[111.7972,-8.3583],[111.7971,-8.3583],[111.7969,-8.3582],[111.7967,-8.3581],[111.7965,-8.3579],[111.7964,-8.3578],[111.7962,-8.3575],[111.796,-8.3573],[111.7959,-8.3571],[111.7959,-8.3569],[111.7959,-8.3568],[111.796,-8.3568],[111.7961,-8.3567],[111.7961,-8.3566],[111.7961,-8.3565],[111.7961,-8.3564],[111.7961,-8.3563],[111.7961,-8.3562],[111.7961,-8.3561],[111.7962,-8.3561],[111.7963,-8.3561],[111.7964,-8.3561],[111.7965,-8.356]]],[[[111.7854,-8.3662],[111.7857,-8.3659],[111.7858,-8.3658],[111.7859,-8.3656],[111.786,-8.3656],[111.7861,-8.3656],[111.7863,-8.3656],[111.7866,-8.3654],[111.7867,-8.3653],[111.7868,-8.3653],[111.7869,-8.3654],[111.7869,-8.3655],[111.7869,-8.3656],[111.787,-8.3656],[111.7871,-8.3656],[111.7871,-8.3658],[111.787,-8.3659],[111.7869,-8.3659],[111.7868,-8.3658],[111.7867,-8.3658],[111.7867,-8.3659],[111.7866,-8.366],[111.7864,-8.3661],[111.7863,-8.3662],[111.7862,-8.3662],[111.7861,-8.3661],[111.786,-8.3661],[111.7859,-8.3662],[111.7858,-8.3663],[111.7856,-8.3663],[111.7855,-8.3663],[111.7854,-8.3663],[111.7854,-8.3662]]],[[[111.7798,-8.3663],[111.7801,-8.3663],[111.7803,-8.3664],[111.7807,-8.3665],[111.7812,-8.3667],[111.7815,-8.3667],[111.7818,-8.3667],[111.7819,-8.3666],[111.7821,-8.3666],[111.7822,-8.3667],[111.7823,-8.3668],[111.7825,-8.3669],[111.7827,-8.3668],[111.783,-8.3668],[111.7832,-8.3669],[111.7834,-8.367],[111.7834,-8.3671],[111.7836,-8.3671],[111.7837,-8.3671],[111.7839,-8.367],[111.784,-8.3671],[111.784,-8.3676],[111.784,-8.3677],[111.7839,-8.368],[111.7839,-8.3681],[111.7839,-8.3682],[111.7839,-8.3683],[111.7842,-8.3686],[111.7844,-8.3688],[111.7844,-8.369],[111.7845,-8.3694],[111.7844,-8.3698],[111.7844,-8.3702],[111.7843,-8.3704],[111.7841,-8.3705],[111.784,-8.3704],[111.7838,-8.3702],[111.7836,-8.3698],[111.7834,-8.3695],[111.7831,-8.3692],[111.7828,-8.369],[111.7827,-8.3689],[111.7825,-8.3689],[111.7823,-8.3688],[111.7823,-8.3686],[111.7822,-8.3684],[111.7822,-8.3683],[111.7821,-8.3682],[111.7819,-8.3682],[111.7817,-8.3682],[111.7814,-8.3683],[111.7811,-8.3681],[111.7807,-8.3679],[111.7805,-8.3677],[111.7803,-8.3676],[111.7801,-8.3675],[111.7799,-8.3675],[111.7797,-8.3676],[111.7796,-8.3677],[111.7795,-8.3678],[111.7793,-8.3678],[111.7789,-8.3675],[111.7789,-8.3674],[111.7788,-8.3672],[111.7788,-8.367],[111.7788,-8.3667],[111.7788,-8.3666],[111.7789,-8.3665],[111.779,-8.3664],[111.779,-8.3663],[111.7791,-8.3662],[111.7793,-8.3662],[111.7798,-8.3663]]],[[[111.7833,-8.3698],[111.7834,-8.3698],[111.7834,-8.3699],[111.7834,-8.37],[111.7834,-8.3701],[111.7833,-8.3701],[111.7832,-8.3701],[111.7831,-8.3701],[111.783,-8.3701],[111.783,-8.37],[111.783,-8.3699],[111.783,-8.3698],[111.7831,-8.3697],[111.7832,-8.3697],[111.7833,-8.3698]]],[[[111.7793,-8.3683],[111.7792,-8.3684],[111.7792,-8.3686],[111.7791,-8.3687],[111.7789,-8.3687],[111.7786,-8.3689],[111.7783,-8.369],[111.7781,-8.3692],[111.778,-8.3693],[111.7776,-8.3694],[111.7774,-8.3695],[111.7773,-8.3694],[111.7772,-8.3693],[111.7771,-8.369],[111.7772,-8.3688],[111.7773,-8.3686],[111.7773,-8.3683],[111.7773,-8.3682],[111.7773,-8.3681],[111.7773,-8.368],[111.7775,-8.3679],[111.7777,-8.3675],[111.7778,-8.3675],[111.7779,-8.3676],[111.778,-8.3676],[111.7782,-8.3676],[111.7783,-8.3676],[111.7786,-8.3676],[111.7789,-8.3678],[111.7792,-8.368],[111.7793,-8.3681],[111.7793,-8.3682],[111.7793,-8.3683]]]]}},{"type":"Feature","properties":{"name":"Pencadangan/Indikasi Kawasan Konservasi","fillColor":"#f60ada","fillOpacity":0.55},"geometry":{"type":"MultiPolygon","coordinates":[[[[111.7843,-8.3202],[111.7796,-8.3243],[111.7799,-8.3244],[111.78,-8.3245],[111.7803,-8.3246],[111.7806,-8.3246],[111.7807,-8.3248],[111.781,-8.3248],[111.7811,-8.3246],[111.7814,-8.3246],[111.7815,-8.3247],[111.7814,-8.3249],[111.7813,-8.3252],[111.7814,-8.3253],[111.7815,-8.3256],[111.7815,-8.3258],[111.7817,-8.326],[111.7816,-8.3261],[111.7814,-8.3259],[111.7812,-8.3256],[111.7811,-8.3255],[111.7809,-8.3253],[111.7807,-8.3253],[111.7805,-8.3254],[111.7802,-8.3254],[111.78,-8.3255],[111.7797,-8.3255],[111.7795,-8.3255],[111.7794,-8.3257],[111.7791,-8.3256],[111.7789,-8.3256],[111.7788,-8.3254],[111.7787,-8.3253],[111.7784,-8.3252],[111.7782,-8.3251],[111.778,-8.3254],[111.7777,-8.3254],[111.7775,-8.3252],[111.7773,-8.3253],[111.7771,-8.3253],[111.7768,-8.3254],[111.7765,-8.3253],[111.7764,-8.3255],[111.7763,-8.3257],[111.7761,-8.3257],[111.7759,-8.3257],[111.7757,-8.3257],[111.7757,-8.326],[111.7756,-8.3262],[111.7754,-8.3263],[111.7751,-8.3264],[111.7749,-8.3263],[111.7747,-8.3264],[111.7745,-8.3263],[111.7743,-8.3263],[111.774,-8.3265],[111.7738,-8.3265],[111.7736,-8.3267],[111.7734,-8.3269],[111.7732,-8.3268],[111.773,-8.3269],[111.7729,-8.327],[111.7726,-8.3272],[111.7725,-8.3273],[111.7722,-8.3274],[111.7719,-8.3274],[111.7717,-8.3274],[111.7713,-8.3274],[111.7712,-8.3275],[111.771,-8.3276],[111.7708,-8.3277],[111.7706,-8.3278],[111.7703,-8.3279],[111.7701,-8.328],[111.7698,-8.3282],[111.7696,-8.3283],[111.7695,-8.3285],[111.7693,-8.3286],[111.7692,-8.3288],[111.7691,-8.3291],[111.7689,-8.3293],[111.7687,-8.3295],[111.7683,-8.3297],[111.7682,-8.3298],[111.7679,-8.3301],[111.7678,-8.3302],[111.7675,-8.3303],[111.7673,-8.3304],[111.7671,-8.3303],[111.7668,-8.3302],[111.7668,-8.3304],[111.7664,-8.3306],[111.7662,-8.3305],[111.7659,-8.3305],[111.7658,-8.3308],[111.7656,-8.3307],[111.7655,-8.3309],[111.7655,-8.3311],[111.7654,-8.3314],[111.7652,-8.3316],[111.765,-8.3318],[111.765,-8.332],[111.7648,-8.3321],[111.7646,-8.3322],[111.7644,-8.3325],[111.7642,-8.3326],[111.7639,-8.3327],[111.7637,-8.3329],[111.7634,-8.3331],[111.7633,-8.3333],[111.7632,-8.3336],[111.7632,-8.3339],[111.7632,-8.3341],[111.7632,-8.3344],[111.7631,-8.3346],[111.7628,-8.3348],[111.7628,-8.3351],[111.7629,-8.3353],[111.763,-8.3355],[111.7629,-8.3356],[111.7626,-8.3359],[111.7624,-8.3357],[111.7623,-8.3354],[111.7621,-8.3352],[111.7621,-8.335],[111.7619,-8.3347],[111.7618,-8.3346],[111.7615,-8.3345],[111.7613,-8.3347],[111.7611,-8.3348],[111.7609,-8.3349],[111.7608,-8.335],[111.7608,-8.3353],[111.7606,-8.3351],[111.7605,-8.335],[111.7604,-8.3347],[111.7602,-8.3346],[111.7599,-8.3346],[111.7598,-8.3345],[111.7596,-8.3344],[111.7594,-8.3342],[111.7592,-8.3342],[111.7589,-8.3342],[111.7587,-8.3344],[111.7584,-8.3344],[111.7581,-8.3345],[111.7579,-8.3346],[111.7577,-8.335],[111.7576,-8.3353],[111.7574,-8.3355],[111.7573,-8.3357],[111.7572,-8.336],[111.7572,-8.3363],[111.7572,-8.3365],[111.7571,-8.3368],[111.757,-8.337],[111.7569,-8.3372],[111.7567,-8.3374],[111.7566,-8.3376],[111.7563,-8.3378],[111.7561,-8.3378],[111.7558,-8.3379],[111.7555,-8.3379],[111.7553,-8.338],[111.7553,-8.3383],[111.7552,-8.3384],[111.755,-8.3386],[111.755,-8.3388],[111.755,-8.3391],[111.7549,-8.3393],[111.7547,-8.3393],[111.7544,-8.3393],[111.7543,-8.3394],[111.7541,-8.3396],[111.7539,-8.3398],[111.7538,-8.3398],[111.7536,-8.3396],[111.7534,-8.3395],[111.7531,-8.3393],[111.753,-8.339],[111.753,-8.3388],[111.753,-8.3385],[111.7528,-8.3385],[111.7524,-8.3385],[111.7523,-8.3387],[111.7521,-8.3388],[111.7519,-8.339],[111.7518,-8.3392],[111.7515,-8.3392],[111.7513,-8.3392],[111.751,-8.3393],[111.7509,-8.3395],[111.7509,-8.3397],[111.7509,-8.3398],[111.7508,-8.3399],[111.7507,-8.3401],[111.7506,-8.34],[111.7503,-8.34],[111.75,-8.3401],[111.75,-8.3399],[111.7498,-8.3398],[111.7497,-8.3399],[111.7497,-8.3401],[111.7498,-8.3404],[111.7497,-8.3406],[111.7499,-8.3407],[111.75,-8.3409],[111.7497,-8.3409],[111.7494,-8.3409],[111.7492,-8.3408],[111.749,-8.3406],[111.749,-8.3404],[111.749,-8.3401],[111.7489,-8.34],[111.7487,-8.3398],[111.7488,-8.3396],[111.7489,-8.3394],[111.7491,-8.3392],[111.7491,-8.339],[111.7493,-8.3391],[111.7495,-8.3392],[111.7496,-8.3391],[111.7495,-8.3389],[111.7494,-8.339],[111.7491,-8.3389],[111.749,-8.3387],[111.7489,-8.3386],[111.7487,-8.3383],[111.7485,-8.3382],[111.7482,-8.3381],[111.7481,-8.338],[111.7479,-8.3377],[111.7477,-8.3375],[111.7476,-8.3373],[111.7475,-8.337],[111.7474,-8.3369],[111.7474,-8.3366],[111.7474,-8.3363],[111.7473,-8.3361],[111.7472,-8.3358],[111.7472,-8.3356],[111.7473,-8.3353],[111.7475,-8.3351],[111.7473,-8.3349],[111.7472,-8.3346],[111.7471,-8.3345],[111.7469,-8.3344],[111.7467,-8.3344],[111.7467,-8.3341],[111.7465,-8.334],[111.7463,-8.3341],[111.7459,-8.3342],[111.7457,-8.3342],[111.7456,-8.334],[111.7454,-8.3338],[111.7453,-8.3337],[111.745,-8.3337],[111.7448,-8.3338],[111.7446,-8.3336],[111.7444,-8.3335],[111.7443,-8.3333],[111.744,-8.3334],[111.7439,-8.3333],[111.7436,-8.3333],[111.7435,-8.3334],[111.7433,-8.3333],[111.7431,-8.3331],[111.7429,-8.3332],[111.7427,-8.3331],[111.7426,-8.333],[111.7424,-8.3329],[111.7422,-8.3329],[111.7419,-8.3328],[111.7416,-8.3329],[111.7414,-8.3329],[111.7413,-8.3332],[111.7411,-8.3332],[111.741,-8.333],[111.7408,-8.3329],[111.7407,-8.3328],[111.7406,-8.3326],[111.7406,-8.3324],[111.7405,-8.3321],[111.7402,-8.3321],[111.7401,-8.332],[111.7402,-8.3322],[111.7402,-8.3324],[111.7402,-8.3327],[111.7399,-8.3327],[111.7396,-8.3327],[111.7394,-8.3326],[111.7393,-8.3331],[111.7401,-8.3368],[111.7404,-8.3379],[111.7447,-8.3479],[111.7453,-8.3495],[111.748,-8.3559],[111.7599,-8.3502],[111.7689,-8.3422],[111.7843,-8.3202]]],[[[111.7834,-8.3268],[111.7833,-8.3268],[111.7833,-8.3267],[111.7835,-8.3266],[111.7836,-8.3266],[111.7838,-8.3266],[111.7839,-8.3267],[111.7838,-8.3269],[111.7838,-8.327],[111.7836,-8.327],[111.7834,-8.3268]]],[[[111.7584,-8.3378],[111.7582,-8.3377],[111.7582,-8.3376],[111.7582,-8.3375],[111.7582,-8.3374],[111.7583,-8.3373],[111.7584,-8.3372],[111.7585,-8.3372],[111.7585,-8.3373],[111.7586,-8.3373],[111.7586,-8.3375],[111.7587,-8.3375],[111.7586,-8.3376],[111.7585,-8.3378],[111.7584,-8.3378]]],[[[111.7578,-8.3392],[111.7579,-8.3391],[111.758,-8.3391],[111.7581,-8.3391],[111.7581,-8.3392],[111.7581,-8.3393],[111.758,-8.3396],[111.7579,-8.3396],[111.7579,-8.3397],[111.7578,-8.3398],[111.7578,-8.3399],[111.7577,-8.34],[111.7577,-8.3401],[111.7576,-8.3402],[111.7575,-8.3403],[111.7575,-8.3404],[111.7575,-8.3405],[111.7577,-8.3405],[111.7579,-8.3405],[111.758,-8.3405],[111.758,-8.3406],[111.7579,-8.3407],[111.7579,-8.3408],[111.7579,-8.3409],[111.7577,-8.341],[111.7576,-8.341],[111.7575,-8.3409],[111.7574,-8.3408],[111.7574,-8.3406],[111.7574,-8.3405],[111.7573,-8.3404],[111.7572,-8.3404],[111.7572,-8.3403],[111.7571,-8.3402],[111.7572,-8.3401],[111.7573,-8.34],[111.7574,-8.3397],[111.7575,-8.3397],[111.7576,-8.3394],[111.7578,-8.3392]]],[[[111.7536,-8.34],[111.7536,-8.3401],[111.7537,-8.3401],[111.7536,-8.3401],[111.7536,-8.3402],[111.7535,-8.3401],[111.7535,-8.34],[111.7536,-8.34]]],[[[111.7586,-8.3417],[111.7587,-8.3416],[111.7587,-8.3415],[111.7588,-8.3415],[111.7589,-8.3415],[111.7589,-8.3414],[111.759,-8.3414],[111.7591,-8.3415],[111.7592,-8.3415],[111.7593,-8.3416],[111.7592,-8.3416],[111.7592,-8.3417],[111.7591,-8.3418],[111.7591,-8.3419],[111.7592,-8.342],[111.7593,-8.3421],[111.7595,-8.3421],[111.7596,-8.3422],[111.7596,-8.3423],[111.7596,-8.3424],[111.7595,-8.3424],[111.7595,-8.3425],[111.7596,-8.3426],[111.7597,-8.3426],[111.7597,-8.3427],[111.7597,-8.3428],[111.7598,-8.3429],[111.7599,-8.343],[111.7599,-8.3431],[111.76,-8.3432],[111.7601,-8.3433],[111.7602,-8.3434],[111.7603,-8.3435],[111.7604,-8.3435],[111.7605,-8.3436],[111.7605,-8.3437],[111.7605,-8.3438],[111.7604,-8.3437],[111.7603,-8.3437],[111.7601,-8.3436],[111.7601,-8.3435],[111.76,-8.3434],[111.7599,-8.3433],[111.7598,-8.3432],[111.7597,-8.3431],[111.7596,-8.343],[111.7595,-8.343],[111.7594,-8.3429],[111.7593,-8.3428],[111.7593,-8.3427],[111.7593,-8.3426],[111.7593,-8.3425],[111.7592,-8.3424],[111.7591,-8.3423],[111.7591,-8.3422],[111.759,-8.3421],[111.7589,-8.342],[111.7589,-8.3419],[111.7589,-8.3418],[111.7588,-8.3418],[111.7587,-8.3418],[111.7587,-8.3419],[111.7587,-8.342],[111.7587,-8.3421],[111.7586,-8.3421],[111.7585,-8.3422],[111.7584,-8.3423],[111.7583,-8.3424],[111.7582,-8.3424],[111.7582,-8.3425],[111.7582,-8.3426],[111.7583,-8.3427],[111.7582,-8.3428],[111.7581,-8.3428],[111.758,-8.3427],[111.758,-8.3426],[111.7579,-8.3425],[111.7579,-8.3424],[111.7578,-8.3425],[111.7577,-8.3425],[111.7576,-8.3425],[111.7575,-8.3425],[111.7575,-8.3424],[111.7575,-8.3423],[111.7576,-8.3421],[111.7576,-8.342],[111.7577,-8.3419],[111.7578,-8.3419],[111.7579,-8.3418],[111.7579,-8.3419],[111.7581,-8.3419],[111.7582,-8.3418],[111.7583,-8.3418],[111.7583,-8.3417],[111.7584,-8.3417],[111.7586,-8.3417]]],[[[111.749,-8.3438],[111.7491,-8.3439],[111.749,-8.3439],[111.749,-8.344],[111.7491,-8.3443],[111.749,-8.3444],[111.7489,-8.3445],[111.7488,-8.3446],[111.7486,-8.3448],[111.7483,-8.3451],[111.7482,-8.3452],[111.7481,-8.3453],[111.7478,-8.3454],[111.7477,-8.3453],[111.7479,-8.3451],[111.7484,-8.3446],[111.7485,-8.3445],[111.7489,-8.3437],[111.749,-8.3438]]],[[[111.7566,-8.343],[111.7567,-8.3431],[111.7566,-8.3432],[111.7566,-8.3433],[111.7564,-8.3434],[111.7563,-8.3433],[111.7563,-8.3432],[111.7563,-8.3431],[111.7565,-8.343],[111.7566,-8.343]]],[[[111.7461,-8.3484],[111.7462,-8.3483],[111.7461,-8.3482],[111.746,-8.3481],[111.7458,-8.3481],[111.7457,-8.348],[111.7455,-8.3479],[111.7454,-8.3478],[111.7453,-8.3477],[111.7453,-8.3476],[111.7453,-8.3474],[111.7453,-8.3473],[111.7454,-8.3472],[111.7455,-8.3471],[111.7456,-8.347],[111.7457,-8.347],[111.7457,-8.3469],[111.7459,-8.3468],[111.746,-8.3467],[111.7462,-8.3465],[111.7462,-8.3464],[111.7463,-8.3464],[111.7464,-8.3464],[111.7465,-8.3463],[111.7465,-8.3464],[111.7466,-8.3465],[111.7467,-8.3465],[111.7468,-8.3464],[111.7469,-8.3465],[111.747,-8.3466],[111.7471,-8.3467],[111.7473,-8.3468],[111.7474,-8.3469],[111.7474,-8.347],[111.7474,-8.3471],[111.7473,-8.3472],[111.7473,-8.3474],[111.7473,-8.3475],[111.7473,-8.3476],[111.7473,-8.3477],[111.7473,-8.3478],[111.7472,-8.3478],[111.7471,-8.3478],[111.747,-8.3477],[111.747,-8.3476],[111.7469,-8.3476],[111.7469,-8.3477],[111.7469,-8.3479],[111.7468,-8.3478],[111.7467,-8.3478],[111.7468,-8.3479],[111.7468,-8.348],[111.7469,-8.3481],[111.7469,-8.3482],[111.747,-8.3483],[111.747,-8.3484],[111.747,-8.3486],[111.7471,-8.3486],[111.7472,-8.3487],[111.7472,-8.3488],[111.7471,-8.3488],[111.747,-8.3487],[111.7469,-8.3487],[111.7469,-8.3488],[111.7469,-8.3489],[111.7469,-8.349],[111.747,-8.3491],[111.7471,-8.3492],[111.7471,-8.3494],[111.7471,-8.3495],[111.7471,-8.3496],[111.747,-8.3495],[111.7469,-8.3494],[111.7468,-8.3494],[111.7468,-8.3495],[111.7468,-8.3496],[111.7469,-8.3497],[111.7468,-8.3499],[111.7467,-8.35],[111.7466,-8.35],[111.7465,-8.3499],[111.7465,-8.35],[111.7464,-8.35],[111.7463,-8.3501],[111.7462,-8.3501],[111.7461,-8.3501],[111.7462,-8.3502],[111.7462,-8.3503],[111.7462,-8.3504],[111.7463,-8.3504],[111.7464,-8.3504],[111.7465,-8.3505],[111.7466,-8.3506],[111.7466,-8.3507],[111.7467,-8.3508],[111.7467,-8.3509],[111.7468,-8.351],[111.7468,-8.3511],[111.7469,-8.3512],[111.7469,-8.3513],[111.7469,-8.3514],[111.7468,-8.3514],[111.7467,-8.3515],[111.7466,-8.3514],[111.7465,-8.3514],[111.7464,-8.3514],[111.7463,-8.3514],[111.7462,-8.3513],[111.7461,-8.3512],[111.7461,-8.351],[111.7461,-8.3509],[111.7461,-8.3507],[111.7462,-8.3507],[111.7462,-8.3506],[111.7462,-8.3505],[111.7461,-8.3505],[111.746,-8.3505],[111.746,-8.3504],[111.746,-8.3503],[111.7459,-8.3503],[111.7458,-8.3503],[111.7458,-8.3502],[111.7457,-8.3501],[111.7457,-8.35],[111.7457,-8.3499],[111.7457,-8.3498],[111.7456,-8.3498],[111.7455,-8.3497],[111.7455,-8.3496],[111.7456,-8.3496],[111.7456,-8.3495],[111.7456,-8.3494],[111.7456,-8.3493],[111.7456,-8.3492],[111.7455,-8.3491],[111.7455,-8.3489],[111.7455,-8.3488],[111.7455,-8.3487],[111.7456,-8.3486],[111.7457,-8.3486],[111.7458,-8.3485],[111.7458,-8.3484],[111.7459,-8.3484],[111.746,-8.3484],[111.7461,-8.3484]]]]}},{"type":"Feature","properties":{"name":"Pencadangan/Indikasi Kawasan Konservasi","fillColor":"#f60ada","fillOpacity":0.55},"geometry":{"type":"MultiPolygon","coordinates":[[[[111.7375,-8.3182],[111.7374,-8.318],[111.7356,-8.3157],[111.7357,-8.3163],[111.7363,-8.3188],[111.7368,-8.3214],[111.737,-8.3222],[111.7384,-8.3288],[111.7385,-8.3293],[111.7388,-8.3305],[111.7391,-8.3323],[111.7392,-8.3323],[111.7393,-8.3322],[111.7394,-8.3321],[111.7395,-8.332],[111.7395,-8.3319],[111.7396,-8.3319],[111.7397,-8.3318],[111.7398,-8.3317],[111.7399,-8.3317],[111.74,-8.3316],[111.7401,-8.3315],[111.7401,-8.3314],[111.7402,-8.3313],[111.7403,-8.3312],[111.7404,-8.3312],[111.7404,-8.3311],[111.7404,-8.331],[111.7403,-8.331],[111.7403,-8.3309],[111.7404,-8.3308],[111.7404,-8.3307],[111.7404,-8.3306],[111.7404,-8.3305],[111.7404,-8.3304],[111.7403,-8.3304],[111.7403,-8.3303],[111.7402,-8.3303],[111.7402,-8.3302],[111.7403,-8.3302],[111.7403,-8.3301],[111.7403,-8.33],[111.7403,-8.3299],[111.7403,-8.3298],[111.7403,-8.3297],[111.7403,-8.3296],[111.7403,-8.3295],[111.7404,-8.3294],[111.7404,-8.3293],[111.7405,-8.3293],[111.7405,-8.3292],[111.7405,-8.3291],[111.7405,-8.329],[111.7405,-8.3289],[111.7405,-8.3288],[111.7406,-8.3288],[111.7406,-8.3287],[111.7406,-8.3286],[111.7406,-8.3285],[111.7406,-8.3284],[111.7406,-8.3283],[111.7405,-8.3282],[111.7406,-8.3282],[111.7407,-8.3281],[111.7407,-8.328],[111.7407,-8.3279],[111.7407,-8.3278],[111.7408,-8.3277],[111.7407,-8.3276],[111.7407,-8.3275],[111.7408,-8.3274],[111.7407,-8.3274],[111.7407,-8.3273],[111.7408,-8.3273],[111.7409,-8.3273],[111.7409,-8.3272],[111.741,-8.3272],[111.741,-8.3271],[111.7409,-8.3271],[111.7409,-8.327],[111.7408,-8.327],[111.7408,-8.3269],[111.7408,-8.3268],[111.7408,-8.3267],[111.7408,-8.3266],[111.7409,-8.3266],[111.7409,-8.3265],[111.7409,-8.3266],[111.741,-8.3265],[111.7411,-8.3264],[111.7411,-8.3265],[111.7412,-8.3265],[111.7413,-8.3265],[111.7413,-8.3264],[111.7414,-8.3264],[111.7415,-8.3264],[111.7415,-8.3263],[111.7416,-8.3262],[111.7416,-8.3261],[111.7417,-8.3259],[111.7417,-8.3258],[111.7417,-8.3256],[111.7417,-8.3254],[111.7416,-8.3253],[111.7416,-8.3252],[111.7415,-8.3252],[111.7413,-8.3251],[111.7412,-8.325],[111.7411,-8.3249],[111.7411,-8.3248],[111.7411,-8.3247],[111.7412,-8.3247],[111.7412,-8.3246],[111.7412,-8.3245],[111.7413,-8.3244],[111.7413,-8.3243],[111.7413,-8.3242],[111.7413,-8.3241],[111.7412,-8.3241],[111.7412,-8.324],[111.7412,-8.3239],[111.7413,-8.3239],[111.7413,-8.324],[111.7414,-8.324],[111.7415,-8.3239],[111.7414,-8.3238],[111.7415,-8.3238],[111.7415,-8.3237],[111.7416,-8.3237],[111.7416,-8.3238],[111.7417,-8.3238],[111.7415,-8.3236],[111.7406,-8.3224],[111.7394,-8.3207],[111.7388,-8.32],[111.7385,-8.3195],[111.7375,-8.3182]]],[[[111.7384,-8.3236],[111.7383,-8.3235],[111.7383,-8.3234],[111.7383,-8.3233],[111.7383,-8.3232],[111.7382,-8.3231],[111.7382,-8.323],[111.7382,-8.3229],[111.7383,-8.3229],[111.7384,-8.3229],[111.7385,-8.323],[111.7385,-8.3231],[111.7385,-8.3232],[111.7386,-8.3233],[111.7387,-8.3234],[111.7387,-8.3235],[111.7386,-8.3235],[111.7386,-8.3236],[111.7385,-8.3236],[111.7384,-8.3236]]]]}},{"type":"Feature","properties":{"name":"Pencadangan/Indikasi Kawasan Konservasi","fillColor":"#f60ada","fillOpacity":0.55},"geometry":{"type":"MultiPolygon","coordinates":[[[[111.5506,-8.306],[111.548,-8.3066],[111.5463,-8.3072],[111.5455,-8.3077],[111.5461,-8.3085],[111.5466,-8.3097],[111.5469,-8.3106],[111.5469,-8.3116],[111.5466,-8.3118],[111.5459,-8.3127],[111.5458,-8.3134],[111.5454,-8.3127],[111.5441,-8.3127],[111.5428,-8.3128],[111.5423,-8.3137],[111.5413,-8.3134],[111.54,-8.3135],[111.54,-8.3138],[111.5389,-8.3136],[111.5377,-8.3136],[111.5365,-8.3147],[111.5366,-8.3162],[111.5365,-8.3166],[111.5355,-8.3163],[111.5344,-8.3154],[111.5324,-8.3162],[111.531,-8.3183],[111.5304,-8.3202],[111.5305,-8.3218],[111.5314,-8.3221],[111.5324,-8.3224],[111.5328,-8.3234],[111.5342,-8.3237],[111.5353,-8.324],[111.5362,-8.3247],[111.5366,-8.3251],[111.537,-8.3262],[111.5376,-8.3268],[111.5374,-8.3269],[111.5373,-8.3277],[111.5367,-8.328],[111.5358,-8.3282],[111.5353,-8.3284],[111.5345,-8.3286],[111.5336,-8.3292],[111.5328,-8.3295],[111.5332,-8.3304],[111.5339,-8.3309],[111.534,-8.3321],[111.5337,-8.3329],[111.533,-8.3326],[111.5325,-8.3323],[111.5331,-8.3318],[111.5324,-8.3318],[111.5321,-8.3309],[111.5315,-8.3313],[111.5305,-8.332],[111.5303,-8.3308],[111.5301,-8.3299],[111.5294,-8.3298],[111.529,-8.3306],[111.5283,-8.3312],[111.5279,-8.3315],[111.5268,-8.3318],[111.5255,-8.3318],[111.5246,-8.3316],[111.5241,-8.3317],[111.5229,-8.3313],[111.5222,-8.3319],[111.5215,-8.3325],[111.5205,-8.3324],[111.5197,-8.3317],[111.5185,-8.3322],[111.5181,-8.333],[111.5178,-8.3334],[111.5174,-8.3338],[111.5172,-8.3333],[111.5164,-8.3334],[111.5155,-8.3329],[111.515,-8.3331],[111.5144,-8.3321],[111.5137,-8.3323],[111.5128,-8.3326],[111.512,-8.3328],[111.512,-8.3318],[111.5113,-8.3307],[111.5109,-8.3296],[111.5107,-8.3285],[111.5103,-8.3272],[111.5096,-8.3265],[111.5086,-8.3263],[111.5083,-8.3264],[111.5077,-8.3262],[111.507,-8.3255],[111.5061,-8.3253],[111.506,-8.3249],[111.5058,-8.3244],[111.5056,-8.3231],[111.5047,-8.3221],[111.5037,-8.3221],[111.5024,-8.3222],[111.5015,-8.3229],[111.5006,-8.3236],[111.4993,-8.3237],[111.4983,-8.3236],[111.4978,-8.3246],[111.4969,-8.324],[111.4959,-8.3237],[111.4953,-8.3232],[111.4943,-8.3229],[111.4948,-8.3222],[111.4955,-8.3213],[111.4961,-8.3204],[111.4967,-8.3194],[111.4958,-8.3189],[111.4963,-8.318],[111.4954,-8.3178],[111.4954,-8.3169],[111.4954,-8.3158],[111.4945,-8.3151],[111.4932,-8.315],[111.4924,-8.3147],[111.4916,-8.3144],[111.4906,-8.3137],[111.4894,-8.3143],[111.4888,-8.3151],[111.4884,-8.316],[111.488,-8.3169],[111.4876,-8.317],[111.4867,-8.3178],[111.4854,-8.3185],[111.4844,-8.319],[111.4833,-8.3187],[111.4826,-8.3195],[111.4823,-8.3186],[111.482,-8.3187],[111.4818,-8.3176],[111.4836,-8.3492],[111.6247,-8.3566],[111.6252,-8.3561],[111.6264,-8.356],[111.6264,-8.3538],[111.6258,-8.3531],[111.6264,-8.3526],[111.6267,-8.3519],[111.6266,-8.3506],[111.6255,-8.3504],[111.6248,-8.3498],[111.6253,-8.3492],[111.625,-8.3483],[111.6248,-8.3478],[111.6259,-8.3474],[111.6265,-8.3471],[111.6274,-8.3473],[111.6281,-8.3463],[111.6288,-8.345],[111.6298,-8.3443],[111.631,-8.344],[111.6321,-8.3435],[111.6332,-8.343],[111.6338,-8.3419],[111.6342,-8.3408],[111.634,-8.3394],[111.6335,-8.3384],[111.6327,-8.3376],[111.6325,-8.3364],[111.6315,-8.336],[111.6302,-8.3355],[111.6289,-8.3358],[111.6277,-8.3354],[111.6277,-8.3347],[111.6284,-8.3338],[111.6282,-8.333],[111.6287,-8.3321],[111.6291,-8.3312],[111.6287,-8.3302],[111.628,-8.3298],[111.6277,-8.3288],[111.6274,-8.328],[111.6276,-8.3269],[111.6285,-8.3262],[111.628,-8.3249],[111.626,-8.3234],[111.6237,-8.3222],[111.622,-8.3218],[111.6211,-8.3226],[111.6202,-8.3228],[111.6193,-8.3224],[111.6181,-8.3217],[111.6176,-8.3208],[111.6173,-8.3199],[111.6155,-8.3201],[111.6138,-8.3204],[111.6122,-8.3209],[111.6117,-8.3222],[111.6123,-8.3232],[111.612,-8.3244],[111.611,-8.3255],[111.6102,-8.3262],[111.6088,-8.3264],[111.6085,-8.3274],[111.6077,-8.3283],[111.6072,-8.3295],[111.607,-8.3304],[111.6078,-8.3312],[111.6088,-8.3318],[111.6092,-8.3328],[111.6101,-8.334],[111.6104,-8.3349],[111.6105,-8.3352],[111.61,-8.3357],[111.6091,-8.3368],[111.6084,-8.338],[111.6072,-8.3389],[111.6055,-8.3394],[111.6051,-8.3387],[111.6048,-8.3377],[111.6046,-8.3364],[111.6047,-8.3354],[111.6046,-8.3344],[111.6039,-8.3339],[111.6031,-8.3335],[111.6032,-8.3326],[111.6034,-8.3312],[111.6031,-8.3303],[111.6027,-8.3295],[111.6019,-8.3301],[111.6022,-8.3292],[111.602,-8.3285],[111.6025,-8.3277],[111.603,-8.3267],[111.6025,-8.3255],[111.6027,-8.3243],[111.6015,-8.3233],[111.6002,-8.3233],[111.5993,-8.3226],[111.598,-8.3219],[111.5955,-8.322],[111.594,-8.3231],[111.5935,-8.3243],[111.5931,-8.3253],[111.5923,-8.3255],[111.5913,-8.3256],[111.5904,-8.3256],[111.5897,-8.3267],[111.5891,-8.3277],[111.5883,-8.3282],[111.5874,-8.3288],[111.5882,-8.3297],[111.5886,-8.3304],[111.5897,-8.331],[111.5897,-8.332],[111.5886,-8.3325],[111.5883,-8.3335],[111.5875,-8.3343],[111.5862,-8.3335],[111.585,-8.3329],[111.5836,-8.3321],[111.5828,-8.3316],[111.5817,-8.3313],[111.5807,-8.3309],[111.5794,-8.33],[111.5784,-8.3291],[111.5776,-8.3291],[111.5773,-8.3297],[111.5765,-8.3296],[111.5755,-8.3303],[111.5754,-8.3315],[111.5757,-8.3324],[111.5759,-8.333],[111.575,-8.332],[111.5747,-8.333],[111.5735,-8.3327],[111.5726,-8.3333],[111.5718,-8.3338],[111.5708,-8.3339],[111.5707,-8.3335],[111.5708,-8.3326],[111.5711,-8.3316],[111.5703,-8.331],[111.5702,-8.3302],[111.5692,-8.3294],[111.5686,-8.3286],[111.5682,-8.3277],[111.5685,-8.3267],[111.5679,-8.326],[111.5691,-8.3261],[111.5708,-8.326],[111.5717,-8.3254],[111.5711,-8.3246],[111.5712,-8.3236],[111.5711,-8.3219],[111.5718,-8.3206],[111.5722,-8.3192],[111.5729,-8.3186],[111.5731,-8.3171],[111.5704,-8.3134],[111.5651,-8.3097],[111.5591,-8.3073],[111.5506,-8.306]]],[[[111.5435,-8.3136],[111.5434,-8.3135],[111.5436,-8.3134],[111.5437,-8.3134],[111.5438,-8.3134],[111.5439,-8.3135],[111.5439,-8.3136],[111.5438,-8.3135],[111.5437,-8.3135],[111.5435,-8.3136]]],[[[111.5457,-8.3136],[111.5458,-8.3136],[111.5459,-8.3137],[111.546,-8.3138],[111.5457,-8.3138],[111.5455,-8.3138],[111.5455,-8.3137],[111.5456,-8.3137],[111.5456,-8.3136],[111.5457,-8.3136]]],[[[111.5458,-8.314],[111.5462,-8.3141],[111.5462,-8.3142],[111.5463,-8.3143],[111.5462,-8.3144],[111.5461,-8.3144],[111.5458,-8.3144],[111.5457,-8.3144],[111.5456,-8.3144],[111.5456,-8.3143],[111.5456,-8.3142],[111.5455,-8.3141],[111.5455,-8.314],[111.5456,-8.314],[111.5457,-8.314],[111.5458,-8.314]]],[[[111.5388,-8.3141],[111.5388,-8.3142],[111.5388,-8.3143],[111.5387,-8.3143],[111.5386,-8.3143],[111.5386,-8.3142],[111.5387,-8.3142],[111.5387,-8.3141],[111.5388,-8.3141]]],[[[111.5366,-8.3169],[111.5366,-8.3168],[111.5367,-8.3168],[111.5368,-8.3168],[111.537,-8.3168],[111.5371,-8.3168],[111.5371,-8.3169],[111.5371,-8.317],[111.537,-8.317],[111.5366,-8.3169]]],[[[111.5373,-8.3247],[111.5374,-8.3246],[111.5375,-8.3246],[111.5376,-8.3246],[111.5377,-8.3246],[111.5378,-8.3246],[111.5379,-8.3247],[111.5379,-8.3248],[111.538,-8.3249],[111.538,-8.325],[111.5379,-8.325],[111.5379,-8.3251],[111.5378,-8.3252],[111.5377,-8.3252],[111.5376,-8.3252],[111.5376,-8.3253],[111.5375,-8.3253],[111.5374,-8.3253],[111.5373,-8.3253],[111.5372,-8.3253],[111.5371,-8.3252],[111.537,-8.3252],[111.537,-8.3251],[111.537,-8.325],[111.5371,-8.3249],[111.5372,-8.3248],[111.5373,-8.3247]]],[[[111.5353,-8.3328],[111.5352,-8.3328],[111.5352,-8.3327],[111.5352,-8.3326],[111.5352,-8.3325],[111.5353,-8.3325],[111.5354,-8.3325],[111.5354,-8.3326],[111.5354,-8.3327],[111.5354,-8.3328],[111.5354,-8.3329],[111.5353,-8.3329],[111.5353,-8.3328]]],[[[111.4782,-8.3311],[111.4781,-8.3312],[111.478,-8.3312],[111.4779,-8.3313],[111.4779,-8.3312],[111.4778,-8.3311],[111.4778,-8.3307],[111.4778,-8.3305],[111.4778,-8.3301],[111.4779,-8.33],[111.478,-8.33],[111.478,-8.3299],[111.4781,-8.3298],[111.4781,-8.3297],[111.478,-8.3296],[111.478,-8.3295],[111.478,-8.3293],[111.4781,-8.3293],[111.4782,-8.3293],[111.4783,-8.3293],[111.4785,-8.3292],[111.4786,-8.3291],[111.4787,-8.329],[111.4786,-8.3289],[111.4785,-8.3288],[111.4785,-8.3287],[111.4786,-8.3286],[111.4787,-8.3286],[111.4788,-8.3285],[111.479,-8.3284],[111.4791,-8.3283],[111.4791,-8.3282],[111.4791,-8.3281],[111.4791,-8.328],[111.4792,-8.3279],[111.4793,-8.3279],[111.4794,-8.3279],[111.4795,-8.328],[111.4796,-8.328],[111.4797,-8.328],[111.4798,-8.328],[111.4799,-8.3279],[111.48,-8.3279],[111.4801,-8.3278],[111.4804,-8.3277],[111.4809,-8.3277],[111.4813,-8.3277],[111.4815,-8.3277],[111.4815,-8.3278],[111.4815,-8.328],[111.4816,-8.328],[111.4816,-8.3282],[111.4815,-8.3282],[111.4814,-8.3282],[111.4814,-8.3283],[111.4815,-8.3284],[111.4816,-8.3285],[111.4816,-8.3288],[111.4816,-8.3291],[111.4814,-8.3293],[111.4813,-8.3292],[111.4813,-8.3293],[111.4812,-8.3294],[111.4811,-8.3297],[111.4808,-8.33],[111.4806,-8.3301],[111.4803,-8.3303],[111.4802,-8.3303],[111.4802,-8.3302],[111.4801,-8.3302],[111.48,-8.3303],[111.4799,-8.3304],[111.4797,-8.3305],[111.4796,-8.3306],[111.4795,-8.3307],[111.4794,-8.3307],[111.4794,-8.3306],[111.4793,-8.3307],[111.4792,-8.3307],[111.479,-8.3309],[111.4789,-8.3309],[111.4789,-8.331],[111.4788,-8.331],[111.4788,-8.3311],[111.4786,-8.3311],[111.4785,-8.3311],[111.4782,-8.3311]]],[[[111.4772,-8.3293],[111.4773,-8.3295],[111.4774,-8.3296],[111.4774,-8.3297],[111.4773,-8.3297],[111.4772,-8.3297],[111.4771,-8.3297],[111.4771,-8.3298],[111.4771,-8.3299],[111.4769,-8.3299],[111.4768,-8.3299],[111.4768,-8.3298],[111.4769,-8.3297],[111.4769,-8.3296],[111.4769,-8.3295],[111.4769,-8.3294],[111.4771,-8.3293],[111.4772,-8.3293]]],[[[111.5091,-8.3267],[111.5092,-8.3268],[111.5092,-8.3269],[111.5092,-8.327],[111.5091,-8.3271],[111.509,-8.3271],[111.509,-8.3272],[111.5089,-8.3272],[111.5089,-8.3271],[111.5089,-8.327],[111.509,-8.3269],[111.509,-8.3268],[111.509,-8.3267],[111.509,-8.3266],[111.5091,-8.3267]]],[[[111.5079,-8.3268],[111.5078,-8.3268],[111.5077,-8.3268],[111.5077,-8.3267],[111.5077,-8.3266],[111.5078,-8.3265],[111.5078,-8.3264],[111.5078,-8.3265],[111.5079,-8.3267],[111.5079,-8.3268]]],[[[111.4882,-8.318],[111.4881,-8.3181],[111.488,-8.318],[111.488,-8.3179],[111.4881,-8.3177],[111.4882,-8.3177],[111.4883,-8.3176],[111.4885,-8.3176],[111.4885,-8.3177],[111.4885,-8.3178],[111.4882,-8.318]]],[[[111.5719,-8.3342],[111.5719,-8.3341],[111.5719,-8.334],[111.572,-8.3339],[111.5721,-8.334],[111.5722,-8.334],[111.5722,-8.3341],[111.5722,-8.3342],[111.5722,-8.3343],[111.5721,-8.3344],[111.572,-8.3344],[111.572,-8.3345],[111.572,-8.3344],[111.5719,-8.3344],[111.5719,-8.3343],[111.5719,-8.3342]]],[[[111.5696,-8.3345],[111.5697,-8.3345],[111.5697,-8.3346],[111.5696,-8.3346],[111.5696,-8.3347],[111.5695,-8.3347],[111.5693,-8.3347],[111.5694,-8.3346],[111.5695,-8.3345],[111.5696,-8.3345]]],[[[111.517,-8.3345],[111.5169,-8.3348],[111.5169,-8.3349],[111.5167,-8.3349],[111.5167,-8.3348],[111.5167,-8.3347],[111.5167,-8.3346],[111.5167,-8.3345],[111.5167,-8.3344],[111.5168,-8.3343],[111.5169,-8.3343],[111.517,-8.3343],[111.517,-8.3344],[111.517,-8.3345]]],[[[111.5694,-8.3348],[111.5695,-8.3348],[111.5696,-8.3347],[111.5697,-8.3348],[111.5699,-8.3348],[111.57,-8.3348],[111.5701,-8.3348],[111.5701,-8.3349],[111.5701,-8.335],[111.57,-8.335],[111.57,-8.3351],[111.5699,-8.3352],[111.5699,-8.3353],[111.5698,-8.3355],[111.5697,-8.3356],[111.5696,-8.3356],[111.5695,-8.3356],[111.5694,-8.3356],[111.5693,-8.3356],[111.5692,-8.3357],[111.5691,-8.3357],[111.5691,-8.3358],[111.5691,-8.3359],[111.569,-8.336],[111.5688,-8.3361],[111.5687,-8.3361],[111.5687,-8.3362],[111.5686,-8.3362],[111.5685,-8.3361],[111.5684,-8.3361],[111.5683,-8.3361],[111.5682,-8.3361],[111.5681,-8.3362],[111.568,-8.3363],[111.5679,-8.3364],[111.5678,-8.3364],[111.5677,-8.3364],[111.5675,-8.3362],[111.5675,-8.336],[111.5674,-8.336],[111.5674,-8.3359],[111.5673,-8.3358],[111.5674,-8.3358],[111.5676,-8.3358],[111.5677,-8.3359],[111.5678,-8.3359],[111.5679,-8.336],[111.5679,-8.3361],[111.568,-8.3361],[111.568,-8.336],[111.5679,-8.3359],[111.5678,-8.3358],[111.5677,-8.3357],[111.5678,-8.3357],[111.5678,-8.3356],[111.568,-8.3356],[111.5681,-8.3355],[111.5682,-8.3356],[111.5683,-8.3356],[111.5685,-8.3358],[111.5686,-8.3359],[111.5686,-8.3358],[111.5687,-8.3357],[111.5687,-8.3356],[111.5686,-8.3356],[111.5685,-8.3355],[111.5684,-8.3354],[111.5683,-8.3352],[111.5683,-8.3351],[111.5684,-8.3351],[111.5684,-8.3352],[111.5685,-8.3352],[111.5686,-8.3352],[111.5687,-8.3352],[111.5687,-8.3351],[111.5688,-8.3351],[111.5688,-8.335],[111.5689,-8.335],[111.569,-8.335],[111.5692,-8.335],[111.5692,-8.3349],[111.5693,-8.3349],[111.5694,-8.3348]]],[[[111.57,-8.3356],[111.5701,-8.3355],[111.5702,-8.3354],[111.5703,-8.3354],[111.5704,-8.3355],[111.5704,-8.3356],[111.5703,-8.3358],[111.5703,-8.336],[111.5702,-8.336],[111.5701,-8.336],[111.57,-8.336],[111.57,-8.3359],[111.5699,-8.3359],[111.5699,-8.3358],[111.5699,-8.3357],[111.57,-8.3356]]],[[[111.5698,-8.3363],[111.5699,-8.3362],[111.5702,-8.3362],[111.5702,-8.3363],[111.5702,-8.3364],[111.5702,-8.3365],[111.5701,-8.3366],[111.5699,-8.3365],[111.5698,-8.3364],[111.5698,-8.3363]]],[[[111.5167,-8.3355],[111.5166,-8.3356],[111.5164,-8.3356],[111.5164,-8.3355],[111.5165,-8.3354],[111.5166,-8.3354],[111.5167,-8.3354],[111.5167,-8.3355]]],[[[111.5706,-8.3344],[111.5705,-8.3343],[111.5706,-8.3343],[111.5707,-8.3343],[111.5707,-8.3344],[111.5706,-8.3344]]],[[[111.5691,-8.337],[111.5691,-8.3369],[111.5691,-8.3368],[111.5693,-8.3367],[111.5695,-8.3367],[111.5695,-8.3368],[111.5694,-8.3369],[111.5693,-8.3369],[111.5691,-8.337]]],[[[111.5634,-8.3374],[111.5633,-8.3373],[111.5632,-8.3372],[111.5632,-8.3371],[111.5633,-8.3371],[111.5633,-8.337],[111.5634,-8.337],[111.5635,-8.3372],[111.5636,-8.3373],[111.5636,-8.3374],[111.5634,-8.3374]]],[[[111.5692,-8.3373],[111.5693,-8.3373],[111.5694,-8.3374],[111.5694,-8.3375],[111.5693,-8.3375],[111.5693,-8.3376],[111.5691,-8.3375],[111.5691,-8.3374],[111.5691,-8.3373],[111.5692,-8.3373]]],[[[111.5681,-8.3373],[111.5683,-8.3374],[111.5684,-8.3375],[111.5683,-8.3376],[111.5682,-8.3374],[111.5681,-8.3374],[111.5681,-8.3373]]],[[[111.5691,-8.3379],[111.5692,-8.3379],[111.5693,-8.3378],[111.5694,-8.3378],[111.5695,-8.3378],[111.5695,-8.3379],[111.5695,-8.338],[111.5694,-8.3381],[111.5693,-8.3382],[111.5692,-8.3383],[111.5691,-8.3383],[111.569,-8.3382],[111.5689,-8.3382],[111.5689,-8.3381],[111.569,-8.338],[111.5691,-8.3379]]],[[[111.5681,-8.338],[111.5682,-8.338],[111.5682,-8.3381],[111.568,-8.3384],[111.5679,-8.3385],[111.5678,-8.3385],[111.5677,-8.3384],[111.5678,-8.3382],[111.5678,-8.3381],[111.5679,-8.338],[111.568,-8.338],[111.5681,-8.338]]],[[[111.5629,-8.3384],[111.563,-8.3385],[111.5629,-8.3385],[111.5628,-8.3385],[111.5627,-8.3386],[111.5626,-8.3386],[111.5626,-8.3385],[111.5625,-8.3385],[111.5626,-8.3384],[111.5626,-8.3383],[111.5627,-8.3383],[111.5628,-8.3383],[111.5628,-8.3382],[111.5627,-8.3382],[111.5627,-8.3381],[111.5628,-8.3381],[111.5629,-8.3381],[111.563,-8.3381],[111.5631,-8.3381],[111.5632,-8.3381],[111.5632,-8.3382],[111.5632,-8.3383],[111.5634,-8.3382],[111.5635,-8.3382],[111.5635,-8.3383],[111.5634,-8.3383],[111.5633,-8.3383],[111.5631,-8.3384],[111.563,-8.3384],[111.5629,-8.3384]]],[[[111.5684,-8.3385],[111.5684,-8.3386],[111.5685,-8.3386],[111.5686,-8.3387],[111.5687,-8.3387],[111.5687,-8.3388],[111.5686,-8.3388],[111.5685,-8.3388],[111.5684,-8.3387],[111.5684,-8.3386],[111.5684,-8.3385]]],[[[111.624,-8.3488],[111.624,-8.3487],[111.6242,-8.3487],[111.6243,-8.3487],[111.6243,-8.3488],[111.6242,-8.3488],[111.624,-8.3488]]],[[[111.624,-8.3493],[111.6239,-8.3492],[111.6238,-8.3492],[111.6238,-8.3491],[111.6239,-8.349],[111.624,-8.349],[111.6241,-8.349],[111.6242,-8.349],[111.6243,-8.349],[111.6243,-8.3491],[111.6242,-8.3492],[111.624,-8.3493]]],[[[111.6267,-8.3544],[111.6267,-8.3543],[111.6267,-8.3542],[111.6268,-8.3542],[111.6268,-8.3543],[111.6268,-8.3544],[111.6267,-8.3544]]],[[[111.6309,-8.3363],[111.6309,-8.3364],[111.6308,-8.3365],[111.6307,-8.3365],[111.6307,-8.3364],[111.6307,-8.3363],[111.6308,-8.3363],[111.6309,-8.3363]]],[[[111.59,-8.3324],[111.5899,-8.3324],[111.5899,-8.3323],[111.59,-8.3322],[111.5901,-8.3322],[111.5903,-8.3321],[111.5904,-8.3321],[111.5905,-8.3322],[111.5905,-8.3323],[111.59,-8.3323],[111.59,-8.3324]]],[[[111.6018,-8.3283],[111.6019,-8.3283],[111.602,-8.3284],[111.6019,-8.3284],[111.6019,-8.3285],[111.6018,-8.3286],[111.6016,-8.3287],[111.6015,-8.3287],[111.6015,-8.3286],[111.6015,-8.3285],[111.6016,-8.3284],[111.6017,-8.3284],[111.6018,-8.3283]]],[[[111.5903,-8.326],[111.5903,-8.3262],[111.5902,-8.3262],[111.5902,-8.3261],[111.5902,-8.326],[111.5903,-8.326]]],[[[111.5743,-8.3335],[111.5744,-8.3336],[111.5745,-8.3336],[111.5745,-8.3337],[111.5745,-8.3338],[111.5744,-8.3339],[111.5742,-8.3337],[111.5741,-8.3335],[111.5742,-8.3334],[111.5743,-8.3335]]],[[[111.5759,-8.3305],[111.5758,-8.3305],[111.5758,-8.3304],[111.5759,-8.3303],[111.5759,-8.3304],[111.576,-8.3304],[111.5759,-8.3305]]]]}},{"type":"Feature","properties":{"name":"Pencadangan/Indikasi Kawasan Konservasi","fillColor":"#f60ada","fillOpacity":0.55},"geometry":{"type":"Polygon","coordinates":[[[111.7189,-8.2954],[111.7235,-8.2954],[111.7241,-8.2954],[111.7259,-8.2954],[111.7268,-8.2954],[111.7266,-8.2922],[111.7259,-8.2921],[111.7241,-8.2919],[111.724,-8.2919],[111.7232,-8.292],[111.7212,-8.2925],[111.721,-8.2926],[111.7192,-8.2933],[111.7185,-8.2936],[111.7177,-8.2939],[111.7162,-8.2947],[111.716,-8.2948],[111.7159,-8.2948],[111.7158,-8.2949],[111.7157,-8.2951],[111.7155,-8.2954],[111.7154,-8.2955],[111.7149,-8.296],[111.7142,-8.2968],[111.7138,-8.2973],[111.7136,-8.2975],[111.7136,-8.2976],[111.7134,-8.2978],[111.7133,-8.298],[111.713,-8.2984],[111.7128,-8.2988],[111.7127,-8.2989],[111.7127,-8.299],[111.7127,-8.2991],[111.7126,-8.2991],[111.7129,-8.2992],[111.713,-8.2992],[111.7132,-8.2993],[111.7134,-8.2994],[111.7136,-8.2995],[111.7137,-8.2996],[111.714,-8.2997],[111.7141,-8.2997],[111.7143,-8.2998],[111.7144,-8.2999],[111.7147,-8.3],[111.7148,-8.3001],[111.715,-8.3002],[111.7151,-8.3003],[111.7153,-8.3004],[111.7154,-8.3005],[111.7157,-8.3006],[111.7158,-8.3007],[111.716,-8.3008],[111.7161,-8.3009],[111.7163,-8.3011],[111.7164,-8.3011],[111.7166,-8.3013],[111.7167,-8.3014],[111.7169,-8.3016],[111.717,-8.3016],[111.7172,-8.3018],[111.7173,-8.3019],[111.7175,-8.3021],[111.7176,-8.3021],[111.7178,-8.3023],[111.7179,-8.3024],[111.7181,-8.3026],[111.7182,-8.3027],[111.7183,-8.3029],[111.7184,-8.303],[111.7186,-8.3032],[111.7187,-8.3033],[111.7189,-8.3035],[111.7189,-8.3036],[111.7191,-8.3038],[111.7192,-8.3039],[111.7193,-8.3041],[111.7194,-8.3042],[111.7196,-8.3044],[111.7196,-8.3045],[111.7198,-8.3047],[111.7199,-8.3048],[111.72,-8.305],[111.72,-8.3051],[111.7201,-8.3051],[111.7201,-8.3052],[111.7239,-8.3052],[111.7241,-8.3052],[111.7241,-8.3051],[111.7323,-8.3074],[111.7333,-8.3077],[111.7339,-8.3078],[111.7339,-8.308],[111.734,-8.3081],[111.734,-8.3083],[111.7344,-8.3103],[111.7353,-8.3144],[111.7372,-8.313],[111.7395,-8.3113],[111.7396,-8.3112],[111.7419,-8.3095],[111.7427,-8.3089],[111.74,-8.307],[111.7385,-8.3059],[111.7397,-8.302],[111.7398,-8.3017],[111.7397,-8.3017],[111.7397,-8.3016],[111.7396,-8.3016],[111.7395,-8.3016],[111.7394,-8.3016],[111.7393,-8.3016],[111.7393,-8.3015],[111.7393,-8.3014],[111.7393,-8.3013],[111.7393,-8.3012],[111.7394,-8.3011],[111.7395,-8.3011],[111.7396,-8.301],[111.7397,-8.301],[111.7397,-8.3009],[111.7398,-8.3008],[111.7399,-8.3008],[111.74,-8.3007],[111.74,-8.3006],[111.7401,-8.3005],[111.7402,-8.3005],[111.7402,-8.3004],[111.7402,-8.3003],[111.7402,-8.3002],[111.7403,-8.3002],[111.7403,-8.3001],[111.7403,-8.3],[111.7403,-8.2999],[111.7403,-8.2998],[111.7403,-8.2997],[111.7402,-8.2996],[111.7402,-8.2995],[111.7402,-8.2993],[111.7401,-8.2992],[111.74,-8.2991],[111.74,-8.299],[111.7399,-8.2989],[111.7398,-8.2988],[111.7397,-8.2986],[111.7397,-8.2985],[111.7396,-8.2983],[111.7394,-8.2981],[111.7393,-8.2979],[111.7393,-8.2978],[111.7392,-8.2976],[111.7392,-8.2975],[111.739,-8.2974],[111.7389,-8.2973],[111.7389,-8.2972],[111.7389,-8.2971],[111.7388,-8.2969],[111.7387,-8.2967],[111.7385,-8.2965],[111.7384,-8.2964],[111.7382,-8.2963],[111.7381,-8.2962],[111.738,-8.2961],[111.7379,-8.2961],[111.7377,-8.296],[111.7377,-8.2959],[111.7376,-8.2959],[111.7375,-8.296],[111.7374,-8.296],[111.7373,-8.2961],[111.7371,-8.2962],[111.737,-8.2962],[111.737,-8.2963],[111.737,-8.2964],[111.7369,-8.2965],[111.7368,-8.2965],[111.7368,-8.2964],[111.7367,-8.2963],[111.7366,-8.2963],[111.7365,-8.2962],[111.7365,-8.2963],[111.7364,-8.2963],[111.7363,-8.2964],[111.7362,-8.2964],[111.7361,-8.2964],[111.736,-8.2965],[111.736,-8.2966],[111.736,-8.2967],[111.7361,-8.2968],[111.7361,-8.2969],[111.736,-8.297],[111.736,-8.2971],[111.7359,-8.2972],[111.7359,-8.2973],[111.7358,-8.2974],[111.7356,-8.2974],[111.7355,-8.2974],[111.7353,-8.2975],[111.7352,-8.2974],[111.7352,-8.2973],[111.7351,-8.2973],[111.7349,-8.2972],[111.7349,-8.2973],[111.7348,-8.2973],[111.7347,-8.2973],[111.7346,-8.2973],[111.7346,-8.3006],[111.7346,-8.3018],[111.7346,-8.3021],[111.7326,-8.3021],[111.7324,-8.3021],[111.7259,-8.3021],[111.7241,-8.3021],[111.7235,-8.3021],[111.7189,-8.3021],[111.7189,-8.2954]]]}},{"type":"Feature","properties":{"name":"Pencadangan/Indikasi Kawasan Konservasi","fillColor":"#f60ada","fillOpacity":0.55},"geometry":{"type":"MultiPolygon","coordinates":[[[[111.4222,-8.2586],[111.422,-8.2586],[111.4222,-8.2589],[111.4224,-8.2592],[111.4223,-8.2596],[111.4226,-8.26],[111.4227,-8.2604],[111.4226,-8.2608],[111.4225,-8.2612],[111.4226,-8.2616],[111.4223,-8.2616],[111.4224,-8.2612],[111.4221,-8.2609],[111.422,-8.2612],[111.4217,-8.2611],[111.4215,-8.2613],[111.4216,-8.2615],[111.4216,-8.262],[111.4212,-8.2621],[111.4213,-8.2617],[111.4212,-8.2615],[111.4207,-8.2615],[111.4205,-8.2612],[111.4202,-8.2609],[111.4204,-8.2605],[111.4204,-8.2602],[111.4202,-8.2602],[111.4199,-8.2605],[111.4194,-8.2607],[111.419,-8.261],[111.4188,-8.2614],[111.4186,-8.2618],[111.4186,-8.2623],[111.4189,-8.2626],[111.419,-8.263],[111.4189,-8.2634],[111.4186,-8.2636],[111.4186,-8.264],[111.4187,-8.2642],[111.419,-8.2642],[111.4191,-8.2642],[111.4188,-8.2646],[111.4183,-8.2645],[111.418,-8.2646],[111.4178,-8.265],[111.4175,-8.2653],[111.4173,-8.2656],[111.4171,-8.2657],[111.4168,-8.2657],[111.4166,-8.2659],[111.4166,-8.2662],[111.4163,-8.2665],[111.4161,-8.2668],[111.4164,-8.267],[111.416,-8.267],[111.4157,-8.2671],[111.4154,-8.2672],[111.4154,-8.2676],[111.4154,-8.268],[111.4153,-8.2684],[111.4152,-8.2686],[111.4151,-8.269],[111.4153,-8.2693],[111.4156,-8.2697],[111.4154,-8.2701],[111.4157,-8.2704],[111.4155,-8.2707],[111.4157,-8.271],[111.4155,-8.2712],[111.4156,-8.2714],[111.4154,-8.2718],[111.4155,-8.2722],[111.4155,-8.2725],[111.4157,-8.2726],[111.4155,-8.2729],[111.4154,-8.2733],[111.4155,-8.2738],[111.4157,-8.2743],[111.4157,-8.2747],[111.4156,-8.2751],[111.4156,-8.2756],[111.4157,-8.276],[111.4157,-8.2762],[111.4152,-8.276],[111.4153,-8.2772],[111.4154,-8.2776],[111.4175,-8.2796],[111.4426,-8.2956],[111.443,-8.2959],[111.4434,-8.2964],[111.4441,-8.2968],[111.4443,-8.2971],[111.4448,-8.2971],[111.4452,-8.2974],[111.4473,-8.2988],[111.4478,-8.2988],[111.4478,-8.2991],[111.4481,-8.2987],[111.4482,-8.2984],[111.4485,-8.2981],[111.4489,-8.2978],[111.4492,-8.2976],[111.4495,-8.2974],[111.4498,-8.2972],[111.4498,-8.2967],[111.4496,-8.296],[111.4493,-8.2956],[111.4491,-8.2954],[111.4487,-8.2957],[111.4481,-8.2959],[111.4478,-8.2961],[111.4474,-8.2961],[111.4468,-8.2959],[111.4463,-8.2957],[111.4459,-8.2957],[111.4458,-8.2953],[111.4453,-8.2953],[111.4449,-8.2948],[111.445,-8.294],[111.4455,-8.2935],[111.4459,-8.2933],[111.446,-8.2931],[111.4463,-8.293],[111.4468,-8.2928],[111.4469,-8.2926],[111.447,-8.2924],[111.4469,-8.292],[111.4472,-8.2919],[111.4474,-8.2918],[111.4477,-8.2916],[111.4481,-8.2916],[111.4482,-8.2914],[111.4483,-8.2912],[111.4483,-8.2908],[111.4486,-8.2906],[111.4489,-8.2905],[111.4494,-8.2906],[111.4499,-8.2908],[111.4503,-8.2908],[111.4504,-8.2904],[111.4507,-8.2903],[111.4506,-8.2899],[111.4505,-8.2895],[111.4508,-8.2892],[111.4513,-8.2893],[111.4517,-8.2894],[111.4522,-8.2895],[111.4528,-8.2894],[111.4532,-8.2894],[111.4535,-8.2894],[111.4539,-8.2894],[111.4541,-8.289],[111.4543,-8.2886],[111.4544,-8.2883],[111.4545,-8.2877],[111.4547,-8.2873],[111.4547,-8.2868],[111.4546,-8.2864],[111.4546,-8.286],[111.4545,-8.2856],[111.454,-8.2855],[111.4536,-8.2852],[111.4532,-8.2851],[111.4527,-8.2851],[111.4525,-8.2849],[111.4521,-8.2847],[111.4516,-8.2846],[111.4512,-8.2847],[111.4508,-8.2845],[111.4505,-8.2843],[111.4503,-8.2839],[111.4505,-8.2835],[111.4507,-8.2833],[111.4507,-8.283],[111.4509,-8.2827],[111.4511,-8.2825],[111.4508,-8.2824],[111.451,-8.2821],[111.4509,-8.282],[111.4511,-8.2819],[111.4509,-8.2816],[111.4511,-8.2813],[111.4512,-8.2811],[111.4513,-8.2809],[111.4515,-8.2806],[111.4518,-8.2806],[111.4519,-8.2802],[111.452,-8.28],[111.4521,-8.2798],[111.4521,-8.2794],[111.4522,-8.2792],[111.4525,-8.2791],[111.4527,-8.2788],[111.4531,-8.2787],[111.4537,-8.2788],[111.4541,-8.2785],[111.4546,-8.2782],[111.4551,-8.2781],[111.4555,-8.2779],[111.4559,-8.2777],[111.4565,-8.2776],[111.4569,-8.2775],[111.4573,-8.2773],[111.4567,-8.2771],[111.4561,-8.2768],[111.4553,-8.2764],[111.4545,-8.276],[111.4543,-8.2755],[111.4545,-8.275],[111.4551,-8.2746],[111.4549,-8.2741],[111.4541,-8.2745],[111.4537,-8.2749],[111.4535,-8.2754],[111.4536,-8.2761],[111.4533,-8.2759],[111.4531,-8.2754],[111.4527,-8.2748],[111.4525,-8.2742],[111.4521,-8.2737],[111.4516,-8.273],[111.4513,-8.2725],[111.451,-8.2721],[111.4507,-8.2717],[111.4502,-8.2711],[111.4499,-8.2707],[111.4494,-8.2704],[111.4491,-8.2699],[111.4487,-8.2695],[111.4483,-8.2692],[111.4476,-8.2687],[111.4468,-8.2682],[111.4459,-8.2676],[111.4452,-8.2671],[111.4446,-8.2669],[111.4437,-8.2667],[111.4432,-8.2663],[111.4429,-8.2662],[111.4419,-8.2661],[111.4417,-8.2656],[111.4417,-8.265],[111.4414,-8.2644],[111.4414,-8.2639],[111.4417,-8.2639],[111.4422,-8.2642],[111.4427,-8.264],[111.443,-8.264],[111.4429,-8.2637],[111.4426,-8.2639],[111.442,-8.2638],[111.4421,-8.2633],[111.4426,-8.2634],[111.4424,-8.2631],[111.4425,-8.2629],[111.4423,-8.2622],[111.4419,-8.2624],[111.4415,-8.2624],[111.441,-8.2626],[111.4405,-8.2628],[111.44,-8.2633],[111.4397,-8.2638],[111.4393,-8.2641],[111.4389,-8.2639],[111.4384,-8.2635],[111.438,-8.2632],[111.4376,-8.2628],[111.4371,-8.2624],[111.4366,-8.262],[111.4361,-8.2616],[111.4356,-8.2614],[111.435,-8.2611],[111.4344,-8.2608],[111.4338,-8.2605],[111.4329,-8.2602],[111.4323,-8.2599],[111.4317,-8.2597],[111.4311,-8.2595],[111.4307,-8.2593],[111.4302,-8.2593],[111.4297,-8.2591],[111.4289,-8.2591],[111.4285,-8.259],[111.428,-8.2589],[111.4279,-8.2593],[111.4274,-8.2589],[111.4272,-8.2593],[111.4268,-8.2594],[111.4266,-8.2592],[111.4266,-8.2587],[111.4265,-8.2586],[111.426,-8.2587],[111.4256,-8.2586],[111.4252,-8.2585],[111.4247,-8.2586],[111.4242,-8.2588],[111.4238,-8.2589],[111.4231,-8.2587],[111.4231,-8.2586],[111.4231,-8.2585],[111.4222,-8.2586]]],[[[111.4226,-8.2594],[111.4225,-8.2593],[111.4225,-8.2592],[111.4225,-8.2591],[111.4226,-8.259],[111.4227,-8.259],[111.4228,-8.2591],[111.4229,-8.2591],[111.423,-8.2591],[111.423,-8.2592],[111.423,-8.2593],[111.4231,-8.2593],[111.423,-8.2593],[111.4229,-8.2593],[111.4228,-8.2593],[111.4228,-8.2594],[111.4227,-8.2594],[111.4226,-8.2594]]],[[[111.4231,-8.2604],[111.4231,-8.2603],[111.4232,-8.2603],[111.4233,-8.2603],[111.4234,-8.2603],[111.4235,-8.2604],[111.4235,-8.2605],[111.4234,-8.2605],[111.4234,-8.2606],[111.4235,-8.2606],[111.4235,-8.2607],[111.4235,-8.2608],[111.4235,-8.2609],[111.4235,-8.261],[111.4236,-8.261],[111.4236,-8.2611],[111.4237,-8.2612],[111.4237,-8.2613],[111.4237,-8.2614],[111.4236,-8.2614],[111.4235,-8.2613],[111.4235,-8.2614],[111.4234,-8.2614],[111.4233,-8.2614],[111.4233,-8.2613],[111.4232,-8.2613],[111.4232,-8.2612],[111.4232,-8.2611],[111.4232,-8.261],[111.4232,-8.2609],[111.4232,-8.2608],[111.4231,-8.2607],[111.4232,-8.2606],[111.4231,-8.2606],[111.4231,-8.2605],[111.4231,-8.2604]]],[[[111.4198,-8.2619],[111.4199,-8.2619],[111.42,-8.262],[111.42,-8.2621],[111.4201,-8.2621],[111.4201,-8.2622],[111.4201,-8.2623],[111.4201,-8.2624],[111.42,-8.2624],[111.4199,-8.2624],[111.4199,-8.2623],[111.4198,-8.2623],[111.4197,-8.2622],[111.4196,-8.2621],[111.4197,-8.2619],[111.4198,-8.2618],[111.4198,-8.2619]]],[[[111.4411,-8.2694],[111.4411,-8.2693],[111.4412,-8.2692],[111.4412,-8.2691],[111.4412,-8.269],[111.4411,-8.269],[111.4411,-8.2689],[111.4412,-8.2688],[111.4413,-8.2688],[111.4414,-8.2688],[111.4414,-8.2689],[111.4414,-8.269],[111.4414,-8.2691],[111.4414,-8.2692],[111.4413,-8.2692],[111.4413,-8.2693],[111.4413,-8.2694],[111.4412,-8.2694],[111.4411,-8.2694]]],[[[111.438,-8.2703],[111.4383,-8.2701],[111.4383,-8.27],[111.4384,-8.2699],[111.4384,-8.2698],[111.4386,-8.2695],[111.4387,-8.2695],[111.4388,-8.2695],[111.439,-8.2696],[111.4391,-8.2697],[111.4391,-8.2699],[111.4391,-8.27],[111.439,-8.2702],[111.4389,-8.2703],[111.4389,-8.2705],[111.4389,-8.2706],[111.4391,-8.2707],[111.4392,-8.2708],[111.4392,-8.2709],[111.4391,-8.271],[111.439,-8.271],[111.4389,-8.271],[111.4388,-8.2709],[111.4387,-8.2708],[111.4386,-8.2709],[111.4381,-8.2709],[111.4379,-8.2709],[111.4377,-8.2709],[111.4376,-8.2708],[111.4375,-8.2707],[111.4373,-8.2708],[111.4372,-8.2709],[111.4372,-8.271],[111.4373,-8.2712],[111.4373,-8.2713],[111.4373,-8.2714],[111.4373,-8.2716],[111.4373,-8.2717],[111.4372,-8.2717],[111.4371,-8.2717],[111.4371,-8.2718],[111.4371,-8.2719],[111.4372,-8.272],[111.4372,-8.2721],[111.4372,-8.2722],[111.4371,-8.2723],[111.4371,-8.2724],[111.437,-8.2723],[111.4369,-8.2723],[111.4369,-8.2722],[111.4368,-8.2721],[111.4369,-8.272],[111.4368,-8.2718],[111.4367,-8.2717],[111.4366,-8.2717],[111.4365,-8.2716],[111.4365,-8.2715],[111.4365,-8.2714],[111.4365,-8.2713],[111.4365,-8.2711],[111.4366,-8.271],[111.4368,-8.2709],[111.4369,-8.2708],[111.4371,-8.2708],[111.4372,-8.2707],[111.4373,-8.2706],[111.4374,-8.2705],[111.4374,-8.2704],[111.4377,-8.2704],[111.438,-8.2703]]],[[[111.4355,-8.2725],[111.4356,-8.2725],[111.4357,-8.2726],[111.4356,-8.2726],[111.4355,-8.2726],[111.4355,-8.2725]]],[[[111.4157,-8.2741],[111.4157,-8.274],[111.4157,-8.2739],[111.4158,-8.2739],[111.4159,-8.2739],[111.4159,-8.274],[111.4159,-8.2741],[111.4158,-8.2741],[111.4157,-8.2741]]],[[[111.4156,-8.2773],[111.4155,-8.2773],[111.4156,-8.2773],[111.4156,-8.2772],[111.4155,-8.2772],[111.4155,-8.2771],[111.4155,-8.277],[111.4155,-8.2769],[111.4156,-8.2769],[111.4157,-8.2769],[111.4158,-8.2769],[111.4158,-8.277],[111.4159,-8.277],[111.4159,-8.2771],[111.4159,-8.2772],[111.416,-8.2772],[111.416,-8.2773],[111.4159,-8.2773],[111.4159,-8.2774],[111.4158,-8.2774],[111.4158,-8.2773],[111.4157,-8.2773],[111.4156,-8.2773]]],[[[111.4434,-8.2901],[111.4434,-8.29],[111.4435,-8.29],[111.4435,-8.2899],[111.4436,-8.2898],[111.4437,-8.2898],[111.4437,-8.2897],[111.4437,-8.2896],[111.4437,-8.2895],[111.4438,-8.2894],[111.4439,-8.2893],[111.444,-8.2893],[111.4441,-8.2893],[111.4441,-8.2894],[111.4441,-8.2895],[111.4441,-8.2896],[111.444,-8.2896],[111.444,-8.2897],[111.4439,-8.2897],[111.4439,-8.2898],[111.4438,-8.2899],[111.4438,-8.29],[111.4437,-8.29],[111.4436,-8.2901],[111.4435,-8.2901],[111.4435,-8.2902],[111.4434,-8.2901]]]]}},{"type":"Feature","properties":{"name":"Taman","fillColor":"#e6ccff","fillOpacity":0.55},"geometry":{"type":"MultiPolygon","coordinates":[[[[113.256,-7.6868],[113.2574,-7.6862],[113.2696,-7.6812],[113.2686,-7.6786],[113.2666,-7.674],[113.2631,-7.6655],[113.2472,-7.6727],[113.2374,-7.6772],[113.24,-7.682],[113.2401,-7.6823],[113.2403,-7.6826],[113.2426,-7.6871],[113.2443,-7.6903],[113.2449,-7.6914],[113.256,-7.6868]]],[[[113.2542,-7.6768],[113.2544,-7.6768],[113.2547,-7.6768],[113.2548,-7.6768],[113.2551,-7.6768],[113.2557,-7.6766],[113.2561,-7.6765],[113.2566,-7.6764],[113.2569,-7.6763],[113.2572,-7.6762],[113.2573,-7.6762],[113.2576,-7.6762],[113.2588,-7.6763],[113.259,-7.6763],[113.2592,-7.6763],[113.2597,-7.6763],[113.2602,-7.6763],[113.2605,-7.6763],[113.2606,-7.6762],[113.2607,-7.6762],[113.261,-7.6762],[113.2614,-7.6762],[113.2615,-7.6762],[113.2615,-7.6763],[113.2616,-7.6763],[113.2616,-7.6764],[113.2617,-7.6764],[113.2617,-7.6766],[113.2618,-7.677],[113.2618,-7.6771],[113.2618,-7.6772],[113.2618,-7.6773],[113.2617,-7.6774],[113.2617,-7.6775],[113.2617,-7.6776],[113.2617,-7.6777],[113.2616,-7.6779],[113.2613,-7.6784],[113.2612,-7.6786],[113.2611,-7.6789],[113.261,-7.679],[113.2609,-7.679],[113.2607,-7.6793],[113.2605,-7.6795],[113.2604,-7.6796],[113.2604,-7.6797],[113.2603,-7.6797],[113.2591,-7.6804],[113.2578,-7.6809],[113.2575,-7.6809],[113.2572,-7.681],[113.2568,-7.6811],[113.2566,-7.6811],[113.2565,-7.6811],[113.256,-7.6811],[113.2558,-7.6811],[113.2551,-7.6811],[113.2539,-7.6812],[113.2529,-7.6812],[113.2527,-7.6812],[113.252,-7.6813],[113.2508,-7.6814],[113.2504,-7.6814],[113.25,-7.6814],[113.2499,-7.6814],[113.2494,-7.6813],[113.2491,-7.6812],[113.2486,-7.6811],[113.2484,-7.6811],[113.2476,-7.681],[113.2473,-7.681],[113.2464,-7.681],[113.2463,-7.681],[113.2456,-7.6809],[113.2449,-7.6808],[113.2442,-7.6808],[113.2436,-7.6807],[113.2434,-7.6807],[113.243,-7.6806],[113.2429,-7.6806],[113.2429,-7.6805],[113.2428,-7.6805],[113.2428,-7.6804],[113.2428,-7.6803],[113.2429,-7.6802],[113.2433,-7.68],[113.2443,-7.6796],[113.245,-7.6792],[113.2452,-7.6792],[113.2454,-7.6791],[113.2455,-7.679],[113.2459,-7.6789],[113.2474,-7.6782],[113.2476,-7.6782],[113.2478,-7.6781],[113.2479,-7.6781],[113.2481,-7.678],[113.2485,-7.6779],[113.2495,-7.6775],[113.2499,-7.6775],[113.25,-7.6774],[113.2501,-7.6774],[113.2503,-7.6774],[113.2504,-7.6773],[113.2507,-7.6773],[113.2511,-7.6772],[113.2515,-7.6771],[113.2522,-7.6771],[113.2519,-7.6746],[113.254,-7.6745],[113.2542,-7.6768]]]]}}]}