{"type":"FeatureCollection","features":[{"type":"Feature","properties":{"name":"Zona Bandar Udara","fillColor":"#ff00c5","fillOpacity":0.55},"geometry":{"type":"Polygon","coordinates":[[[112.8636110000001,-7.38272789399997],[112.907788556,-7.383026461999975],[112.9078798740001,-7.369460999999944],[112.8636110000001,-7.374249999999961],[112.8636110000001,-7.38272789399997]]]}},{"type":"Feature","properties":{"name":"Zona Bandar Udara","fillColor":"#ff00c5","fillOpacity":0.55},"geometry":{"type":"Polygon","coordinates":[[[112.9078798740001,-7.369460999999944],[112.9079887610001,-7.353286384999933],[112.8395077070001,-7.35322006399997],[112.834860463,-7.382531956999969],[112.9078798740001,-7.369460999999944]]]}},{"type":"Feature","properties":{"name":"Zona Bandar Udara","fillColor":"#ff00c5","fillOpacity":0.55},"geometry":{"type":"Polygon","coordinates":[[[114.380277778,-8.504166666999936],[114.3691666670001,-8.52249999999998],[114.380277778,-8.504166666999936]]]}},{"type":"Feature","properties":{"name":"Zona Dumping Area","fillColor":"#f6c567","fillOpacity":0.55},"geometry":{"type":"Polygon","coordinates":[[[112.666537766,-6.824624999999969],[112.658202778,-6.80240277799993],[112.666537766,-6.824624999999969]]]}},{"type":"Feature","properties":{"name":"Zona Dumping Area","fillColor":"#f6c567","fillOpacity":0.55},"geometry":{"type":"Polygon","coordinates":[[[112.666537766,-6.824624999999969],[112.6901472220001,-6.824624999999969],[112.6901472220001,-6.80240277799993],[112.6666715260001,-6.80240277799993],[112.666537766,-6.824624999999969]]]}},{"type":"Feature","properties":{"name":"Zona Dumping Area","fillColor":"#f6c567","fillOpacity":0.55},"geometry":{"type":"Polygon","coordinates":[[[112.1153077790001,-6.737173333999976],[112.1040583350001,-6.721373056999937],[112.1153077790001,-6.737173333999976]]]}},{"type":"Feature","properties":{"name":"Zona Dumping Area","fillColor":"#f6c567","fillOpacity":0.55},"geometry":{"type":"Polygon","coordinates":[[[114.0731155760001,-8.694390028999976],[114.046649859,-8.694390355999928],[114.0450432650001,-8.732295041999976],[114.1164427030001,-8.733918979999942],[114.116745881,-8.694389487999956],[114.0731155760001,-8.694390028999976]]]}},{"type":"Feature","properties":{"name":"Zona Fasilitas Umum","fillColor":"#cc99ff","fillOpacity":0.55},"geometry":{"type":"Polygon","coordinates":[[[112.7810828380001,-7.174817450999967],[112.780650429,-7.183002965999947],[112.7810828380001,-7.174817450999967]]]}},{"type":"Feature","properties":{"name":"Zona Fasilitas Umum","fillColor":"#cc99ff","fillOpacity":0.55},"geometry":{"type":"Polygon","coordinates":[[[112.781618908,-7.166775469999948],[112.7807493570001,-7.174802194999927],[112.781618908,-7.166775469999948]]]}},{"type":"Feature","properties":{"name":"Zona Industri","fillColor":"#e6e6b3","fillOpacity":0.55},"geometry":{"type":"Polygon","coordinates":[[[112.6919939730001,-7.097360493999929],[112.683020035,-7.084043239999971],[112.677638705,-7.099930607999966],[112.6919939730001,-7.097360493999929]]]}},{"type":"Feature","properties":{"name":"Zona Industri","fillColor":"#e6e6b3","fillOpacity":0.55},"geometry":{"type":"Polygon","coordinates":[[[113.0177388070001,-7.644488233999937],[113.0051030770001,-7.62252114599994],[113.0055226330001,-7.643898247999971],[113.0177388070001,-7.644488233999937]]]}},{"type":"Feature","properties":{"name":"Zona Industri","fillColor":"#e6e6b3","fillOpacity":0.55},"geometry":{"type":"Polygon","coordinates":[[[113.0186849690001,-7.650490948999959],[113.010532965,-7.650395892999938],[113.0186849690001,-7.650490948999959]]]}},{"type":"Feature","properties":{"name":"Zona Pariwisata","fillColor":"#ffe6ff","fillOpacity":0.55},"geometry":{"type":"Polygon","coordinates":[[[114.443361125,-8.028075163999972],[114.441557298,-8.043720470999972],[114.443361125,-8.028075163999972]]]}},{"type":"Feature","properties":{"name":"Zona Pariwisata","fillColor":"#ffe6ff","fillOpacity":0.55},"geometry":{"type":"Polygon","coordinates":[[[114.441557298,-8.028068272999974],[114.4324494160001,-8.028033472999937],[114.4395035360001,-8.052323912999952],[114.4287600930001,-8.067865780999966],[114.4403865380001,-8.06794522399997],[114.441557298,-8.028068272999974]]]}},{"type":"Feature","properties":{"name":"Zona Pariwisata","fillColor":"#ffe6ff","fillOpacity":0.55},"geometry":{"type":"Polygon","coordinates":[[[112.0706880250001,-6.894295236999938],[112.0633812750001,-6.886278217999973],[112.0706880250001,-6.894295236999938]]]}},{"type":"Feature","properties":{"name":"Zona Pariwisata","fillColor":"#ffe6ff","fillOpacity":0.55},"geometry":{"type":"Polygon","coordinates":[[[114.0590686700001,-6.915838599999972],[114.0511783100001,-6.907965456999932],[114.0590686700001,-6.915838599999972]]]}},{"type":"Feature","properties":{"name":"Zona Pariwisata","fillColor":"#ffe6ff","fillOpacity":0.55},"geometry":{"type":"Polygon","coordinates":[[[113.8238616010001,-6.879953564999937],[113.7885873180001,-6.885429373999955],[113.8238616010001,-6.879953564999937]]]}},{"type":"Feature","properties":{"name":"Zona Pariwisata","fillColor":"#ffe6ff","fillOpacity":0.55},"geometry":{"type":"Polygon","coordinates":[[[112.5450182550001,-8.403331629999968],[112.5347950290001,-8.405546414999947],[112.5450182550001,-8.403331629999968]]]}},{"type":"Feature","properties":{"name":"Zona Pariwisata","fillColor":"#ffe6ff","fillOpacity":0.55},"geometry":{"type":"Polygon","coordinates":[[[114.2512653490001,-8.600164334999931],[114.237675738,-8.61270011399995],[114.333187303,-8.646107745999927],[114.3604559260001,-8.676231722999944],[114.3607414620001,-8.714207919999978],[114.371483376,-8.71780498299995],[114.3731658140001,-8.677650512999946],[114.3497491180001,-8.645382279999978],[114.2512653490001,-8.600164334999931]]]}},{"type":"Feature","properties":{"name":"Zona Pariwisata","fillColor":"#ffe6ff","fillOpacity":0.55},"geometry":{"type":"Polygon","coordinates":[[[113.618838241,-8.442978191999941],[113.609370653,-8.441016311999931],[113.618838241,-8.442978191999941]]]}},{"type":"Feature","properties":{"name":"Zona Pariwisata","fillColor":"#ffe6ff","fillOpacity":0.55},"geometry":{"type":"Polygon","coordinates":[[[114.372625176,-8.264960610999935],[114.37932435,-8.256940712999949],[114.372625176,-8.264960610999935]]]}},{"type":"Feature","properties":{"name":"Zona Pariwisata","fillColor":"#ffe6ff","fillOpacity":0.55},"geometry":{"type":"Polygon","coordinates":[[[111.7466188590001,-8.306272203999981],[111.7399739450001,-8.300979096999981],[111.7466188590001,-8.306272203999981]]]}},{"type":"Feature","properties":{"name":"Zona Pariwisata","fillColor":"#ffe6ff","fillOpacity":0.55},"geometry":{"type":"Polygon","coordinates":[[[112.8374610980001,-8.374294936999945],[112.8287563710001,-8.370791275999977],[112.8374610980001,-8.374294936999945]]]}},{"type":"Feature","properties":{"name":"Zona Pariwisata","fillColor":"#ffe6ff","fillOpacity":0.55},"geometry":{"type":"Polygon","coordinates":[[[113.381051261,-8.386071545999926],[113.3737365080001,-8.382130119999943],[113.381051261,-8.386071545999926]]]}},{"type":"Feature","properties":{"name":"Zona Pariwisata","fillColor":"#ffe6ff","fillOpacity":0.55},"geometry":{"type":"Polygon","coordinates":[[[113.371322638,-8.367056155999933],[113.3394141020001,-8.33716764999997],[113.371322638,-8.367056155999933]]]}},{"type":"Feature","properties":{"name":"Zona Pariwisata","fillColor":"#ffe6ff","fillOpacity":0.55},"geometry":{"type":"Polygon","coordinates":[[[111.7269496490001,-8.286972141999968],[111.7080363210001,-8.29821951699995],[111.7269496490001,-8.286972141999968]]]}},{"type":"Feature","properties":{"name":"Zona Pariwisata","fillColor":"#ffe6ff","fillOpacity":0.55},"geometry":{"type":"Polygon","coordinates":[[[114.028650907,-8.598049269999933],[114.0049497270001,-8.59184288299997],[114.028650907,-8.598049269999933]]]}},{"type":"Feature","properties":{"name":"Zona Pariwisata","fillColor":"#ffe6ff","fillOpacity":0.55},"geometry":{"type":"Polygon","coordinates":[[[111.312861049,-8.265219592999927],[111.3034863400001,-8.257059591999962],[111.312861049,-8.265219592999927]]]}},{"type":"Feature","properties":{"name":"Zona Pariwisata","fillColor":"#ffe6ff","fillOpacity":0.55},"geometry":{"type":"Polygon","coordinates":[[[111.2399309960001,-8.255668638999964],[111.228486988,-8.262567695999962],[111.2399309960001,-8.255668638999964]]]}},{"type":"Feature","properties":{"name":"Zona Pariwisata","fillColor":"#ffe6ff","fillOpacity":0.55},"geometry":{"type":"Polygon","coordinates":[[[111.1002486830001,-8.23521814399993],[111.0964835340001,-8.222383452999964],[111.076586358,-8.22268300299993],[111.1002486830001,-8.23521814399993]]]}},{"type":"Feature","properties":{"name":"Zona Pariwisata","fillColor":"#ffe6ff","fillOpacity":0.55},"geometry":{"type":"Polygon","coordinates":[[[113.5814237200001,-8.43566773799995],[113.5626279380001,-8.42479074299996],[113.5814237200001,-8.43566773799995]]]}},{"type":"Feature","properties":{"name":"Zona Pelabuhan Laut","fillColor":"#ffffff","fillOpacity":0.0},"geometry":{"type":"Polygon","coordinates":[[[112.9624770080001,-7.526945431999934],[112.9228445020001,-7.525091385999929],[112.946020222,-7.531499900999961],[112.9216754380001,-7.563526826999976],[112.9624770080001,-7.526945431999934]]]}},{"type":"Feature","properties":{"name":"Zona Pelabuhan Laut","fillColor":"#ffffff","fillOpacity":0.0},"geometry":{"type":"Polygon","coordinates":[[[112.921413591,-7.572135549999928],[112.886698238,-7.596680522999975],[112.885915962,-7.610715232999951],[112.920993368,-7.585951268999963],[112.921413591,-7.572135549999928]]]}},{"type":"Feature","properties":{"name":"Zona Pelabuhan Laut","fillColor":"#ffffff","fillOpacity":0.0},"geometry":{"type":"Polygon","coordinates":[[[113.251932482,-7.699503619999973],[113.2559814870001,-7.686831607999977],[113.242632508,-7.687084732999949],[113.251932482,-7.699503619999973]]]}},{"type":"Feature","properties":{"name":"Zona Pelabuhan Laut","fillColor":"#ffffff","fillOpacity":0.0},"geometry":{"type":"Polygon","coordinates":[[[113.2145830180001,-7.306546855999954],[113.21453623,-7.289144030999978],[113.200952677,-7.289169081999944],[113.2009194440001,-7.306402777999949],[113.2145830180001,-7.306546855999954]]]}},{"type":"Feature","properties":{"name":"Zona Pelabuhan Laut","fillColor":"#ffffff","fillOpacity":0.0},"geometry":{"type":"Polygon","coordinates":[[[113.987625425,-7.056360990999963],[113.9671890000001,-7.056349999999952],[113.9671890000001,-7.06962520299993],[113.9838696530001,-7.072631408999939],[113.987625425,-7.056360990999963]]]}},{"type":"Feature","properties":{"name":"Zona Pelabuhan Laut","fillColor":"#ffffff","fillOpacity":0.0},"geometry":{"type":"Polygon","coordinates":[[[113.294082706,-7.233332999999959],[113.303709224,-7.240605804999973],[113.294082706,-7.233332999999959]]]}},{"type":"Feature","properties":{"name":"Zona Pelabuhan Laut","fillColor":"#ffffff","fillOpacity":0.0},"geometry":{"type":"Polygon","coordinates":[[[113.979556634,-7.615997167999979],[113.997222222,-7.598055555999963],[113.9875611110001,-7.590166666999949],[113.970625,-7.607666665999943],[113.979556634,-7.615997167999979]]]}},{"type":"Feature","properties":{"name":"Zona Pelabuhan Laut","fillColor":"#ffffff","fillOpacity":0.0},"geometry":{"type":"Polygon","coordinates":[[[112.669469787,-7.074759189999952],[112.6711551290001,-7.026644250999937],[112.660180789,-7.078819477999957],[112.6649706730001,-7.091438107999977],[112.669469787,-7.074759189999952]]]}},{"type":"Feature","properties":{"name":"Zona Pelabuhan Laut","fillColor":"#ffffff","fillOpacity":0.0},"geometry":{"type":"Polygon","coordinates":[[[113.93663517,-7.690466211999933],[113.9151483400001,-7.676552221999941],[113.9279530330001,-7.699807637999982],[113.93663517,-7.690466211999933]]]}},{"type":"Feature","properties":{"name":"Zona Pelabuhan Laut","fillColor":"#ffffff","fillOpacity":0.0},"geometry":{"type":"Polygon","coordinates":[[[113.3208788970001,-7.228567234999957],[113.3153922590001,-7.21873973199996],[113.3208788970001,-7.228567234999957]]]}},{"type":"Feature","properties":{"name":"Zona Pelabuhan Laut","fillColor":"#ffffff","fillOpacity":0.0},"geometry":{"type":"Polygon","coordinates":[[[112.2723934620001,-6.876146415999926],[112.2747694450001,-6.854133332999936],[112.2635250000001,-6.854133332999936],[112.2723934620001,-6.876146415999926]]]}},{"type":"Feature","properties":{"name":"Zona Pelabuhan Laut","fillColor":"#ffffff","fillOpacity":0.0},"geometry":{"type":"Polygon","coordinates":[[[112.3690045440001,-6.868899984999928],[112.3783916680001,-6.854833330999952],[112.368513889,-6.849063888999979],[112.3690045440001,-6.868899984999928]]]}},{"type":"Feature","properties":{"name":"Zona Pelabuhan Laut","fillColor":"#ffffff","fillOpacity":0.0},"geometry":{"type":"Polygon","coordinates":[[[112.964868107,-6.887621487999979],[112.957461111,-6.88393055399996],[112.964868107,-6.887621487999979]]]}},{"type":"Feature","properties":{"name":"Zona Pelabuhan Laut","fillColor":"#ffffff","fillOpacity":0.0},"geometry":{"type":"Polygon","coordinates":[[[112.6915587310001,-7.194379826999977],[112.7123794460001,-7.216333332999966],[112.7123127780001,-7.192386110999962],[112.6915587310001,-7.194379826999977]]]}},{"type":"Feature","properties":{"name":"Zona Pelabuhan Laut","fillColor":"#ffffff","fillOpacity":0.0},"geometry":{"type":"Polygon","coordinates":[[[113.092681478,-6.888887889999978],[113.083333,-6.878186437999943],[113.092681478,-6.888887889999978]]]}},{"type":"Feature","properties":{"name":"Zona Pelabuhan Laut","fillColor":"#ffffff","fillOpacity":0.0},"geometry":{"type":"Polygon","coordinates":[[[112.3364394470001,-6.865805630999944],[112.329219444,-6.85498611099996],[112.3364394470001,-6.865805630999944]]]}},{"type":"Feature","properties":{"name":"Zona Pelabuhan Laut","fillColor":"#ffffff","fillOpacity":0.0},"geometry":{"type":"Polygon","coordinates":[[[112.650339098,-5.850875986999938],[112.638291018,-5.845565981999925],[112.639598715,-5.855770332999953],[112.650339098,-5.850875986999938]]]}},{"type":"Feature","properties":{"name":"Zona Pelabuhan Laut","fillColor":"#ffffff","fillOpacity":0.0},"geometry":{"type":"Polygon","coordinates":[[[113.4536243980001,-7.222647105999954],[113.4434953660001,-7.220742910999945],[113.4436555550001,-7.235977777999949],[113.4537111110001,-7.235924999999952],[113.4536243980001,-7.222647105999954]]]}},{"type":"Feature","properties":{"name":"Zona Pelabuhan Laut","fillColor":"#ffffff","fillOpacity":0.0},"geometry":{"type":"Polygon","coordinates":[[[114.1707595510001,-7.003016181999953],[114.1562070670001,-7.010336953999968],[114.166479037,-7.014143598999965],[114.1707595510001,-7.003016181999953]]]}},{"type":"Feature","properties":{"name":"Zona Pelabuhan Laut","fillColor":"#ffffff","fillOpacity":0.0},"geometry":{"type":"Polygon","coordinates":[[[114.6068777590001,-5.043548937999958],[114.5998995210001,-5.035136195999939],[114.6068777590001,-5.043548937999958]]]}},{"type":"Feature","properties":{"name":"Zona Pelabuhan Laut","fillColor":"#ffffff","fillOpacity":0.0},"geometry":{"type":"Polygon","coordinates":[[[114.4157054460001,-5.573202908999974],[114.4063416670001,-5.582930555999951],[114.4157054460001,-5.573202908999974]]]}},{"type":"Feature","properties":{"name":"Zona Pelabuhan Laut","fillColor":"#ffffff","fillOpacity":0.0},"geometry":{"type":"Polygon","coordinates":[[[114.420256512,-5.527135076999969],[114.4130745880001,-5.545652859999961],[114.429333462,-5.552294568999969],[114.4343151960001,-5.52760127099998],[114.420256512,-5.527135076999969]]]}},{"type":"Feature","properties":{"name":"Zona Pelabuhan Laut","fillColor":"#ffffff","fillOpacity":0.0},"geometry":{"type":"Polygon","coordinates":[[[113.6270121810001,-6.889465973999961],[113.6210271580001,-6.882540755999969],[113.6270121810001,-6.889465973999961]]]}},{"type":"Feature","properties":{"name":"Zona Pelabuhan Laut","fillColor":"#ffffff","fillOpacity":0.0},"geometry":{"type":"Polygon","coordinates":[[[112.9000420000001,-7.623752777999925],[112.890733608,-7.616557999999941],[112.9000420000001,-7.623752777999925]]]}},{"type":"Feature","properties":{"name":"Zona Pelabuhan Laut","fillColor":"#ffffff","fillOpacity":0.0},"geometry":{"type":"Polygon","coordinates":[[[113.2277800000001,-7.69750000099998],[113.182616819,-7.69750000099998],[113.1789009150001,-7.747669591999966],[113.2104804000001,-7.738239971999974],[113.2153513500001,-7.722401711999964],[113.2168508740001,-7.736476574999926],[113.229872222,-7.712122221999948],[113.2253654460001,-7.738085227999932],[113.2362348,-7.739244717999952],[113.2518979980001,-7.705279999999959],[113.2277800000001,-7.69750000099998]]]}},{"type":"Feature","properties":{"name":"Zona Pelabuhan Laut","fillColor":"#ffffff","fillOpacity":0.0},"geometry":{"type":"Polygon","coordinates":[[[114.271951388,-7.097186308999937],[114.2652849130001,-7.090725906999978],[114.271951388,-7.097186308999937]]]}},{"type":"Feature","properties":{"name":"Zona Pelabuhan Laut","fillColor":"#ffffff","fillOpacity":0.0},"geometry":{"type":"Polygon","coordinates":[[[113.3036315000001,-7.21740751699997],[113.2937979430001,-7.217432473999963],[113.294082706,-7.233332999999959],[113.3036723380001,-7.233332999999959],[113.3036315000001,-7.21740751699997]]]}},{"type":"Feature","properties":{"name":"Zona Pelabuhan Laut","fillColor":"#ffffff","fillOpacity":0.0},"geometry":{"type":"Polygon","coordinates":[[[111.9834572010001,-6.650863262999962],[111.9835282320001,-6.633986584999946],[111.9719067360001,-6.634007906999955],[111.971968889,-6.656389166999929],[111.9834572010001,-6.650863262999962]]]}},{"type":"Feature","properties":{"name":"Zona Pelabuhan Laut","fillColor":"#ffffff","fillOpacity":0.0},"geometry":{"type":"Polygon","coordinates":[[[111.971968889,-6.656389166999929],[111.9719067360001,-6.634007906999955],[111.9341883850001,-6.634077098999967],[111.9307236370001,-6.694161903999941],[111.927393334,-6.634415277999949],[111.9093900000001,-6.634668610999938],[111.909562222,-6.651321941999981],[111.926457778,-6.652455833999966],[111.9176,-6.693755555999928],[111.933975278,-6.768508333999932],[111.956425928,-6.763684055999931],[111.9424109670001,-6.710183521999966],[111.9564081130001,-6.724592535999932],[111.9669199090001,-6.713777938999954],[111.9718188750001,-6.760839948999944],[111.971968889,-6.656389166999929]]]}},{"type":"Feature","properties":{"name":"Zona Pelabuhan Laut","fillColor":"#ffffff","fillOpacity":0.0},"geometry":{"type":"Polygon","coordinates":[[[112.923038612,-7.518709607999938],[112.916803196,-7.525063043999978],[112.923038612,-7.518709607999938]]]}},{"type":"Feature","properties":{"name":"Zona Pelabuhan Laut","fillColor":"#ffffff","fillOpacity":0.0},"geometry":{"type":"Polygon","coordinates":[[[112.9584591490001,-7.52055125499993],[112.9228445020001,-7.525091385999929],[112.9584591490001,-7.52055125499993]]]}},{"type":"Feature","properties":{"name":"Zona Pelabuhan Laut","fillColor":"#ffffff","fillOpacity":0.0},"geometry":{"type":"Polygon","coordinates":[[[112.9223255650001,-7.50368478799993],[112.9167980860001,-7.517722469999967],[112.9223255650001,-7.50368478799993]]]}},{"type":"Feature","properties":{"name":"Zona Pelabuhan Laut","fillColor":"#ffffff","fillOpacity":0.0},"geometry":{"type":"Polygon","coordinates":[[[112.938293475,-7.510610911999947],[112.923038612,-7.518709607999938],[112.9584591490001,-7.52055125499993],[112.938293475,-7.510610911999947]]]}},{"type":"Feature","properties":{"name":"Zona Pelabuhan Laut","fillColor":"#ffffff","fillOpacity":0.0},"geometry":{"type":"Polygon","coordinates":[[[115.233355456,-6.838895860999969],[115.22415,-6.847158332999925],[115.233355456,-6.838895860999969]]]}},{"type":"Feature","properties":{"name":"Zona Pelabuhan Laut","fillColor":"#ffffff","fillOpacity":0.0},"geometry":{"type":"Polygon","coordinates":[[[114.6083407460001,-7.15849215999998],[114.6323817030001,-7.158149999999978],[114.6083407460001,-7.15849215999998]]]}},{"type":"Feature","properties":{"name":"Zona Pelabuhan Laut","fillColor":"#ffffff","fillOpacity":0.0},"geometry":{"type":"Polygon","coordinates":[[[115.706019412,-7.010943507999968],[115.6967888910001,-7.006169443999966],[115.706019412,-7.010943507999968]]]}},{"type":"Feature","properties":{"name":"Zona Pelabuhan Laut","fillColor":"#ffffff","fillOpacity":0.0},"geometry":{"type":"Polygon","coordinates":[[[114.3313947820001,-7.165593587999979],[114.325369808,-7.182886408999934],[114.3313947820001,-7.165593587999979]]]}},{"type":"Feature","properties":{"name":"Zona Pelabuhan Laut","fillColor":"#ffffff","fillOpacity":0.0},"geometry":{"type":"Polygon","coordinates":[[[114.386160492,-8.20200135999994],[114.3801191700001,-8.210502529999928],[114.386160492,-8.20200135999994]]]}},{"type":"Feature","properties":{"name":"Zona Pelabuhan Laut","fillColor":"#ffffff","fillOpacity":0.0},"geometry":{"type":"Polygon","coordinates":[[[113.3837907760001,-8.392447839999932],[113.3674194460001,-8.392066666999938],[113.3837907760001,-8.392447839999932]]]}},{"type":"Feature","properties":{"name":"Zona Pelabuhan Laut","fillColor":"#ffffff","fillOpacity":0.0},"geometry":{"type":"Polygon","coordinates":[[[114.4038629600001,-8.151061370999969],[114.411012666,-8.13944437799995],[114.4038629600001,-8.151061370999969]]]}},{"type":"Feature","properties":{"name":"Zona Pelabuhan Laut","fillColor":"#ffffff","fillOpacity":0.0},"geometry":{"type":"Polygon","coordinates":[[[113.146267424,-8.285892133999937],[113.152501409,-8.303940835999981],[113.1656305570001,-8.300291666999954],[113.159871004,-8.283695756999975],[113.146267424,-8.285892133999937]]]}},{"type":"Feature","properties":{"name":"Zona Pelabuhan Laut","fillColor":"#ffffff","fillOpacity":0.0},"geometry":{"type":"Polygon","coordinates":[[[111.741681993,-8.323818304999975],[111.7466188590001,-8.306272203999981],[111.734872222,-8.314727777999963],[111.741681993,-8.323818304999975]]]}},{"type":"Feature","properties":{"name":"Zona Pelabuhan Laut","fillColor":"#ffffff","fillOpacity":0.0},"geometry":{"type":"Polygon","coordinates":[[[114.6323817030001,-7.158149999999978],[114.6147080120001,-7.15013812899997],[114.609321385,-7.158149999999978],[114.6323817030001,-7.158149999999978]]]}},{"type":"Feature","properties":{"name":"Zona Pelabuhan Laut","fillColor":"#ffffff","fillOpacity":0.0},"geometry":{"type":"Polygon","coordinates":[[[114.4038756220001,-8.140321168999947],[114.4038813860001,-8.114323165999963],[114.4038756220001,-8.140321168999947]]]}},{"type":"Feature","properties":{"name":"Zona Pelabuhan Laut","fillColor":"#ffffff","fillOpacity":0.0},"geometry":{"type":"Polygon","coordinates":[[[112.705156157,-8.431230494999966],[112.706962048,-8.418282561999945],[112.695356241,-8.426444754999977],[112.705156157,-8.431230494999966]]]}},{"type":"Feature","properties":{"name":"Zona Pelabuhan Laut","fillColor":"#ffffff","fillOpacity":0.0},"geometry":{"type":"Polygon","coordinates":[[[114.0568764070001,-8.63731861499997],[114.052674365,-8.645032802999935],[114.0568764070001,-8.63731861499997]]]}},{"type":"Feature","properties":{"name":"Zona Pelabuhan Perikanan","fillColor":"#558ed5","fillOpacity":0.55},"geometry":{"type":"Polygon","coordinates":[[[112.325,-6.833333334999963],[112.3250015220001,-6.755154363999964],[112.2875184180001,-6.755154397999945],[112.2870624340001,-6.869755804999954],[112.2992836620001,-6.874018697999929],[112.325,-6.852347222999981],[112.325,-6.833333334999963]]]}},{"type":"Feature","properties":{"name":"Zona Pelabuhan Perikanan","fillColor":"#558ed5","fillOpacity":0.55},"geometry":{"type":"Polygon","coordinates":[[[112.993736642,-7.656947899999977],[112.9782600980001,-7.650419555999974],[112.993736642,-7.656947899999977]]]}},{"type":"Feature","properties":{"name":"Zona Pelabuhan Perikanan","fillColor":"#558ed5","fillOpacity":0.55},"geometry":{"type":"Polygon","coordinates":[[[113.2253654460001,-7.738085227999932],[113.2354111110001,-7.712352777999968],[113.2202500000001,-7.723805553999966],[113.2253654460001,-7.738085227999932]]]}},{"type":"Feature","properties":{"name":"Zona Pelabuhan Perikanan","fillColor":"#558ed5","fillOpacity":0.55},"geometry":{"type":"Polygon","coordinates":[[[113.66639807,-6.884186295999939],[113.6546889240001,-6.886132820999933],[113.66639807,-6.884186295999939]]]}},{"type":"Feature","properties":{"name":"Zona Pelabuhan Perikanan","fillColor":"#558ed5","fillOpacity":0.55},"geometry":{"type":"Polygon","coordinates":[[[114.2415024960001,-8.600320953999926],[114.2286179660001,-8.604995359999975],[114.2415024960001,-8.600320953999926]]]}},{"type":"Feature","properties":{"name":"Zona Pelabuhan Perikanan","fillColor":"#558ed5","fillOpacity":0.55},"geometry":{"type":"Polygon","coordinates":[[[114.347227405,-8.427760754999952],[114.345440843,-8.445916371999942],[114.359665948,-8.45119838599993],[114.347227405,-8.427760754999952]]]}},{"type":"Feature","properties":{"name":"Zona Pelabuhan Perikanan","fillColor":"#558ed5","fillOpacity":0.55},"geometry":{"type":"Polygon","coordinates":[[[114.0049497270001,-8.59184288299997],[113.9972399170001,-8.597781238999971],[114.0049497270001,-8.59184288299997]]]}},{"type":"Feature","properties":{"name":"Zona Pelabuhan Perikanan","fillColor":"#558ed5","fillOpacity":0.55},"geometry":{"type":"Polygon","coordinates":[[[111.8030185270001,-8.26313675299997],[111.7940253980001,-8.266917595999928],[111.8030185270001,-8.26313675299997]]]}},{"type":"Feature","properties":{"name":"Zona Pelabuhan Perikanan","fillColor":"#558ed5","fillOpacity":0.55},"geometry":{"type":"Polygon","coordinates":[[[111.0765229630001,-8.222718113999974],[111.0734631050001,-8.246687969999925],[111.0847165090001,-8.246708635999937],[111.0765229630001,-8.222718113999974]]]}},{"type":"Feature","properties":{"name":"Zona Pengelolaan Ekosistem Pesisir","fillColor":"#4065eb","fillOpacity":0.55},"geometry":{"type":"Polygon","coordinates":[[[112.8825327330001,-7.593471292999936],[112.883316184,-7.575669074999951],[112.871641855,-7.58100436899997],[112.8825327330001,-7.593471292999936]]]}},{"type":"Feature","properties":{"name":"Zona Pengelolaan Ekosistem Pesisir","fillColor":"#4065eb","fillOpacity":0.55},"geometry":{"type":"Polygon","coordinates":[[[112.883316184,-7.575669074999951],[112.8679743810001,-7.52480544499997],[112.8778483360001,-7.563716246999945],[112.8685779900001,-7.562572427999953],[112.868525113,-7.576908117999949],[112.8781841240001,-7.577690910999934],[112.8698895810001,-7.56430092599993],[112.883316184,-7.575669074999951]]]}},{"type":"Feature","properties":{"name":"Zona Pengelolaan Ekosistem Pesisir","fillColor":"#4065eb","fillOpacity":0.55},"geometry":{"type":"Polygon","coordinates":[[[112.961934463,-7.621206807999954],[112.941899257,-7.612693146999959],[112.933303,-7.631178275999957],[112.9457425290001,-7.616754540999978],[112.961934463,-7.621206807999954]]]}},{"type":"Feature","properties":{"name":"Zona Pengelolaan Ekosistem Pesisir","fillColor":"#4065eb","fillOpacity":0.55},"geometry":{"type":"Polygon","coordinates":[[[112.544699,-6.853619651999963],[112.536788966,-6.857261589999951],[112.544699,-6.853619651999963]]]}},{"type":"Feature","properties":{"name":"Zona Pengelolaan Ekosistem Pesisir","fillColor":"#4065eb","fillOpacity":0.55},"geometry":{"type":"Polygon","coordinates":[[[112.8492313100001,-7.51171203399997],[112.866066313,-7.521948883999926],[112.8492313100001,-7.51171203399997]]]}},{"type":"Feature","properties":{"name":"Zona Pengelolaan Ekosistem Pesisir","fillColor":"#4065eb","fillOpacity":0.55},"geometry":{"type":"Polygon","coordinates":[[[112.441031864,-6.870841191999943],[112.430623586,-6.865794218999952],[112.441031864,-6.870841191999943]]]}},{"type":"Feature","properties":{"name":"Zona Pengelolaan Ekosistem Pesisir","fillColor":"#4065eb","fillOpacity":0.55},"geometry":{"type":"Polygon","coordinates":[[[112.7776732430001,-7.202319386999932],[112.7673319090001,-7.193544922999934],[112.7776732430001,-7.202319386999932]]]}},{"type":"Feature","properties":{"name":"Zona Pengelolaan Ekosistem Pesisir","fillColor":"#4065eb","fillOpacity":0.55},"geometry":{"type":"Polygon","coordinates":[[[113.2824559930001,-7.21562234299995],[113.1728528040001,-7.230763522999951],[113.2635697520001,-7.22808662999995],[113.2824559930001,-7.21562234299995]]]}},{"type":"Feature","properties":{"name":"Zona Pengelolaan Ekosistem Pesisir","fillColor":"#4065eb","fillOpacity":0.55},"geometry":{"type":"Polygon","coordinates":[[[112.848069613,-7.311929977999966],[112.834481114,-7.325108169999965],[112.848069613,-7.311929977999966]]]}},{"type":"Feature","properties":{"name":"Zona Pengelolaan Energi","fillColor":"#9ed7c2","fillOpacity":0.55},"geometry":{"type":"Polygon","coordinates":[[[113.0288978240001,-7.640053544999944],[113.0193118460001,-7.649858031999941],[113.0288978240001,-7.640053544999944]]]}},{"type":"Feature","properties":{"name":"Zona Pengelolaan Energi","fillColor":"#9ed7c2","fillOpacity":0.55},"geometry":{"type":"Polygon","coordinates":[[[113.0286729720001,-7.64866097099997],[113.0288978240001,-7.640053544999944],[113.0286729720001,-7.64866097099997]]]}},{"type":"Feature","properties":{"name":"Zona Pengelolaan Energi","fillColor":"#9ed7c2","fillOpacity":0.55},"geometry":{"type":"Polygon","coordinates":[[[112.016727765,-6.782431334999956],[111.9945332360001,-6.804367995999939],[112.016727765,-6.782431334999956]]]}},{"type":"Feature","properties":{"name":"Zona Pengelolaan Energi","fillColor":"#9ed7c2","fillOpacity":0.55},"geometry":{"type":"Polygon","coordinates":[[[113.5981528740001,-7.712888206999935],[113.583333334,-7.699999999999932],[113.563083333,-7.704733331999932],[113.563085846,-7.714164043999972],[113.5981528740001,-7.712888206999935]]]}},{"type":"Feature","properties":{"name":"Zona Pengelolaan Energi","fillColor":"#9ed7c2","fillOpacity":0.55},"geometry":{"type":"Polygon","coordinates":[[[112.0192194450001,-6.78493055499996],[111.9998768500001,-6.810249909999925],[112.0192194450001,-6.78493055499996]]]}},{"type":"Feature","properties":{"name":"Zona Perikanan Budidaya","fillColor":"#00c5ff","fillOpacity":0.55},"geometry":{"type":"Polygon","coordinates":[[[112.6666670000001,-5.617657212999973],[112.658040407,-5.609030616999974],[112.6096973580001,-5.657198508999954],[112.6666670000001,-5.666666999999961],[112.6666670000001,-5.617657212999973]]]}},{"type":"Feature","properties":{"name":"Zona Perikanan Budidaya","fillColor":"#00c5ff","fillOpacity":0.55},"geometry":{"type":"Polygon","coordinates":[[[113.5263900000001,-7.705224714999929],[113.5263900000001,-7.65257502299994],[113.375833334,-7.653055553999934],[113.375833334,-7.705279999999959],[113.5263900000001,-7.705224714999929]]]}},{"type":"Feature","properties":{"name":"Zona Perikanan Budidaya","fillColor":"#00c5ff","fillOpacity":0.55},"geometry":{"type":"Polygon","coordinates":[[[112.5127804890001,-6.882687833999967],[112.504072789,-6.906694309999978],[112.5127804890001,-6.882687833999967]]]}},{"type":"Feature","properties":{"name":"Zona Perikanan Budidaya","fillColor":"#00c5ff","fillOpacity":0.55},"geometry":{"type":"Polygon","coordinates":[[[114.165783947,-6.978971515999945],[114.164394008,-6.988005785999974],[114.165783947,-6.978971515999945]]]}},{"type":"Feature","properties":{"name":"Zona Perikanan Budidaya","fillColor":"#00c5ff","fillOpacity":0.55},"geometry":{"type":"Polygon","coordinates":[[[112.9992187,-7.210672823999971],[113.0400830200001,-7.224956496999937],[113.0405100070001,-7.21481821499998],[112.9992187,-7.210672823999971]]]}},{"type":"Feature","properties":{"name":"Zona Perikanan Budidaya","fillColor":"#00c5ff","fillOpacity":0.55},"geometry":{"type":"Polygon","coordinates":[[[113.0449600000001,-7.215238998999951],[113.0400830200001,-7.224956496999937],[113.1009639350001,-7.241753504999963],[113.1009639350001,-7.233193154999981],[113.1403908790001,-7.233169269999962],[113.1333308960001,-7.222591745999978],[113.1001998850001,-7.229031726999949],[113.0449600000001,-7.215238998999951]]]}},{"type":"Feature","properties":{"name":"Zona Perikanan Budidaya","fillColor":"#00c5ff","fillOpacity":0.55},"geometry":{"type":"Polygon","coordinates":[[[114.4295243780001,-8.022825857999976],[114.4281942,-8.007453943999963],[114.4295243780001,-8.022825857999976]]]}},{"type":"Feature","properties":{"name":"Zona Perikanan Budidaya","fillColor":"#00c5ff","fillOpacity":0.55},"geometry":{"type":"Polygon","coordinates":[[[114.347230059,-8.417937324999968],[114.339941636,-8.426708607999956],[114.347230059,-8.417937324999968]]]}},{"type":"Feature","properties":{"name":"Zona Perikanan Budidaya","fillColor":"#00c5ff","fillOpacity":0.55},"geometry":{"type":"Polygon","coordinates":[[[113.153868224,-7.233161105999955],[113.1444261480001,-7.213066863999927],[113.1504918290001,-7.223741564999955],[113.1403908790001,-7.233169269999962],[113.153868224,-7.233161105999955]]]}},{"type":"Feature","properties":{"name":"Zona Perikanan Budidaya","fillColor":"#00c5ff","fillOpacity":0.55},"geometry":{"type":"Polygon","coordinates":[[[111.7914654420001,-8.328525858999967],[111.8305866210001,-8.300588991999973],[111.8174635230001,-8.287239630999977],[111.7843230220001,-8.320193037999957],[111.7914654420001,-8.328525858999967]]]}},{"type":"Feature","properties":{"name":"Zona Perikanan Tangkap","fillColor":"#6191c9","fillOpacity":0.55},"geometry":{"type":"Polygon","coordinates":[[[113.7062504260001,-7.503436482999973],[113.668020262,-7.512189417999934],[113.7062504260001,-7.503436482999973]]]}},{"type":"Feature","properties":{"name":"Zona Perikanan Tangkap","fillColor":"#6191c9","fillOpacity":0.55},"geometry":{"type":"Polygon","coordinates":[[[112.727902975,-6.917439660999946],[112.7411744210001,-6.908330999999976],[112.727902975,-6.917439660999946]]]}},{"type":"Feature","properties":{"name":"Zona Perikanan Tangkap","fillColor":"#6191c9","fillOpacity":0.55},"geometry":{"type":"Polygon","coordinates":[[[112.8995089550001,-7.515214257999958],[112.868959642,-7.513086284999929],[112.8682020320001,-7.522097651999957],[112.8991160490001,-7.52425102899997],[112.8995089550001,-7.515214257999958]]]}},{"type":"Feature","properties":{"name":"Zona Perikanan Tangkap","fillColor":"#6191c9","fillOpacity":0.55},"geometry":{"type":"Polygon","coordinates":[[[112.996845579,-7.496131662999971],[112.9624770080001,-7.526945431999934],[112.996845579,-7.496131662999971]]]}},{"type":"Feature","properties":{"name":"Zona Perikanan Tangkap","fillColor":"#6191c9","fillOpacity":0.55},"geometry":{"type":"Polygon","coordinates":[[[112.99654519,-7.500617007999949],[112.9603762370001,-7.533770761999961],[112.99654519,-7.500617007999949]]]}},{"type":"Feature","properties":{"name":"Zona Perikanan Tangkap","fillColor":"#6191c9","fillOpacity":0.55},"geometry":{"type":"Polygon","coordinates":[[[113.083333,-6.87534253299998],[113.0748767230001,-6.883332999999936],[113.083333,-6.87534253299998]]]}},{"type":"Feature","properties":{"name":"Zona Perikanan Tangkap","fillColor":"#6191c9","fillOpacity":0.55},"geometry":{"type":"Polygon","coordinates":[[[112.9234854810001,-7.504017832999978],[112.925212532,-7.44723739899996],[112.9234854810001,-7.504017832999978]]]}},{"type":"Feature","properties":{"name":"Zona Perikanan Tangkap","fillColor":"#6191c9","fillOpacity":0.55},"geometry":{"type":"Polygon","coordinates":[[[112.997380377,-7.48814619999996],[112.9999349990001,-7.449999999999932],[112.983333,-7.449999999999932],[112.9598877960001,-7.519361792999973],[112.997380377,-7.48814619999996]]]}},{"type":"Feature","properties":{"name":"Zona Perikanan Tangkap","fillColor":"#6191c9","fillOpacity":0.55},"geometry":{"type":"Polygon","coordinates":[[[112.9730554770001,-7.466666999999973],[112.9333330000001,-7.466666999999973],[112.9333330000001,-7.443893676999949],[112.925212532,-7.44723739899996],[112.9234854810001,-7.504017832999978],[112.9560150000001,-7.511390276999975],[112.9730554770001,-7.466666999999973]]]}},{"type":"Feature","properties":{"name":"Zona Perikanan Tangkap","fillColor":"#6191c9","fillOpacity":0.55},"geometry":{"type":"Polygon","coordinates":[[[114.019262268,-7.616669999999942],[114.002986111,-7.613513887999943],[114.019262268,-7.616669999999942]]]}},{"type":"Feature","properties":{"name":"Zona Perikanan Tangkap","fillColor":"#6191c9","fillOpacity":0.55},"geometry":{"type":"Polygon","coordinates":[[[113.2960361170001,-7.653055553999934],[113.2277800000001,-7.653055553999934],[113.2277800000001,-7.69750000099998],[113.24131145,-7.69750000099998],[113.237416667,-7.677161109999929],[113.2630666680001,-7.66554999899995],[113.269644445,-7.681152776999966],[113.251932482,-7.699503619999973],[113.260973637,-7.705279999999959],[113.2960361170001,-7.653055553999934]]]}},{"type":"Feature","properties":{"name":"Zona Perikanan Tangkap","fillColor":"#6191c9","fillOpacity":0.55},"geometry":{"type":"Polygon","coordinates":[[[113.0608185900001,-7.456172649999928],[113.0378408710001,-7.459376585999962],[113.0333330000001,-7.472615245999975],[113.0608185900001,-7.456172649999928]]]}},{"type":"Feature","properties":{"name":"Zona Perikanan Tangkap","fillColor":"#6191c9","fillOpacity":0.55},"geometry":{"type":"Polygon","coordinates":[[[113.9279567440001,-7.676474222999957],[113.915368174,-7.640421658999969],[113.9029423860001,-7.640505119999943],[113.9151483400001,-7.676552221999941],[113.9279567440001,-7.676474222999957]]]}},{"type":"Feature","properties":{"name":"Zona Perikanan Tangkap","fillColor":"#6191c9","fillOpacity":0.55},"geometry":{"type":"Polygon","coordinates":[[[112.280569439,-6.871598291999931],[112.2805777780001,-6.846183333999932],[112.2443194450001,-6.846183333999932],[112.2474966410001,-6.878481683999951],[112.2668878620001,-6.876406584999927],[112.2635250000001,-6.854133332999936],[112.2747694450001,-6.854133332999936],[112.2723934620001,-6.876146415999926],[112.280569439,-6.871598291999931]]]}},{"type":"Feature","properties":{"name":"Zona Perikanan Tangkap","fillColor":"#6191c9","fillOpacity":0.55},"geometry":{"type":"Polygon","coordinates":[[[113.0467074410001,-7.451427101999968],[113.0008717280001,-7.436012656999935],[112.9999349990001,-7.449999999999932],[113.0333330000001,-7.449999999999932],[113.0333330000001,-7.462073295999971],[113.0467074410001,-7.451427101999968]]]}},{"type":"Feature","properties":{"name":"Zona Perikanan Tangkap","fillColor":"#6191c9","fillOpacity":0.55},"geometry":{"type":"Polygon","coordinates":[[[112.916739342,-7.433332999999948],[112.916727742,-7.416666999999961],[112.9000000000001,-7.416666999999961],[112.9000000000001,-7.433332999999948],[112.916739342,-7.433332999999948]]]}},{"type":"Feature","properties":{"name":"Zona Perikanan Tangkap","fillColor":"#6191c9","fillOpacity":0.55},"geometry":{"type":"Polygon","coordinates":[[[112.970225281,-7.425706324999965],[112.9222557800001,-7.416666999999961],[112.9333330000001,-7.443893676999949],[112.970225281,-7.425706324999965]]]}},{"type":"Feature","properties":{"name":"Zona Perikanan Tangkap","fillColor":"#6191c9","fillOpacity":0.55},"geometry":{"type":"Polygon","coordinates":[[[112.988037659,-7.431696587999966],[112.9730554770001,-7.466666999999973],[112.988037659,-7.431696587999966]]]}},{"type":"Feature","properties":{"name":"Zona Perikanan Tangkap","fillColor":"#6191c9","fillOpacity":0.55},"geometry":{"type":"Polygon","coordinates":[[[113.0008717280001,-7.436012656999935],[112.988037659,-7.431696587999966],[112.973985788,-7.466666999999973],[112.983333,-7.466666999999973],[112.983333,-7.449999999999932],[112.9999349990001,-7.449999999999932],[113.0008717280001,-7.436012656999935]]]}},{"type":"Feature","properties":{"name":"Zona Perikanan Tangkap","fillColor":"#6191c9","fillOpacity":0.55},"geometry":{"type":"Polygon","coordinates":[[[112.970225281,-7.425706324999965],[112.9333330000001,-7.443893676999949],[112.9333330000001,-7.466666999999973],[112.9730554770001,-7.466666999999973],[112.9822780970001,-7.429759659999945],[112.970225281,-7.425706324999965]]]}},{"type":"Feature","properties":{"name":"Zona Perikanan Tangkap","fillColor":"#6191c9","fillOpacity":0.55},"geometry":{"type":"Polygon","coordinates":[[[112.9223255650001,-7.50368478799993],[112.922281265,-7.448444390999953],[112.9223255650001,-7.50368478799993]]]}},{"type":"Feature","properties":{"name":"Zona Perikanan Tangkap","fillColor":"#6191c9","fillOpacity":0.55},"geometry":{"type":"Polygon","coordinates":[[[112.9598877960001,-7.519361792999973],[112.9715254160001,-7.47279003999995],[112.9560150000001,-7.511390276999975],[112.938293475,-7.510610911999947],[112.9598877960001,-7.519361792999973]]]}},{"type":"Feature","properties":{"name":"Zona Perikanan Tangkap","fillColor":"#6191c9","fillOpacity":0.55},"geometry":{"type":"Polygon","coordinates":[[[113.38526072,-8.395307911999964],[113.3660950990001,-8.398163813999929],[113.38526072,-8.395307911999964]]]}},{"type":"Feature","properties":{"name":"Zona Perikanan Tangkap","fillColor":"#6191c9","fillOpacity":0.55},"geometry":{"type":"Polygon","coordinates":[[[114.0621573540001,-8.648279497999965],[114.063831916,-8.635090800999933],[114.0621573540001,-8.648279497999965]]]}},{"type":"Feature","properties":{"name":"Zona Perikanan Tangkap","fillColor":"#6191c9","fillOpacity":0.55},"geometry":{"type":"Polygon","coordinates":[[[112.9222691460001,-7.433332999999948],[112.916727742,-7.416666999999961],[112.9222691460001,-7.433332999999948]]]}},{"type":"Feature","properties":{"name":"Zona Perikanan Tangkap","fillColor":"#6191c9","fillOpacity":0.55},"geometry":{"type":"Polygon","coordinates":[[[113.3782594,-8.379766199999949],[113.3586527780001,-8.381802777999951],[113.3660950990001,-8.398163813999929],[113.3782594,-8.379766199999949]]]}},{"type":"Feature","properties":{"name":"Zona Perikanan Tangkap","fillColor":"#6191c9","fillOpacity":0.55},"geometry":{"type":"Polygon","coordinates":[[[112.7227397090001,-8.418093443999965],[112.706962048,-8.418282561999945],[112.7119192710001,-8.446824061999962],[112.7338561,-8.434297759999936],[112.7227397090001,-8.418093443999965]]]}},{"type":"Feature","properties":{"name":"Zona Perikanan Tangkap","fillColor":"#6191c9","fillOpacity":0.55},"geometry":{"type":"Polygon","coordinates":[[[113.460668197,-7.583610999999962],[113.4523021320001,-7.593004511999936],[113.460668197,-7.583610999999962]]]}},{"type":"Feature","properties":{"name":"Zona Perikanan Tangkap","fillColor":"#6191c9","fillOpacity":0.55},"geometry":{"type":"Polygon","coordinates":[[[112.6666670000001,-5.573469991999957],[112.6666670000001,-5.564416802999972],[112.6,-5.567392130999963],[112.6,-5.576436620999971],[112.6666670000001,-5.573469991999957]]]}},{"type":"Feature","properties":{"name":"Zona Perikanan Tangkap","fillColor":"#6191c9","fillOpacity":0.55},"geometry":{"type":"Polygon","coordinates":[[[113.2494625820001,-7.484951041999977],[113.231317124,-7.486048564999976],[113.2494625820001,-7.484951041999977]]]}},{"type":"Feature","properties":{"name":"Zona Perikanan Tangkap","fillColor":"#6191c9","fillOpacity":0.55},"geometry":{"type":"Polygon","coordinates":[[[112.868959642,-7.513086284999929],[112.8492313100001,-7.51171203399997],[112.866066313,-7.521948883999926],[112.868959642,-7.513086284999929]]]}},{"type":"Feature","properties":{"name":"Zona Perikanan Tangkap","fillColor":"#6191c9","fillOpacity":0.55},"geometry":{"type":"Polygon","coordinates":[[[113.1566497450001,-7.48559008999996],[113.1524704780001,-7.47739921799996],[113.1419560430001,-7.485426246999964],[113.0903309820001,-7.545172216999958],[113.0335108100001,-7.536184299999945],[113.029312418,-7.544675211999959],[113.0833767580001,-7.553227208999942],[113.0281073630001,-7.617296555999928],[113.019403043,-7.648624660999928],[113.0938998800001,-7.554891775999977],[113.1482892070001,-7.563495177999926],[113.1499564620001,-7.55460388299997],[113.1008539950001,-7.546836766999945],[113.1566497450001,-7.48559008999996]]]}},{"type":"Feature","properties":{"name":"Zona Perikanan Tangkap","fillColor":"#6191c9","fillOpacity":0.55},"geometry":{"type":"Polygon","coordinates":[[[113.001188887,-6.87865617999995],[112.9166670000001,-6.883332999999936],[113.001188887,-6.87865617999995]]]}},{"type":"Feature","properties":{"name":"Zona Perikanan Tangkap","fillColor":"#6191c9","fillOpacity":0.55},"geometry":{"type":"Polygon","coordinates":[[[112.4374476910001,-6.734071195999945],[112.4166670000001,-6.733671999999956],[112.4174420000001,-6.813380999999936],[112.418012222,-6.734003609999945],[112.4374476910001,-6.734071195999945]]]}},{"type":"Feature","properties":{"name":"Zona Perikanan Tangkap","fillColor":"#6191c9","fillOpacity":0.55},"geometry":{"type":"Polygon","coordinates":[[[113.0608312740001,-7.334175727999934],[113.038535354,-7.33209220699996],[113.0608312740001,-7.334175727999934]]]}},{"type":"Feature","properties":{"name":"Zona Perikanan Tangkap","fillColor":"#6191c9","fillOpacity":0.55},"geometry":{"type":"Polygon","coordinates":[[[113.127189109,-6.849047614999961],[113.130411288,-6.797194796999975],[113.127189109,-6.849047614999961]]]}},{"type":"Feature","properties":{"name":"Zona Perikanan Tangkap","fillColor":"#6191c9","fillOpacity":0.55},"geometry":{"type":"Polygon","coordinates":[[[114.067739434,-7.117649445999973],[114.0806190000001,-7.11763899999994],[114.0806139990001,-7.079365158999963],[114.067739434,-7.117649445999973]]]}},{"type":"Feature","properties":{"name":"Zona Perikanan Tangkap","fillColor":"#6191c9","fillOpacity":0.55},"geometry":{"type":"Polygon","coordinates":[[[112.8940357610001,-5.638160286999948],[112.8753161660001,-5.63332332799996],[112.8940357610001,-5.638160286999948]]]}},{"type":"Feature","properties":{"name":"Zona Perikanan Tangkap","fillColor":"#6191c9","fillOpacity":0.55},"geometry":{"type":"Polygon","coordinates":[[[113.295368787,-7.507718990999933],[113.2534556080001,-7.486931449999929],[113.274980859,-7.507704414999978],[113.295368787,-7.507718990999933]]]}},{"type":"Feature","properties":{"name":"Zona Perikanan Tangkap","fillColor":"#6191c9","fillOpacity":0.55},"geometry":{"type":"Polygon","coordinates":[[[112.499204283,-6.766666999999927],[112.4928767910001,-6.746569984999951],[112.499204283,-6.766666999999927]]]}},{"type":"Feature","properties":{"name":"Zona Perikanan Tangkap","fillColor":"#6191c9","fillOpacity":0.55},"geometry":{"type":"Polygon","coordinates":[[[113.145348341,-6.764775399999962],[113.1702457910001,-6.71060508599993],[113.1602736570001,-6.710644756999955],[113.1353726200001,-6.764820904999965],[113.145348341,-6.764775399999962]]]}},{"type":"Feature","properties":{"name":"Zona Perikanan Tangkap","fillColor":"#6191c9","fillOpacity":0.55},"geometry":{"type":"Polygon","coordinates":[[[112.1622887000001,-6.70862680099998],[112.145504681,-6.708932183999934],[112.1602200410001,-6.898880274999954],[112.1622887000001,-6.70862680099998]]]}},{"type":"Feature","properties":{"name":"Zona Perikanan Tangkap","fillColor":"#6191c9","fillOpacity":0.55},"geometry":{"type":"Polygon","coordinates":[[[113.5808330000001,-7.308857344999979],[113.4273330000001,-7.293518345999928],[113.4273330000001,-7.302605746999973],[113.5808330000001,-7.317944741999952],[113.5808330000001,-7.308857344999979]]]}},{"type":"Feature","properties":{"name":"Zona Perikanan Tangkap","fillColor":"#6191c9","fillOpacity":0.55},"geometry":{"type":"Polygon","coordinates":[[[113.0921817090001,-7.437410414999931],[113.049538092,-7.45237904399994],[113.0921817090001,-7.437410414999931]]]}},{"type":"Feature","properties":{"name":"Zona Perikanan Tangkap","fillColor":"#6191c9","fillOpacity":0.55},"geometry":{"type":"Polygon","coordinates":[[[113.098781257,-7.433462392999957],[113.0961110000001,-7.424518083999942],[113.0807010880001,-7.433736637999971],[113.098781257,-7.433462392999957]]]}},{"type":"Feature","properties":{"name":"Zona Perikanan Tangkap","fillColor":"#6191c9","fillOpacity":0.55},"geometry":{"type":"Polygon","coordinates":[[[113.065247094,-7.431025085999977],[113.0008717280001,-7.436012656999935],[113.0467074410001,-7.451427101999968],[113.065247094,-7.431025085999977]]]}},{"type":"Feature","properties":{"name":"Zona Perikanan Tangkap","fillColor":"#6191c9","fillOpacity":0.55},"geometry":{"type":"Polygon","coordinates":[[[113.001342581,-7.42898183099993],[112.988037659,-7.431696587999966],[113.001342581,-7.42898183099993]]]}},{"type":"Feature","properties":{"name":"Zona Perikanan Tangkap","fillColor":"#6191c9","fillOpacity":0.55},"geometry":{"type":"Polygon","coordinates":[[[112.9829561,-7.427046410999935],[112.970225281,-7.425706324999965],[112.9829561,-7.427046410999935]]]}},{"type":"Feature","properties":{"name":"Zona Perikanan Tangkap","fillColor":"#6191c9","fillOpacity":0.55},"geometry":{"type":"Polygon","coordinates":[[[113.1280153030001,-6.885673993999944],[113.124592664,-6.849060345999931],[113.1280153030001,-6.885673993999944]]]}},{"type":"Feature","properties":{"name":"Zona Perikanan Tangkap","fillColor":"#6191c9","fillOpacity":0.55},"geometry":{"type":"Polygon","coordinates":[[[114.0334795880001,-7.147926164999944],[114.0826175000001,-7.166960277999976],[114.211533056,-7.166614999999979],[114.2118127780001,-6.998116388999961],[114.1853826880001,-6.999506114999974],[114.170676755,-7.023455301999945],[114.145365265,-7.016126157999963],[114.1520810510001,-6.998148047999962],[114.117709073,-6.998166265999942],[114.0806139990001,-7.079365158999963],[114.0806190000001,-7.11763899999994],[114.0588645460001,-7.119286728999953],[114.0334795880001,-7.147926164999944]]]}},{"type":"Feature","properties":{"name":"Zona Perikanan Tangkap","fillColor":"#6191c9","fillOpacity":0.55},"geometry":{"type":"Polygon","coordinates":[[[114.4991994440001,-7.106193126999926],[114.4988733340001,-7.000656942999967],[114.426823334,-7.000580832999958],[114.4486665620001,-7.155846525999948],[114.4705727510001,-7.155721864999975],[114.470375018,-7.129523700999925],[114.4991994440001,-7.106193126999926]]]}},{"type":"Feature","properties":{"name":"Zona Perikanan Tangkap","fillColor":"#6191c9","fillOpacity":0.55},"geometry":{"type":"Polygon","coordinates":[[[113.0355893300001,-7.331653437999933],[113.0371017450001,-7.295743073999972],[113.0114860000001,-7.295852999999966],[112.9928390000001,-7.314677999999958],[112.9928390000001,-7.325286367999979],[113.0355893300001,-7.331653437999933]]]}},{"type":"Feature","properties":{"name":"Zona Perikanan Tangkap","fillColor":"#6191c9","fillOpacity":0.55},"geometry":{"type":"Polygon","coordinates":[[[113.1298221220001,-7.338848859999928],[113.1296580000001,-7.304302999999948],[113.1112220000001,-7.295424999999966],[113.0371017450001,-7.295743073999972],[113.0355893300001,-7.331653437999933],[113.1298221220001,-7.338848859999928]]]}},{"type":"Feature","properties":{"name":"Zona Perikanan Tangkap","fillColor":"#6191c9","fillOpacity":0.55},"geometry":{"type":"Polygon","coordinates":[[[113.600400893,-7.397072087999959],[113.5797000000001,-7.397060999999951],[113.5797500000001,-7.385268999999937],[113.5334310000001,-7.385268999999937],[113.5334110000001,-7.371588999999972],[113.4868110000001,-7.371538999999927],[113.486889248,-7.358506760999944],[113.3930884790001,-7.358509673999947],[113.393118165,-7.399030624999966],[113.3986610000001,-7.386060999999927],[113.5147810000001,-7.386188999999945],[113.514749624,-7.402246265999963],[113.600400893,-7.397072087999959]]]}},{"type":"Feature","properties":{"name":"Zona Perikanan Tangkap","fillColor":"#6191c9","fillOpacity":0.55},"geometry":{"type":"Polygon","coordinates":[[[113.1605286250001,-7.392769330999954],[113.150541735,-7.346161663999965],[113.138375566,-7.341867721999961],[113.0961110000001,-7.391071508999971],[113.1605286250001,-7.392769330999954]]]}},{"type":"Feature","properties":{"name":"Zona Perikanan Tangkap","fillColor":"#6191c9","fillOpacity":0.55},"geometry":{"type":"Polygon","coordinates":[[[115.12329449,-7.216184209999938],[115.191609294,-7.197321156999976],[115.1214413380001,-7.207314384999961],[115.0497161440001,-7.232795907999957],[115.12329449,-7.216184209999938]]]}},{"type":"Feature","properties":{"name":"Zona Perikanan Tangkap","fillColor":"#6191c9","fillOpacity":0.55},"geometry":{"type":"Polygon","coordinates":[[[112.967859994,-8.449976318999973],[112.9664018860001,-8.429025199999955],[112.950282795,-8.462567099999944],[112.9260941010001,-8.476514304999966],[112.681487078,-8.507546866999974],[112.5989921470001,-8.496363576999954],[112.468146344,-8.448242905999962],[112.357637927,-8.432001193999952],[112.3576874930001,-8.441094445999966],[112.477610657,-8.459917298999926],[112.5825104470001,-8.500660934999928],[112.35789634,-8.479409076999957],[112.3579458360001,-8.488489521999952],[112.974775376,-8.549341339999955],[112.9741384130001,-8.540189002999966],[112.725834049,-8.515126972999951],[112.823856985,-8.490603434999969],[112.9284709560001,-8.485240892999968],[112.967859994,-8.449976318999973]]]}},{"type":"Feature","properties":{"name":"Zona Perikanan Tangkap","fillColor":"#6191c9","fillOpacity":0.55},"geometry":{"type":"Polygon","coordinates":[[[113.0824829270001,-7.237281530999951],[113.0399969170001,-7.22700090099994],[113.0371017450001,-7.295743073999972],[113.1112220000001,-7.295424999999966],[113.1296580000001,-7.304302999999948],[113.1308498500001,-7.339211586999966],[113.1390116670001,-7.265866665999965],[113.1141186110001,-7.287368610999977],[113.113932778,-7.244891664999955],[113.0824829270001,-7.237281530999951]]]}},{"type":"Feature","properties":{"name":"Zona Pertambangan Mineral dan Batu Bara","fillColor":"#f2f2f2","fillOpacity":0.55},"geometry":{"type":"Polygon","coordinates":[[[112.5703575970001,-6.789798459999929],[112.570134486,-6.773194331999946],[112.5703575970001,-6.789798459999929]]]}},{"type":"Feature","properties":{"name":"Zona Pertambangan Mineral dan Batu Bara","fillColor":"#f2f2f2","fillOpacity":0.55},"geometry":{"type":"Polygon","coordinates":[[[112.9166666460001,-6.835249529999942],[112.8734490060001,-6.833333333999974],[112.872961816,-6.860598817999971],[112.9105097250001,-6.86047591099998],[112.9166666460001,-6.835249529999942]]]}},{"type":"Feature","properties":{"name":"Zona Pertambangan Mineral dan Batu Bara","fillColor":"#f2f2f2","fillOpacity":0.55},"geometry":{"type":"Polygon","coordinates":[[[112.903853236,-7.330461109999931],[112.8870807860001,-7.323037633999945],[112.903853236,-7.330461109999931]]]}},{"type":"Feature","properties":{"name":"Zona Pertambangan Mineral dan Batu Bara","fillColor":"#f2f2f2","fillOpacity":0.55},"geometry":{"type":"Polygon","coordinates":[[[112.894934884,-7.330461109999931],[112.8797527790001,-7.323426667999968],[112.894934884,-7.330461109999931]]]}},{"type":"Feature","properties":{"name":"Zona Pertambangan Minyak dan Gas Bumi","fillColor":"#b3b399","fillOpacity":0.55},"geometry":{"type":"Polygon","coordinates":[[[113.8482484960001,-7.443763411999953],[113.858259921,-7.449144258999979],[113.854956365,-7.428062526999952],[113.8482484960001,-7.443763411999953]]]}},{"type":"Feature","properties":{"name":"Zona Pertambangan Minyak dan Gas Bumi","fillColor":"#b3b399","fillOpacity":0.55},"geometry":{"type":"Polygon","coordinates":[[[112.570240491,-6.818626345999974],[112.570364884,-6.798307929999964],[112.570240491,-6.818626345999974]]]}},{"type":"Feature","properties":{"name":"Zona Pertambangan Minyak dan Gas Bumi","fillColor":"#b3b399","fillOpacity":0.55},"geometry":{"type":"Polygon","coordinates":[[[112.5703575970001,-6.789798459999929],[112.570193322,-6.798410300999933],[112.5703575970001,-6.789798459999929]]]}},{"type":"Feature","properties":{"name":"Zona Pertambangan Minyak dan Gas Bumi","fillColor":"#b3b399","fillOpacity":0.55},"geometry":{"type":"Polygon","coordinates":[[[112.9939690350001,-7.539084531999947],[112.995059641,-7.522799470999928],[112.9769128840001,-7.527231537999967],[112.9507829260001,-7.564939058999926],[112.9939690350001,-7.539084531999947]]]}},{"type":"Feature","properties":{"name":"Zona Pertambangan Minyak dan Gas Bumi","fillColor":"#b3b399","fillOpacity":0.55},"geometry":{"type":"Polygon","coordinates":[[[112.8875973620001,-7.594080147999932],[112.878598859,-7.596232243999964],[112.8875973620001,-7.594080147999932]]]}},{"type":"Feature","properties":{"name":"Zona Pertambangan Minyak dan Gas Bumi","fillColor":"#b3b399","fillOpacity":0.55},"geometry":{"type":"Polygon","coordinates":[[[112.8701636940001,-7.498764565999977],[112.898014092,-7.472635177999962],[112.889519378,-7.452099527999962],[112.8739332130001,-7.453928132999977],[112.8701636940001,-7.498764565999977]]]}},{"type":"Feature","properties":{"name":"Zona Pertambangan Minyak dan Gas Bumi","fillColor":"#b3b399","fillOpacity":0.55},"geometry":{"type":"Polygon","coordinates":[[[112.4998683340001,-6.786287999999956],[112.497459724,-6.810434547999932],[112.4998683340001,-6.786287999999956]]]}},{"type":"Feature","properties":{"name":"Zona Pertambangan Minyak dan Gas Bumi","fillColor":"#b3b399","fillOpacity":0.55},"geometry":{"type":"Polygon","coordinates":[[[112.570173143,-6.78976171599993],[112.5547471020001,-6.795429328999944],[112.5528013300001,-6.812020922999977],[112.563120098,-6.815151474999936],[112.570173143,-6.78976171599993]]]}},{"type":"Feature","properties":{"name":"Zona Pertambangan Minyak dan Gas Bumi","fillColor":"#b3b399","fillOpacity":0.55},"geometry":{"type":"Polygon","coordinates":[[[112.494711111,-6.79439722199993],[112.4872419330001,-6.801680764999958],[112.494711111,-6.79439722199993]]]}},{"type":"Feature","properties":{"name":"Zona Pertambangan Minyak dan Gas Bumi","fillColor":"#b3b399","fillOpacity":0.55},"geometry":{"type":"Polygon","coordinates":[[[113.0961100000001,-7.466476230999945],[113.1054820160001,-7.462079999999958],[113.0961100000001,-7.466476230999945]]]}},{"type":"Feature","properties":{"name":"Zona Pertambangan Minyak dan Gas Bumi","fillColor":"#b3b399","fillOpacity":0.55},"geometry":{"type":"Polygon","coordinates":[[[113.168996535,-7.432284767999931],[113.167051549,-7.423208636999959],[113.145151764,-7.433486585999958],[113.168996535,-7.432284767999931]]]}},{"type":"Feature","properties":{"name":"Zona Pertambangan Minyak dan Gas Bumi","fillColor":"#b3b399","fillOpacity":0.55},"geometry":{"type":"Polygon","coordinates":[[[112.494711111,-6.782775384999979],[112.47392173,-6.791302615999939],[112.4823420890001,-6.811910636999926],[112.494711112,-6.811930300999961],[112.494711111,-6.782775384999979]]]}},{"type":"Feature","properties":{"name":"Zona Pertambangan Minyak dan Gas Bumi","fillColor":"#b3b399","fillOpacity":0.55},"geometry":{"type":"Polygon","coordinates":[[[112.8701636940001,-7.498764565999977],[112.8739332130001,-7.453928132999977],[112.850882199,-7.481866713999977],[112.8701636940001,-7.498764565999977]]]}},{"type":"Feature","properties":{"name":"Zona Pertambangan Minyak dan Gas Bumi","fillColor":"#b3b399","fillOpacity":0.55},"geometry":{"type":"Polygon","coordinates":[[[113.0961100000001,-7.474144845999945],[113.1217686150001,-7.462079999999958],[113.0961100000001,-7.474144845999945]]]}},{"type":"Feature","properties":{"name":"Zona Pertambangan Minyak dan Gas Bumi","fillColor":"#b3b399","fillOpacity":0.55},"geometry":{"type":"Polygon","coordinates":[[[112.9166670000001,-6.860366652999971],[112.9166670000001,-6.83524939199998],[112.9065439750001,-6.849732476999975],[112.9166670000001,-6.860366652999971]]]}},{"type":"Feature","properties":{"name":"Zona Pertambangan Minyak dan Gas Bumi","fillColor":"#b3b399","fillOpacity":0.55},"geometry":{"type":"Polygon","coordinates":[[[112.871412414,-6.705015995999929],[112.8798722600001,-6.694609838999952],[112.871412414,-6.705015995999929]]]}},{"type":"Feature","properties":{"name":"Zona Pertambangan Minyak dan Gas Bumi","fillColor":"#b3b399","fillOpacity":0.55},"geometry":{"type":"Polygon","coordinates":[[[112.2117005600001,-6.724805557999957],[112.218039565,-6.706954975999963],[112.1994038400001,-6.698679229999925],[112.1932588430001,-6.708625185999949],[112.2117005600001,-6.724805557999957]]]}},{"type":"Feature","properties":{"name":"Zona Pertambangan Minyak dan Gas Bumi","fillColor":"#b3b399","fillOpacity":0.55},"geometry":{"type":"Polygon","coordinates":[[[112.1455007290001,-6.708114401999978],[112.1321991130001,-6.706448094999928],[112.1455007290001,-6.708114401999978]]]}},{"type":"Feature","properties":{"name":"Zona Pertambangan Minyak dan Gas Bumi","fillColor":"#b3b399","fillOpacity":0.55},"geometry":{"type":"Polygon","coordinates":[[[113.126337967,-7.452304441999956],[113.080271259,-7.464012400999934],[113.055729991,-7.491247772999941],[113.126337967,-7.452304441999956]]]}},{"type":"Feature","properties":{"name":"Zona Pertambangan Minyak dan Gas Bumi","fillColor":"#b3b399","fillOpacity":0.55},"geometry":{"type":"Polygon","coordinates":[[[113.216640243,-7.409937124999942],[113.1789917530001,-7.417604752999978],[113.1708688690001,-7.431408812999962],[113.216640243,-7.409937124999942]]]}},{"type":"Feature","properties":{"name":"Zona Pertambangan Minyak dan Gas Bumi","fillColor":"#b3b399","fillOpacity":0.55},"geometry":{"type":"Polygon","coordinates":[[[113.166404141,-7.433497674999956],[113.115874189,-7.447222034999982],[113.166404141,-7.433497674999956]]]}},{"type":"Feature","properties":{"name":"Zona Pertambangan Minyak dan Gas Bumi","fillColor":"#b3b399","fillOpacity":0.55},"geometry":{"type":"Polygon","coordinates":[[[112.146818572,-6.704170967999971],[112.129960094,-6.693783921999966],[112.1302252620001,-6.713576345999968],[112.146818572,-6.704170967999971]]]}},{"type":"Feature","properties":{"name":"Zona Fasilitas Umum","fillColor":"#cc99ff","fillOpacity":0.55},"geometry":{"type":"Polygon","coordinates":[[[112.7786420250001,-7.208256797999979],[112.7798002440001,-7.194243546999928],[112.7786420250001,-7.208256797999979]]]}},{"type":"Feature","properties":{"name":"Zona Industri","fillColor":"#e6e6b3","fillOpacity":0.55},"geometry":{"type":"Polygon","coordinates":[[[112.0584194580001,-6.707931742999961],[112.0516370040001,-6.701089852999928],[112.0350561770001,-6.73648809499997],[112.0424226450001,-6.743873769999936],[112.068933463,-6.718537948999938],[112.0521723810001,-6.721269037999946],[112.0584194580001,-6.707931742999961]]]}},{"type":"Feature","properties":{"name":"Zona Industri","fillColor":"#e6e6b3","fillOpacity":0.55},"geometry":{"type":"Polygon","coordinates":[[[112.0084203240001,-6.751747169999931],[112.008912685,-6.652978204999954],[112.0018675130001,-6.751854843999979],[111.988980009,-6.772906082999953],[111.9657469970001,-6.763540165999927],[111.9933192860001,-6.802809728999932],[112.0459155750001,-6.752016466999976],[112.0084203240001,-6.751747169999931]]]}},{"type":"Feature","properties":{"name":"Zona Industri","fillColor":"#e6e6b3","fillOpacity":0.55},"geometry":{"type":"Polygon","coordinates":[[[111.9303748290001,-6.766628693999962],[111.9166928220001,-6.781929112999933],[111.9303748290001,-6.766628693999962]]]}},{"type":"Feature","properties":{"name":"Zona Industri","fillColor":"#e6e6b3","fillOpacity":0.55},"geometry":{"type":"Polygon","coordinates":[[[112.0957714540001,-6.710882915999946],[112.07601275,-6.725679210999942],[112.068933463,-6.718537948999938],[112.016727765,-6.782431334999956],[112.0957714540001,-6.710882915999946]]]}},{"type":"Feature","properties":{"name":"Zona Industri","fillColor":"#e6e6b3","fillOpacity":0.55},"geometry":{"type":"Polygon","coordinates":[[[112.0622347970001,-6.711780550999947],[112.0521723810001,-6.721269037999946],[112.0622347970001,-6.711780550999947]]]}},{"type":"Feature","properties":{"name":"Zona Industri","fillColor":"#e6e6b3","fillOpacity":0.55},"geometry":{"type":"Polygon","coordinates":[[[112.0120373740001,-6.73807232799993],[112.016170125,-6.698007538999946],[112.0120373740001,-6.73807232799993]]]}},{"type":"Feature","properties":{"name":"Zona Industri","fillColor":"#e6e6b3","fillOpacity":0.55},"geometry":{"type":"Polygon","coordinates":[[[112.0516370040001,-6.701089852999928],[112.0195680640001,-6.722323309999979],[112.0195618990001,-6.735892619999959],[112.0350561770001,-6.73648809499997],[112.0516370040001,-6.701089852999928]]]}},{"type":"Feature","properties":{"name":"Zona Industri","fillColor":"#e6e6b3","fillOpacity":0.55},"geometry":{"type":"Polygon","coordinates":[[[112.008912685,-6.652978204999954],[111.971968889,-6.656389166999929],[111.9718188750001,-6.760839948999944],[111.988980009,-6.772906082999953],[112.0018675130001,-6.751854843999979],[112.008912685,-6.652978204999954]]]}},{"type":"Feature","properties":{"name":"Zona Pariwisata","fillColor":"#ffe6ff","fillOpacity":0.55},"geometry":{"type":"Polygon","coordinates":[[[112.783848399,-7.196189482999955],[112.7788523300001,-7.20824990899996],[112.7975267260001,-7.240502911999954],[112.8083330500001,-7.248544764999963],[112.8251071740001,-7.240022139999951],[112.783848399,-7.196189482999955]]]}},{"type":"Feature","properties":{"name":"Zona Pariwisata","fillColor":"#ffe6ff","fillOpacity":0.55},"geometry":{"type":"Polygon","coordinates":[[[112.4354198630001,-8.389139193999938],[112.413954922,-8.385380214999941],[112.4354198630001,-8.389139193999938]]]}},{"type":"Feature","properties":{"name":"Zona Pariwisata","fillColor":"#ffe6ff","fillOpacity":0.55},"geometry":{"type":"Polygon","coordinates":[[[110.9733288080001,-8.239641418999952],[110.9591804730001,-8.234477710999954],[110.9733288080001,-8.239641418999952]]]}},{"type":"Feature","properties":{"name":"Zona Pelabuhan Laut","fillColor":"#ffffff","fillOpacity":0.0},"geometry":{"type":"Polygon","coordinates":[[[112.9216754380001,-7.563526826999976],[112.89673385,-7.585888662999935],[112.9216754380001,-7.563526826999976]]]}},{"type":"Feature","properties":{"name":"Zona Pelabuhan Laut","fillColor":"#ffffff","fillOpacity":0.0},"geometry":{"type":"Polygon","coordinates":[[[112.922761505,-7.527820128999963],[112.9141444310001,-7.517302710999957],[112.922761505,-7.527820128999963]]]}},{"type":"Feature","properties":{"name":"Zona Pelabuhan Laut","fillColor":"#ffffff","fillOpacity":0.0},"geometry":{"type":"Polygon","coordinates":[[[112.9216613120001,-7.585484980999979],[112.9551232600001,-7.550837478999938],[112.9216613120001,-7.585484980999979]]]}},{"type":"Feature","properties":{"name":"Zona Pelabuhan Laut","fillColor":"#ffffff","fillOpacity":0.0},"geometry":{"type":"Polygon","coordinates":[[[112.9624770080001,-7.526945431999934],[112.921413591,-7.572135549999928],[112.9624770080001,-7.526945431999934]]]}},{"type":"Feature","properties":{"name":"Zona Pelabuhan Laut","fillColor":"#ffffff","fillOpacity":0.0},"geometry":{"type":"Polygon","coordinates":[[[112.8903620350001,-7.591601427999933],[112.921837897,-7.558185709999975],[112.922761485,-7.527820791999943],[112.911143088,-7.525982972999941],[112.8903620350001,-7.591601427999933]]]}},{"type":"Feature","properties":{"name":"Zona Pelabuhan Laut","fillColor":"#ffffff","fillOpacity":0.0},"geometry":{"type":"Polygon","coordinates":[[[112.9167924630001,-7.509644272999935],[112.9141444310001,-7.517302710999957],[112.9167924630001,-7.509644272999935]]]}},{"type":"Feature","properties":{"name":"Zona Pelabuhan Laut","fillColor":"#ffffff","fillOpacity":0.0},"geometry":{"type":"Polygon","coordinates":[[[112.9234593350001,-7.55639641199997],[112.946020222,-7.531499900999961],[112.922761485,-7.527820791999943],[112.9234593350001,-7.55639641199997]]]}},{"type":"Feature","properties":{"name":"Zona Pelabuhan Laut","fillColor":"#ffffff","fillOpacity":0.0},"geometry":{"type":"Polygon","coordinates":[[[112.9269171960001,-7.50500316199998],[112.938293475,-7.510610911999947],[112.9269171960001,-7.50500316199998]]]}},{"type":"Feature","properties":{"name":"Zona Pelabuhan Laut","fillColor":"#ffffff","fillOpacity":0.0},"geometry":{"type":"Polygon","coordinates":[[[112.910666264,-7.609338113999968],[112.920993368,-7.585951268999963],[112.885915962,-7.610715232999951],[112.9023596330001,-7.62474233699993],[112.910666264,-7.609338113999968]]]}},{"type":"Feature","properties":{"name":"Zona Pelabuhan Laut","fillColor":"#ffffff","fillOpacity":0.0},"geometry":{"type":"Polygon","coordinates":[[[112.8927214610001,-7.590316434999977],[112.886698238,-7.596680522999975],[112.8927214610001,-7.590316434999977]]]}},{"type":"Feature","properties":{"name":"Zona Pelabuhan Laut","fillColor":"#ffffff","fillOpacity":0.0},"geometry":{"type":"Polygon","coordinates":[[[112.933472475,-7.621180040999946],[112.9507829260001,-7.564939058999926],[112.920993368,-7.585951268999963],[112.9023596330001,-7.62474233699993],[112.933472475,-7.621180040999946]]]}},{"type":"Feature","properties":{"name":"Zona Pelabuhan Laut","fillColor":"#ffffff","fillOpacity":0.0},"geometry":{"type":"Polygon","coordinates":[[[112.923786389,-7.572835028999975],[112.9603762370001,-7.533770761999961],[112.923786389,-7.572835028999975]]]}},{"type":"Feature","properties":{"name":"Zona Pelabuhan Laut","fillColor":"#ffffff","fillOpacity":0.0},"geometry":{"type":"Polygon","coordinates":[[[113.2290210470001,-7.705279999999959],[113.2519444440001,-7.69750000099998],[113.2290210470001,-7.705279999999959]]]}},{"type":"Feature","properties":{"name":"Zona Pelabuhan Laut","fillColor":"#ffffff","fillOpacity":0.0},"geometry":{"type":"Polygon","coordinates":[[[112.655752815,-7.09232403599998],[112.6563616970001,-7.102759117999938],[112.655752815,-7.09232403599998]]]}},{"type":"Feature","properties":{"name":"Zona Pelabuhan Laut","fillColor":"#ffffff","fillOpacity":0.0},"geometry":{"type":"Polygon","coordinates":[[[112.6675909860001,-7.090635035999981],[112.6698915820001,-7.075009461999969],[112.6649706730001,-7.091438107999977],[112.660180789,-7.078819477999957],[112.659859372,-7.10030173499996],[112.6780859190001,-7.155594786999927],[112.6675909860001,-7.090635035999981]]]}},{"type":"Feature","properties":{"name":"Zona Pelabuhan Laut","fillColor":"#ffffff","fillOpacity":0.0},"geometry":{"type":"Polygon","coordinates":[[[112.6748521930001,-7.170766552999964],[112.6827561990001,-7.165807808999944],[112.6706647780001,-7.144098096999926],[112.6748521930001,-7.170766552999964]]]}},{"type":"Feature","properties":{"name":"Zona Pelabuhan Laut","fillColor":"#ffffff","fillOpacity":0.0},"geometry":{"type":"Polygon","coordinates":[[[112.665076029,-7.034564503999945],[112.6585970460001,-7.022037632999968],[112.6513687950001,-7.03897109199994],[112.637683612,-7.099622221999937],[112.646900554,-7.096010873999944],[112.6578530400001,-7.128317961999926],[112.665076029,-7.034564503999945]]]}},{"type":"Feature","properties":{"name":"Zona Pelabuhan Laut","fillColor":"#ffffff","fillOpacity":0.0},"geometry":{"type":"Polygon","coordinates":[[[112.670471612,-7.162133068999935],[112.6705642500001,-7.172522582999932],[112.670471612,-7.162133068999935]]]}},{"type":"Feature","properties":{"name":"Zona Pelabuhan Laut","fillColor":"#ffffff","fillOpacity":0.0},"geometry":{"type":"Polygon","coordinates":[[[112.6237543750001,-7.111232586999961],[112.6381593350001,-7.135313502999963],[112.6237543750001,-7.111232586999961]]]}},{"type":"Feature","properties":{"name":"Zona Pelabuhan Laut","fillColor":"#ffffff","fillOpacity":0.0},"geometry":{"type":"Polygon","coordinates":[[[112.6494143360001,-7.116698489999976],[112.647146225,-7.100222623999969],[112.6491359370001,-7.134334014999979],[112.6386520410001,-7.135371431999943],[112.6622951210001,-7.158323439999947],[112.6494143360001,-7.116698489999976]]]}},{"type":"Feature","properties":{"name":"Zona Pelabuhan Laut","fillColor":"#ffffff","fillOpacity":0.0},"geometry":{"type":"Polygon","coordinates":[[[112.644059176,-7.058720764999975],[112.622623372,-7.110832766999977],[112.6422363410001,-7.099879869999938],[112.644059176,-7.058720764999975]]]}},{"type":"Feature","properties":{"name":"Zona Pelabuhan Laut","fillColor":"#ffffff","fillOpacity":0.0},"geometry":{"type":"Polygon","coordinates":[[[112.6612147550001,-7.066591918999961],[112.664557777,-7.043859367999971],[112.6612147550001,-7.066591918999961]]]}},{"type":"Feature","properties":{"name":"Zona Pelabuhan Laut","fillColor":"#ffffff","fillOpacity":0.0},"geometry":{"type":"Polygon","coordinates":[[[111.9480960550001,-6.716035893999958],[111.9359223260001,-6.716483121999943],[111.9559994520001,-6.760391693999964],[111.971815,-6.763538332999929],[111.9669199090001,-6.713777938999954],[111.9564081130001,-6.724592535999932],[111.9480960550001,-6.716035893999958]]]}},{"type":"Feature","properties":{"name":"Zona Pelabuhan Laut","fillColor":"#ffffff","fillOpacity":0.0},"geometry":{"type":"Polygon","coordinates":[[[112.851134933,-6.896405501999936],[112.8446817060001,-6.877866016999974],[112.8124164180001,-6.877997969999967],[112.8356020000001,-6.916097999999977],[112.851134933,-6.896405501999936]]]}},{"type":"Feature","properties":{"name":"Zona Pelabuhan Laut","fillColor":"#ffffff","fillOpacity":0.0},"geometry":{"type":"Polygon","coordinates":[[[112.8397545400001,-6.877884885999947],[112.8412362470001,-6.867966671999966],[112.812440786,-6.877989486999979],[112.8397545400001,-6.877884885999947]]]}},{"type":"Feature","properties":{"name":"Zona Pelabuhan Laut","fillColor":"#ffffff","fillOpacity":0.0},"geometry":{"type":"Polygon","coordinates":[[[112.4194470880001,-6.85492138099994],[112.410488417,-6.864484197999957],[112.4194470880001,-6.85492138099994]]]}},{"type":"Feature","properties":{"name":"Zona Pelabuhan Laut","fillColor":"#ffffff","fillOpacity":0.0},"geometry":{"type":"Polygon","coordinates":[[[112.711621441,-7.169045124999968],[112.688304355,-7.16701537199998],[112.7122838890001,-7.187972499999944],[112.711621441,-7.169045124999968]]]}},{"type":"Feature","properties":{"name":"Zona Pelabuhan Laut","fillColor":"#ffffff","fillOpacity":0.0},"geometry":{"type":"Polygon","coordinates":[[[112.6707052580001,-7.143823872999974],[112.659188145,-7.076204422999979],[112.6707052580001,-7.143823872999974]]]}},{"type":"Feature","properties":{"name":"Zona Pelabuhan Laut","fillColor":"#ffffff","fillOpacity":0.0},"geometry":{"type":"Polygon","coordinates":[[[112.665528869,-7.041055893999953],[112.667570701,-7.031353892999959],[112.665528869,-7.041055893999953]]]}},{"type":"Feature","properties":{"name":"Zona Pelabuhan Laut","fillColor":"#ffffff","fillOpacity":0.0},"geometry":{"type":"Polygon","coordinates":[[[112.6833959480001,-7.166453057999945],[112.6748005830001,-7.170787247999954],[112.6855752790001,-7.188070832999927],[112.7031011680001,-7.190899409999929],[112.6833959480001,-7.166453057999945]]]}},{"type":"Feature","properties":{"name":"Zona Pelabuhan Laut","fillColor":"#ffffff","fillOpacity":0.0},"geometry":{"type":"Polygon","coordinates":[[[112.6694595,-7.156775206999953],[112.6563616970001,-7.102759117999938],[112.6694595,-7.156775206999953]]]}},{"type":"Feature","properties":{"name":"Zona Pelabuhan Laut","fillColor":"#ffffff","fillOpacity":0.0},"geometry":{"type":"Polygon","coordinates":[[[112.6453911680001,-7.084654215999933],[112.6488981450001,-7.066699607999965],[112.6453911680001,-7.084654215999933]]]}},{"type":"Feature","properties":{"name":"Zona Pelabuhan Laut","fillColor":"#ffffff","fillOpacity":0.0},"geometry":{"type":"Polygon","coordinates":[[[112.656585959,-7.088414745999955],[112.6683807740001,-7.02562654999997],[112.656585959,-7.088414745999955]]]}},{"type":"Feature","properties":{"name":"Zona Pelabuhan Laut","fillColor":"#ffffff","fillOpacity":0.0},"geometry":{"type":"Polygon","coordinates":[[[112.650365338,-7.019018035999977],[112.642695029,-7.032251289999977],[112.6513687950001,-7.03897109199994],[112.6585970460001,-7.022037632999968],[112.650365338,-7.019018035999977]]]}},{"type":"Feature","properties":{"name":"Zona Pelabuhan Laut","fillColor":"#ffffff","fillOpacity":0.0},"geometry":{"type":"Polygon","coordinates":[[[112.7173719660001,-7.171358744999964],[112.703698193,-7.190762387999939],[112.7483039700001,-7.181814132999932],[112.749052953,-7.169944683999972],[112.7173719660001,-7.171358744999964]]]}},{"type":"Feature","properties":{"name":"Zona Pelabuhan Laut","fillColor":"#ffffff","fillOpacity":0.0},"geometry":{"type":"Polygon","coordinates":[[[112.677191246,-7.117184515999952],[112.6698915820001,-7.075009461999969],[112.677191246,-7.117184515999952]]]}},{"type":"Feature","properties":{"name":"Zona Pelabuhan Laut","fillColor":"#ffffff","fillOpacity":0.0},"geometry":{"type":"Polygon","coordinates":[[[112.6672900560001,-7.035971472999961],[112.670171026,-7.026283259999957],[112.6672900560001,-7.035971472999961]]]}},{"type":"Feature","properties":{"name":"Zona Pelabuhan Laut","fillColor":"#ffffff","fillOpacity":0.0},"geometry":{"type":"Polygon","coordinates":[[[112.6748005830001,-7.170787247999954],[112.6632109090001,-7.193028344999959],[112.6915587310001,-7.194379826999977],[112.6748005830001,-7.170787247999954]]]}},{"type":"Feature","properties":{"name":"Zona Pelabuhan Laut","fillColor":"#ffffff","fillOpacity":0.0},"geometry":{"type":"Polygon","coordinates":[[[112.630281866,-7.136116541999968],[112.6250887480001,-7.128322411999932],[112.630281866,-7.136116541999968]]]}},{"type":"Feature","properties":{"name":"Zona Pelabuhan Laut","fillColor":"#ffffff","fillOpacity":0.0},"geometry":{"type":"Polygon","coordinates":[[[112.6578530400001,-7.128317961999926],[112.6671171690001,-7.161345762999929],[112.6578530400001,-7.128317961999926]]]}},{"type":"Feature","properties":{"name":"Zona Pelabuhan Laut","fillColor":"#ffffff","fillOpacity":0.0},"geometry":{"type":"Polygon","coordinates":[[[112.647146225,-7.100222623999969],[112.6286397350001,-7.111255314999937],[112.6467420560001,-7.112733379999952],[112.6248359860001,-7.114570687999958],[112.6491359370001,-7.134334014999979],[112.647146225,-7.100222623999969]]]}},{"type":"Feature","properties":{"name":"Zona Pelabuhan Laut","fillColor":"#ffffff","fillOpacity":0.0},"geometry":{"type":"Polygon","coordinates":[[[112.6407811160001,-7.088672324999948],[112.6437098810001,-7.078318933999981],[112.6407811160001,-7.088672324999948]]]}},{"type":"Feature","properties":{"name":"Zona Pelabuhan Laut","fillColor":"#ffffff","fillOpacity":0.0},"geometry":{"type":"Polygon","coordinates":[[[112.660712579,-7.069051268999942],[112.6616312780001,-7.059575747999929],[112.660712579,-7.069051268999942]]]}},{"type":"Feature","properties":{"name":"Zona Pelabuhan Laut","fillColor":"#ffffff","fillOpacity":0.0},"geometry":{"type":"Polygon","coordinates":[[[112.6426529780001,-7.057118806999938],[112.6305372260001,-7.073889709999946],[112.6426529780001,-7.057118806999938]]]}},{"type":"Feature","properties":{"name":"Zona Pelabuhan Laut","fillColor":"#ffffff","fillOpacity":0.0},"geometry":{"type":"Polygon","coordinates":[[[112.665149143,-7.197488661999955],[112.662286974,-7.210135283999932],[112.6764510910001,-7.195301039999947],[112.665149143,-7.197488661999955]]]}},{"type":"Feature","properties":{"name":"Zona Pelabuhan Laut","fillColor":"#ffffff","fillOpacity":0.0},"geometry":{"type":"Polygon","coordinates":[[[112.748009773,-7.18647640599994],[112.7031011680001,-7.190899409999929],[112.7123127780001,-7.192386110999962],[112.7123794460001,-7.216333332999966],[112.6915587310001,-7.194379826999977],[112.662000613,-7.211096878999967],[112.6757322520001,-7.223759199999961],[112.70928069,-7.225058169999954],[112.712951789,-7.207498891999933],[112.7222029540001,-7.211224892999951],[112.7175052670001,-7.199122946999978],[112.7268723840001,-7.209475216999977],[112.7236191640001,-7.198032977999958],[112.734272314,-7.19629896999993],[112.7378210080001,-7.209156206999978],[112.748009773,-7.18647640599994]]]}},{"type":"Feature","properties":{"name":"Zona Pelabuhan Laut","fillColor":"#ffffff","fillOpacity":0.0},"geometry":{"type":"Polygon","coordinates":[[[113.9006388260001,-7.182192892999979],[113.8919750000001,-7.177952776999973],[113.9006388260001,-7.182192892999979]]]}},{"type":"Feature","properties":{"name":"Zona Pelabuhan Laut","fillColor":"#ffffff","fillOpacity":0.0},"geometry":{"type":"Polygon","coordinates":[[[113.9232757780001,-7.173758118999956],[113.9159750000001,-7.166438887999959],[113.9232757780001,-7.173758118999956]]]}},{"type":"Feature","properties":{"name":"Zona Pelabuhan Laut","fillColor":"#ffffff","fillOpacity":0.0},"geometry":{"type":"Polygon","coordinates":[[[113.992859714,-7.00708590499994],[113.9617147450001,-7.040687102999925],[113.946980594,-7.041992084999947],[113.93965829,-7.023172121999949],[113.9223437520001,-7.019695097999943],[113.9201615380001,-7.030348678999928],[113.9479604520001,-7.051985508999962],[113.9156488570001,-7.043147227999953],[113.8783380770001,-7.07677122299998],[113.8687683050001,-7.096166057999937],[113.8880869070001,-7.10453107099994],[113.8932870200001,-7.131480158999977],[113.9412441090001,-7.113185095999938],[113.9362319170001,-7.09833430599997],[113.956125,-7.092300997999928],[113.9363690030001,-7.074335996999935],[113.9470977000001,-7.056537626999955],[113.9671890000001,-7.06962520299993],[113.9671890000001,-7.056349999999952],[113.987625425,-7.056360990999963],[113.992859714,-7.00708590499994]]]}},{"type":"Feature","properties":{"name":"Zona Pelabuhan Laut","fillColor":"#ffffff","fillOpacity":0.0},"geometry":{"type":"Polygon","coordinates":[[[114.0986639270001,-6.97933156199997],[114.0953961610001,-6.998016822999944],[114.109515544,-6.995406868999964],[114.0986639270001,-6.97933156199997]]]}},{"type":"Feature","properties":{"name":"Zona Pelabuhan Laut","fillColor":"#ffffff","fillOpacity":0.0},"geometry":{"type":"Polygon","coordinates":[[[113.924293625,-7.695234629999959],[113.9118638900001,-7.676572221999947],[113.9120975960001,-7.69692172799995],[113.924293625,-7.695234629999959]]]}},{"type":"Feature","properties":{"name":"Zona Pelabuhan Laut","fillColor":"#ffffff","fillOpacity":0.0},"geometry":{"type":"Polygon","coordinates":[[[113.9392111110001,-7.676405555999963],[113.9279567440001,-7.676474222999957],[113.93663517,-7.690466211999933],[113.9392111110001,-7.676405555999963]]]}},{"type":"Feature","properties":{"name":"Zona Pelabuhan Laut","fillColor":"#ffffff","fillOpacity":0.0},"geometry":{"type":"Polygon","coordinates":[[[112.9320110970001,-7.625927999999931],[112.903142118,-7.626707414999942],[112.9320110970001,-7.625927999999931]]]}},{"type":"Feature","properties":{"name":"Zona Pelabuhan Laut","fillColor":"#ffffff","fillOpacity":0.0},"geometry":{"type":"Polygon","coordinates":[[[113.251717534,-7.735508416999949],[113.251817931,-7.71869130999994],[113.2362348,-7.739244717999952],[113.2486450130001,-7.745179856999926],[113.251717534,-7.735508416999949]]]}},{"type":"Feature","properties":{"name":"Zona Pelabuhan Laut","fillColor":"#ffffff","fillOpacity":0.0},"geometry":{"type":"Polygon","coordinates":[[[113.1691666680001,-7.69750000099998],[113.1800348530001,-7.74279030799994],[113.182616789,-7.697500521999928],[113.1691666680001,-7.69750000099998]]]}},{"type":"Feature","properties":{"name":"Zona Pelabuhan Perikanan","fillColor":"#558ed5","fillOpacity":0.55},"geometry":{"type":"Polygon","coordinates":[[[112.9790270000001,-7.652964999999938],[112.9887189990001,-7.657051453999941],[112.9790270000001,-7.652964999999938]]]}},{"type":"Feature","properties":{"name":"Zona Pelabuhan Perikanan","fillColor":"#558ed5","fillOpacity":0.55},"geometry":{"type":"Polygon","coordinates":[[[112.993211188,-7.650408593999941],[112.9782527790001,-7.649336109999979],[112.993211188,-7.650408593999941]]]}},{"type":"Feature","properties":{"name":"Zona Pelabuhan Perikanan","fillColor":"#558ed5","fillOpacity":0.55},"geometry":{"type":"Polygon","coordinates":[[[112.6946807500001,-8.426566692999927],[112.6716240550001,-8.445080747999953],[112.6946807500001,-8.426566692999927]]]}},{"type":"Feature","properties":{"name":"Zona Pelabuhan Perikanan","fillColor":"#558ed5","fillOpacity":0.55},"geometry":{"type":"Polygon","coordinates":[[[111.7282345570001,-8.288135220999948],[111.7188587910001,-8.302056953999966],[111.7346168270001,-8.302056953999966],[111.7282345570001,-8.288135220999948]]]}},{"type":"Feature","properties":{"name":"Zona Pengelolaan Ekosistem Pesisir","fillColor":"#4065eb","fillOpacity":0.55},"geometry":{"type":"Polygon","coordinates":[[[112.604599836,-6.949999999999932],[112.6,-6.936267986999951],[112.604599836,-6.949999999999932]]]}},{"type":"Feature","properties":{"name":"Zona Pengelolaan Ekosistem Pesisir","fillColor":"#4065eb","fillOpacity":0.55},"geometry":{"type":"Polygon","coordinates":[[[112.622740064,-6.908330999999976],[112.6,-6.929944443999943],[112.622740064,-6.908330999999976]]]}},{"type":"Feature","properties":{"name":"Zona Pengelolaan Ekosistem Pesisir","fillColor":"#4065eb","fillOpacity":0.55},"geometry":{"type":"Polygon","coordinates":[[[112.61016095,-6.874972912999965],[112.5900707000001,-6.882264031999966],[112.615844615,-6.88243413999993],[112.61016095,-6.874972912999965]]]}},{"type":"Feature","properties":{"name":"Zona Pengelolaan Ekosistem Pesisir","fillColor":"#4065eb","fillOpacity":0.55},"geometry":{"type":"Polygon","coordinates":[[[112.5734992440001,-6.843414675999952],[112.573134221,-6.86767864899997],[112.5834215970001,-6.852480422999975],[112.5734992440001,-6.843414675999952]]]}},{"type":"Feature","properties":{"name":"Zona Pengelolaan Ekosistem Pesisir","fillColor":"#4065eb","fillOpacity":0.55},"geometry":{"type":"Polygon","coordinates":[[[112.9619461250001,-7.621235517999935],[112.9753558980001,-7.652221615999963],[112.9619461250001,-7.621235517999935]]]}},{"type":"Feature","properties":{"name":"Zona Pengelolaan Ekosistem Pesisir","fillColor":"#4065eb","fillOpacity":0.55},"geometry":{"type":"Polygon","coordinates":[[[112.7053113220001,-7.096041165999964],[112.689807082,-7.150180013999943],[112.7053113220001,-7.096041165999964]]]}},{"type":"Feature","properties":{"name":"Zona Pengelolaan Ekosistem Pesisir","fillColor":"#4065eb","fillOpacity":0.55},"geometry":{"type":"Polygon","coordinates":[[[112.757063277,-7.008538327999929],[112.7216197820001,-7.035081060999971],[112.68210865,-7.028362310999967],[112.6781035820001,-7.043156731999943],[112.688397644,-7.029792609999959],[112.7235919140001,-7.038853383999935],[112.757063277,-7.008538327999929]]]}},{"type":"Feature","properties":{"name":"Zona Pengelolaan Ekosistem Pesisir","fillColor":"#4065eb","fillOpacity":0.55},"geometry":{"type":"Polygon","coordinates":[[[112.7935032080001,-6.97349799899996],[112.7732118370001,-6.99921291499993],[112.7935032080001,-6.97349799899996]]]}},{"type":"Feature","properties":{"name":"Zona Pengelolaan Ekosistem Pesisir","fillColor":"#4065eb","fillOpacity":0.55},"geometry":{"type":"Polygon","coordinates":[[[112.8295240430001,-6.920912924999925],[112.8167580100001,-6.910504142999969],[112.8244103550001,-6.919241523999972],[112.8147899620001,-6.951214216999972],[112.8295240430001,-6.920912924999925]]]}},{"type":"Feature","properties":{"name":"Zona Pengelolaan Ekosistem Pesisir","fillColor":"#4065eb","fillOpacity":0.55},"geometry":{"type":"Polygon","coordinates":[[[112.5968575190001,-6.916877055999976],[112.6088281760001,-6.979806468999925],[112.63238617,-7.009878564999951],[112.6,-6.949999999999932],[112.5968575190001,-6.916877055999976]]]}},{"type":"Feature","properties":{"name":"Zona Pengelolaan Ekosistem Pesisir","fillColor":"#4065eb","fillOpacity":0.55},"geometry":{"type":"Polygon","coordinates":[[[112.6181768880001,-6.885495828999979],[112.622740064,-6.908330999999976],[112.6181768880001,-6.885495828999979]]]}},{"type":"Feature","properties":{"name":"Zona Pengelolaan Ekosistem Pesisir","fillColor":"#4065eb","fillOpacity":0.55},"geometry":{"type":"Polygon","coordinates":[[[112.599684998,-6.882399896999971],[112.580309335,-6.88731127899996],[112.599684998,-6.882399896999971]]]}},{"type":"Feature","properties":{"name":"Zona Pengelolaan Ekosistem Pesisir","fillColor":"#4065eb","fillOpacity":0.55},"geometry":{"type":"Polygon","coordinates":[[[112.9667440000001,-7.633160999999973],[112.9667440000001,-7.64245879899994],[112.9667440000001,-7.633160999999973]]]}},{"type":"Feature","properties":{"name":"Zona Pengelolaan Ekosistem Pesisir","fillColor":"#4065eb","fillOpacity":0.55},"geometry":{"type":"Polygon","coordinates":[[[113.2630084460001,-7.756795475999979],[113.2871999690001,-7.78369195199997],[113.2934588320001,-7.774469624999938],[113.279486214,-7.779281380999976],[113.2630084460001,-7.756795475999979]]]}},{"type":"Feature","properties":{"name":"Zona Pengelolaan Ekosistem Pesisir","fillColor":"#4065eb","fillOpacity":0.55},"geometry":{"type":"Polygon","coordinates":[[[113.3763224700001,-7.742285753999965],[113.342387388,-7.768202531999975],[113.3143260160001,-7.770035093999979],[113.344687912,-7.771434116999956],[113.3763224700001,-7.742285753999965]]]}},{"type":"Feature","properties":{"name":"Zona Pengelolaan Ekosistem Pesisir","fillColor":"#4065eb","fillOpacity":0.55},"geometry":{"type":"Polygon","coordinates":[[[113.252010895,-7.743347937999943],[113.2517284910001,-7.733672896999963],[113.252010895,-7.743347937999943]]]}},{"type":"Feature","properties":{"name":"Zona Pengelolaan Ekosistem Pesisir","fillColor":"#4065eb","fillOpacity":0.55},"geometry":{"type":"Polygon","coordinates":[[[113.167812611,-7.733374486999935],[113.1478560180001,-7.737201845999948],[113.167812611,-7.733374486999935]]]}},{"type":"Feature","properties":{"name":"Zona Pengelolaan Ekosistem Pesisir","fillColor":"#4065eb","fillOpacity":0.55},"geometry":{"type":"Polygon","coordinates":[[[113.1043164460001,-7.700320742999963],[113.091779769,-7.702637160999927],[113.107925592,-7.720574475999967],[113.133685162,-7.725831875999972],[113.1097892070001,-7.716917482999975],[113.1043164460001,-7.700320742999963]]]}},{"type":"Feature","properties":{"name":"Zona Pengelolaan Ekosistem Pesisir","fillColor":"#4065eb","fillOpacity":0.55},"geometry":{"type":"Polygon","coordinates":[[[112.536716218,-6.857056913999941],[112.5187656940001,-6.861761272999956],[112.517956677,-6.874277237999934],[112.535146821,-6.882061308999937],[112.5211011980001,-6.869975889999978],[112.536716218,-6.857056913999941]]]}},{"type":"Feature","properties":{"name":"Zona Pengelolaan Ekosistem Pesisir","fillColor":"#4065eb","fillOpacity":0.55},"geometry":{"type":"Polygon","coordinates":[[[112.5617379250001,-6.844613325999944],[112.5475750630001,-6.844940999999949],[112.5649042560001,-6.854234412999972],[112.5617379250001,-6.844613325999944]]]}},{"type":"Feature","properties":{"name":"Zona Pengelolaan Ekosistem Pesisir","fillColor":"#4065eb","fillOpacity":0.55},"geometry":{"type":"Polygon","coordinates":[[[112.541801519,-6.877145101999929],[112.535146821,-6.882061308999937],[112.541801519,-6.877145101999929]]]}},{"type":"Feature","properties":{"name":"Zona Pengelolaan Ekosistem Pesisir","fillColor":"#4065eb","fillOpacity":0.55},"geometry":{"type":"Polygon","coordinates":[[[112.5703047400001,-6.84616349099997],[112.565543723,-6.855729552999946],[112.5703047400001,-6.84616349099997]]]}},{"type":"Feature","properties":{"name":"Zona Pengelolaan Ekosistem Pesisir","fillColor":"#4065eb","fillOpacity":0.55},"geometry":{"type":"Polygon","coordinates":[[[112.8614510880001,-7.521627401999979],[112.8673842180001,-7.531825132999927],[112.8614510880001,-7.521627401999979]]]}},{"type":"Feature","properties":{"name":"Zona Pengelolaan Ekosistem Pesisir","fillColor":"#4065eb","fillOpacity":0.55},"geometry":{"type":"Polygon","coordinates":[[[112.8186589170001,-7.472116292999942],[112.821792048,-7.494793570999946],[112.8492313100001,-7.51171203399997],[112.8186589170001,-7.472116292999942]]]}},{"type":"Feature","properties":{"name":"Zona Pengelolaan Ekosistem Pesisir","fillColor":"#4065eb","fillOpacity":0.55},"geometry":{"type":"Polygon","coordinates":[[[112.8397335290001,-7.43629765999998],[112.840921834,-7.481866082999943],[112.8264590320001,-7.476599999999962],[112.8378062800001,-7.48771400399994],[112.8397335290001,-7.43629765999998]]]}},{"type":"Feature","properties":{"name":"Zona Pengelolaan Ekosistem Pesisir","fillColor":"#4065eb","fillOpacity":0.55},"geometry":{"type":"Polygon","coordinates":[[[112.3875139200001,-6.870918427999925],[112.3795403460001,-6.866390316999968],[112.3875139200001,-6.870918427999925]]]}},{"type":"Feature","properties":{"name":"Zona Pengelolaan Ekosistem Pesisir","fillColor":"#4065eb","fillOpacity":0.55},"geometry":{"type":"Polygon","coordinates":[[[112.4078725000001,-6.865393924999978],[112.3951578530001,-6.874525581999933],[112.4078725000001,-6.865393924999978]]]}},{"type":"Feature","properties":{"name":"Zona Pengelolaan Ekosistem Pesisir","fillColor":"#4065eb","fillOpacity":0.55},"geometry":{"type":"Polygon","coordinates":[[[112.555482427,-6.847310284999935],[112.5460961900001,-6.852786457999969],[112.555482427,-6.847310284999935]]]}},{"type":"Feature","properties":{"name":"Zona Pengelolaan Ekosistem Pesisir","fillColor":"#4065eb","fillOpacity":0.55},"geometry":{"type":"Polygon","coordinates":[[[112.5406946520001,-6.88205748799993],[112.5239741690001,-6.902694581999981],[112.5406946520001,-6.88205748799993]]]}},{"type":"Feature","properties":{"name":"Zona Pengelolaan Ekosistem Pesisir","fillColor":"#4065eb","fillOpacity":0.55},"geometry":{"type":"Polygon","coordinates":[[[112.1964240750001,-6.886198130999958],[112.1732720790001,-6.895203226999968],[112.1964240750001,-6.886198130999958]]]}},{"type":"Feature","properties":{"name":"Zona Pengelolaan Ekosistem Pesisir","fillColor":"#4065eb","fillOpacity":0.55},"geometry":{"type":"Polygon","coordinates":[[[112.2442848850001,-6.871157452999967],[112.21152881,-6.868896503999963],[112.2093233830001,-6.881319131999931],[112.2442848850001,-6.871157452999967]]]}},{"type":"Feature","properties":{"name":"Zona Pengelolaan Ekosistem Pesisir","fillColor":"#4065eb","fillOpacity":0.55},"geometry":{"type":"Polygon","coordinates":[[[112.440936026,-6.867184079999959],[112.4306290640001,-6.865289368999981],[112.440936026,-6.867184079999959]]]}},{"type":"Feature","properties":{"name":"Zona Pengelolaan Ekosistem Pesisir","fillColor":"#4065eb","fillOpacity":0.55},"geometry":{"type":"Polygon","coordinates":[[[112.329219444,-6.863069443999962],[112.316492958,-6.860489250999933],[112.3165133330001,-6.870298765999962],[112.329219444,-6.863069443999962]]]}},{"type":"Feature","properties":{"name":"Zona Pengelolaan Ekosistem Pesisir","fillColor":"#4065eb","fillOpacity":0.55},"geometry":{"type":"Polygon","coordinates":[[[112.826547708,-7.47358853399993],[112.8168087040001,-7.476599999999962],[112.826547708,-7.47358853399993]]]}},{"type":"Feature","properties":{"name":"Zona Pengelolaan Ekosistem Pesisir","fillColor":"#4065eb","fillOpacity":0.55},"geometry":{"type":"Polygon","coordinates":[[[112.8397217480001,-7.389263804999928],[112.83633177,-7.433332999999948],[112.8397217480001,-7.389263804999928]]]}},{"type":"Feature","properties":{"name":"Zona Pengelolaan Ekosistem Pesisir","fillColor":"#4065eb","fillOpacity":0.55},"geometry":{"type":"Polygon","coordinates":[[[112.8370515160001,-7.326020110999934],[112.8441463160001,-7.332236900999931],[112.8370515160001,-7.326020110999934]]]}},{"type":"Feature","properties":{"name":"Zona Pengelolaan Ekosistem Pesisir","fillColor":"#4065eb","fillOpacity":0.55},"geometry":{"type":"Polygon","coordinates":[[[112.7673320570001,-7.194674592999945],[112.759268517,-7.192355970999927],[112.7673320570001,-7.194674592999945]]]}},{"type":"Feature","properties":{"name":"Zona Pengelolaan Ekosistem Pesisir","fillColor":"#4065eb","fillOpacity":0.55},"geometry":{"type":"Polygon","coordinates":[[[112.8027651140001,-7.241691916999969],[112.8344457960001,-7.260493494999935],[112.848069613,-7.311929977999966],[112.8496330580001,-7.28164544599997],[112.835058859,-7.256512390999944],[112.8027651140001,-7.241691916999969]]]}},{"type":"Feature","properties":{"name":"Zona Pengelolaan Ekosistem Pesisir","fillColor":"#4065eb","fillOpacity":0.55},"geometry":{"type":"Polygon","coordinates":[[[113.4670473000001,-7.221795478999979],[113.497227359,-7.232100074999948],[113.4915166530001,-7.244520859999966],[113.5065072560001,-7.258654857999943],[113.5194277290001,-7.254657363999968],[113.5035920820001,-7.252320587999975],[113.5018342220001,-7.24074533199996],[113.517155501,-7.245365526999933],[113.5023121830001,-7.229180972999927],[113.4670473000001,-7.221795478999979]]]}},{"type":"Feature","properties":{"name":"Zona Pengelolaan Ekosistem Pesisir","fillColor":"#4065eb","fillOpacity":0.55},"geometry":{"type":"Polygon","coordinates":[[[113.4229683750001,-7.22125208999995],[113.4323952030001,-7.225652141999944],[113.4229683750001,-7.22125208999995]]]}},{"type":"Feature","properties":{"name":"Zona Pengelolaan Ekosistem Pesisir","fillColor":"#4065eb","fillOpacity":0.55},"geometry":{"type":"Polygon","coordinates":[[[113.411130017,-7.731644493999966],[113.375833334,-7.741144819999931],[113.411130017,-7.731644493999966]]]}},{"type":"Feature","properties":{"name":"Zona Pengelolaan Ekosistem Pesisir","fillColor":"#4065eb","fillOpacity":0.55},"geometry":{"type":"Polygon","coordinates":[[[113.4714489150001,-7.708558150999977],[113.425244925,-7.734920504999934],[113.4714489150001,-7.708558150999977]]]}},{"type":"Feature","properties":{"name":"Zona Pengelolaan Ekosistem Pesisir","fillColor":"#4065eb","fillOpacity":0.55},"geometry":{"type":"Polygon","coordinates":[[[112.0198108540001,-6.825000958999965],[112.0123351450001,-6.814395554999976],[112.007856799,-6.827787106999949],[112.035863628,-6.869824723999955],[112.0461867720001,-6.862533780999968],[112.0198108540001,-6.825000958999965]]]}},{"type":"Feature","properties":{"name":"Zona Perikanan Budidaya","fillColor":"#00c5ff","fillOpacity":0.55},"geometry":{"type":"Polygon","coordinates":[[[113.305038296,-7.217910411999981],[113.3102234050001,-7.232489869999938],[113.305038296,-7.217910411999981]]]}},{"type":"Feature","properties":{"name":"Zona Perikanan Budidaya","fillColor":"#00c5ff","fillOpacity":0.55},"geometry":{"type":"Polygon","coordinates":[[[113.294079505,-7.23271763799994],[113.287951634,-7.216210310999941],[113.294079505,-7.23271763799994]]]}},{"type":"Feature","properties":{"name":"Zona Perikanan Budidaya","fillColor":"#00c5ff","fillOpacity":0.55},"geometry":{"type":"Polygon","coordinates":[[[113.9895522260001,-7.641751347999957],[113.978709309,-7.642698861999975],[113.9895522260001,-7.641751347999957]]]}},{"type":"Feature","properties":{"name":"Zona Perikanan Budidaya","fillColor":"#00c5ff","fillOpacity":0.55},"geometry":{"type":"Polygon","coordinates":[[[114.0029417430001,-7.62003028099997],[114.009413406,-7.626205079999977],[114.0029417430001,-7.62003028099997]]]}},{"type":"Feature","properties":{"name":"Zona Perikanan Budidaya","fillColor":"#00c5ff","fillOpacity":0.55},"geometry":{"type":"Polygon","coordinates":[[[114.4063416670001,-5.582930555999951],[114.412654982,-5.571346843999947],[114.404358815,-5.569337123999958],[114.4043409540001,-5.58961224199993],[114.4166190410001,-5.589533840999934],[114.416810141,-5.573818416999927],[114.4063416670001,-5.582930555999951]]]}},{"type":"Feature","properties":{"name":"Zona Perikanan Budidaya","fillColor":"#00c5ff","fillOpacity":0.55},"geometry":{"type":"Polygon","coordinates":[[[114.4406403080001,-5.542497260999937],[114.4343445070001,-5.532035248999932],[114.4406403080001,-5.542497260999937]]]}},{"type":"Feature","properties":{"name":"Zona Perikanan Budidaya","fillColor":"#00c5ff","fillOpacity":0.55},"geometry":{"type":"Polygon","coordinates":[[[114.4158823810001,-5.525613638999971],[114.4154586740001,-5.536309589999973],[114.4158823810001,-5.525613638999971]]]}},{"type":"Feature","properties":{"name":"Zona Perikanan Budidaya","fillColor":"#00c5ff","fillOpacity":0.55},"geometry":{"type":"Polygon","coordinates":[[[112.499518144,-6.850484746999939],[112.5055354450001,-6.882096802999968],[112.499518144,-6.850484746999939]]]}},{"type":"Feature","properties":{"name":"Zona Perikanan Budidaya","fillColor":"#00c5ff","fillOpacity":0.55},"geometry":{"type":"Polygon","coordinates":[[[112.5407045110001,-6.848773491999964],[112.5466054440001,-6.826811181999972],[112.5407045110001,-6.848773491999964]]]}},{"type":"Feature","properties":{"name":"Zona Perikanan Budidaya","fillColor":"#00c5ff","fillOpacity":0.55},"geometry":{"type":"Polygon","coordinates":[[[112.5093024560001,-6.882092286999978],[112.512498723,-6.850504778999948],[112.5027682370001,-6.850489760999949],[112.5093024560001,-6.882092286999978]]]}},{"type":"Feature","properties":{"name":"Zona Perikanan Budidaya","fillColor":"#00c5ff","fillOpacity":0.55},"geometry":{"type":"Polygon","coordinates":[[[112.5529674510001,-6.833283499999936],[112.553877594,-6.822596406999935],[112.5529674510001,-6.833283499999936]]]}},{"type":"Feature","properties":{"name":"Zona Perikanan Budidaya","fillColor":"#00c5ff","fillOpacity":0.55},"geometry":{"type":"Polygon","coordinates":[[[112.553860825,-6.821792132999974],[112.5434194100001,-6.818657445999975],[112.553860825,-6.821792132999974]]]}},{"type":"Feature","properties":{"name":"Zona Perikanan Budidaya","fillColor":"#00c5ff","fillOpacity":0.55},"geometry":{"type":"Polygon","coordinates":[[[112.480000001,-6.855983003999938],[112.479508,-6.882127999999966],[112.500254272,-6.88210313299993],[112.499518144,-6.850484746999939],[112.4929999990001,-6.861999999999966],[112.480000001,-6.855983003999938]]]}},{"type":"Feature","properties":{"name":"Zona Perikanan Budidaya","fillColor":"#00c5ff","fillOpacity":0.55},"geometry":{"type":"Polygon","coordinates":[[[112.5528721950001,-6.833360400999936],[112.547444487,-6.844940999999949],[112.5640380420001,-6.845029530999966],[112.5528721950001,-6.833360400999936]]]}},{"type":"Feature","properties":{"name":"Zona Perikanan Budidaya","fillColor":"#00c5ff","fillOpacity":0.55},"geometry":{"type":"Polygon","coordinates":[[[112.539481397,-6.838301466999951],[112.538807062,-6.818661295999959],[112.515989995,-6.818642126999976],[112.515989996,-6.839567187999933],[112.5330627770001,-6.841781666999964],[112.529468056,-6.850157778999971],[112.515989996,-6.840806335999957],[112.512799767,-6.882088094999972],[112.5366592390001,-6.879702409999936],[112.517956677,-6.874277237999934],[112.5187656940001,-6.861761272999956],[112.539481397,-6.838301466999951]]]}},{"type":"Feature","properties":{"name":"Zona Perikanan Budidaya","fillColor":"#00c5ff","fillOpacity":0.55},"geometry":{"type":"Polygon","coordinates":[[[112.512498723,-6.850504778999948],[112.512799767,-6.882088094999972],[112.512498723,-6.850504778999948]]]}},{"type":"Feature","properties":{"name":"Zona Perikanan Budidaya","fillColor":"#00c5ff","fillOpacity":0.55},"geometry":{"type":"Polygon","coordinates":[[[112.5330627770001,-6.841781666999964],[112.515989996,-6.839567187999933],[112.529468056,-6.850157778999971],[112.5330627770001,-6.841781666999964]]]}},{"type":"Feature","properties":{"name":"Zona Perikanan Budidaya","fillColor":"#00c5ff","fillOpacity":0.55},"geometry":{"type":"Polygon","coordinates":[[[112.5692397400001,-6.837691991999975],[112.5528721950001,-6.833360400999936],[112.5640380420001,-6.845029530999966],[112.5692397400001,-6.837691991999975]]]}},{"type":"Feature","properties":{"name":"Zona Perikanan Budidaya","fillColor":"#00c5ff","fillOpacity":0.55},"geometry":{"type":"Polygon","coordinates":[[[112.5434194100001,-6.818657445999975],[112.553877594,-6.822596406999935],[112.5434194100001,-6.818657445999975]]]}},{"type":"Feature","properties":{"name":"Zona Perikanan Budidaya","fillColor":"#00c5ff","fillOpacity":0.55},"geometry":{"type":"Polygon","coordinates":[[[114.3660879600001,-7.258226777999937],[114.360516616,-7.237671192999926],[114.333395031,-7.237680852999972],[114.3334187840001,-7.269492012999933],[114.3660879600001,-7.258226777999937]]]}},{"type":"Feature","properties":{"name":"Zona Perikanan Budidaya","fillColor":"#00c5ff","fillOpacity":0.55},"geometry":{"type":"Polygon","coordinates":[[[113.734606447,-7.23754699999995],[113.7,-7.23754699999995],[113.6833330000001,-7.260678066999958],[113.7449623890001,-7.255152101999954],[113.734606447,-7.23754699999995]]]}},{"type":"Feature","properties":{"name":"Zona Perikanan Budidaya","fillColor":"#00c5ff","fillOpacity":0.55},"geometry":{"type":"Polygon","coordinates":[[[112.5121213030001,-6.903469989999962],[112.5127804890001,-6.882687833999967],[112.5121213030001,-6.903469989999962]]]}},{"type":"Feature","properties":{"name":"Zona Perikanan Budidaya","fillColor":"#00c5ff","fillOpacity":0.55},"geometry":{"type":"Polygon","coordinates":[[[112.5055354450001,-6.882096802999968],[112.507366111,-6.903006666999943],[112.5055354450001,-6.882096802999968]]]}},{"type":"Feature","properties":{"name":"Zona Perikanan Budidaya","fillColor":"#00c5ff","fillOpacity":0.55},"geometry":{"type":"Polygon","coordinates":[[[112.7416374000001,-5.733967594999967],[112.776421988,-5.722427892999974],[112.765141262,-5.712897625999972],[112.7416374000001,-5.733967594999967]]]}},{"type":"Feature","properties":{"name":"Zona Perikanan Budidaya","fillColor":"#00c5ff","fillOpacity":0.55},"geometry":{"type":"Polygon","coordinates":[[[112.87921496,-5.648779055999967],[112.872060075,-5.638969036999981],[112.8408834100001,-5.663954591999925],[112.846863653,-5.671958034999932],[112.87921496,-5.648779055999967]]]}},{"type":"Feature","properties":{"name":"Zona Perikanan Budidaya","fillColor":"#00c5ff","fillOpacity":0.55},"geometry":{"type":"Polygon","coordinates":[[[113.3146672920001,-7.218310365999969],[113.3147143050001,-7.229938537999942],[113.3146672920001,-7.218310365999969]]]}},{"type":"Feature","properties":{"name":"Zona Perikanan Budidaya","fillColor":"#00c5ff","fillOpacity":0.55},"geometry":{"type":"Polygon","coordinates":[[[113.321838905,-7.220291128999975],[113.3208788970001,-7.228567234999957],[113.321838905,-7.220291128999975]]]}},{"type":"Feature","properties":{"name":"Zona Perikanan Budidaya","fillColor":"#00c5ff","fillOpacity":0.55},"geometry":{"type":"Polygon","coordinates":[[[112.8756758430001,-6.887908780999965],[112.8917011460001,-6.887880227999972],[112.891600465,-6.877686333999975],[112.8723286280001,-6.877760139999964],[112.8756758430001,-6.887908780999965]]]}},{"type":"Feature","properties":{"name":"Zona Perikanan Budidaya","fillColor":"#00c5ff","fillOpacity":0.55},"geometry":{"type":"Polygon","coordinates":[[[112.777123779,-7.159533341999975],[112.7657852470001,-7.166198827999949],[112.777123779,-7.159533341999975]]]}},{"type":"Feature","properties":{"name":"Zona Perikanan Budidaya","fillColor":"#00c5ff","fillOpacity":0.55},"geometry":{"type":"Polygon","coordinates":[[[112.87265519,-6.877758888999949],[112.8915385390001,-6.871416360999945],[112.87265519,-6.877758888999949]]]}},{"type":"Feature","properties":{"name":"Zona Perikanan Budidaya","fillColor":"#00c5ff","fillOpacity":0.55},"geometry":{"type":"Polygon","coordinates":[[[112.512129606,-6.903469962999964],[112.535146821,-6.882061308999937],[112.512799767,-6.882088094999972],[112.512129606,-6.903469962999964]]]}},{"type":"Feature","properties":{"name":"Zona Perikanan Budidaya","fillColor":"#00c5ff","fillOpacity":0.55},"geometry":{"type":"Polygon","coordinates":[[[112.4606047220001,-6.851985275999937],[112.4404960200001,-6.850393663999967],[112.44147365,-6.871055413999954],[112.5001593110001,-6.899512089999973],[112.500254272,-6.88210313299993],[112.479508,-6.882127999999966],[112.479508,-6.850577099999953],[112.4639094460001,-6.860322777999954],[112.4606047220001,-6.851985275999937]]]}},{"type":"Feature","properties":{"name":"Zona Perikanan Budidaya","fillColor":"#00c5ff","fillOpacity":0.55},"geometry":{"type":"Polygon","coordinates":[[[112.5236468610001,-6.903000194999947],[112.5346437950001,-6.882529183999964],[112.5121213030001,-6.903469989999962],[112.5236468610001,-6.903000194999947]]]}},{"type":"Feature","properties":{"name":"Zona Perikanan Budidaya","fillColor":"#00c5ff","fillOpacity":0.55},"geometry":{"type":"Polygon","coordinates":[[[112.4482555200001,-6.874343941999939],[112.4993300200001,-6.90406196899994],[112.4482555200001,-6.874343941999939]]]}},{"type":"Feature","properties":{"name":"Zona Perikanan Budidaya","fillColor":"#00c5ff","fillOpacity":0.55},"geometry":{"type":"Polygon","coordinates":[[[112.4710172220001,-6.853804999999966],[112.4606047220001,-6.851985275999937],[112.4710172220001,-6.853804999999966]]]}},{"type":"Feature","properties":{"name":"Zona Perikanan Budidaya","fillColor":"#00c5ff","fillOpacity":0.55},"geometry":{"type":"Polygon","coordinates":[[[112.4404960200001,-6.850393663999967],[112.4286062220001,-6.864815998999973],[112.440936026,-6.867184079999959],[112.4404960200001,-6.850393663999967]]]}},{"type":"Feature","properties":{"name":"Zona Perikanan Budidaya","fillColor":"#00c5ff","fillOpacity":0.55},"geometry":{"type":"Polygon","coordinates":[[[112.2018959310001,-6.883714677999933],[112.1994953520001,-6.848923136999929],[112.1782718080001,-6.851429536999945],[112.1833198950001,-6.884061813999949],[112.2018959310001,-6.883714677999933]]]}},{"type":"Feature","properties":{"name":"Zona Perikanan Budidaya","fillColor":"#00c5ff","fillOpacity":0.55},"geometry":{"type":"Polygon","coordinates":[[[112.2388969890001,-6.868875911999965],[112.2389389330001,-6.844265036999957],[112.208484792,-6.847861526999964],[112.21152881,-6.868896503999963],[112.2388969890001,-6.868875911999965]]]}},{"type":"Feature","properties":{"name":"Zona Perikanan Budidaya","fillColor":"#00c5ff","fillOpacity":0.55},"geometry":{"type":"Polygon","coordinates":[[[112.3650186970001,-6.854623314999969],[112.3705914630001,-6.834372974999951],[112.325,-6.833333334999963],[112.3223243110001,-6.860489250999933],[112.3364388890001,-6.85498611099996],[112.3509412510001,-6.869554637999954],[112.3650186970001,-6.854623314999969]]]}},{"type":"Feature","properties":{"name":"Zona Perikanan Budidaya","fillColor":"#00c5ff","fillOpacity":0.55},"geometry":{"type":"Polygon","coordinates":[[[112.3882384120001,-5.915528293999955],[112.5125860090001,-5.862972541999966],[112.4915277780001,-5.801939365999942],[112.3714702420001,-5.842335197999944],[112.3882384120001,-5.915528293999955]]]}},{"type":"Feature","properties":{"name":"Zona Perikanan Budidaya","fillColor":"#00c5ff","fillOpacity":0.55},"geometry":{"type":"Polygon","coordinates":[[[112.847110301,-5.78214732899994],[112.7964931560001,-5.78214732899994],[112.8285189430001,-5.808482884999933],[112.8097806870001,-5.858748999999932],[112.7015176870001,-5.898383199999955],[112.735319738,-5.901132600999972],[112.843323022,-5.854699222999955],[112.8648904410001,-5.820278680999934],[112.847110301,-5.78214732899994]]]}},{"type":"Feature","properties":{"name":"Zona Perikanan Budidaya","fillColor":"#00c5ff","fillOpacity":0.55},"geometry":{"type":"Polygon","coordinates":[[[112.76118439,-5.733963243999938],[112.7900760750001,-5.733963243999938],[112.776421988,-5.722427892999974],[112.76118439,-5.733963243999938]]]}},{"type":"Feature","properties":{"name":"Zona Perikanan Budidaya","fillColor":"#00c5ff","fillOpacity":0.55},"geometry":{"type":"Polygon","coordinates":[[[112.7365075120001,-5.732524506999937],[112.765141262,-5.712897625999972],[112.722981117,-5.677279572999964],[112.697946019,-5.701109706999944],[112.7365075120001,-5.732524506999937]]]}},{"type":"Feature","properties":{"name":"Zona Perikanan Budidaya","fillColor":"#00c5ff","fillOpacity":0.55},"geometry":{"type":"Polygon","coordinates":[[[112.941435468,-5.734089203999929],[112.87921496,-5.648779055999967],[112.846863653,-5.671958034999932],[112.9126148800001,-5.75995383399993],[112.941435468,-5.734089203999929]]]}},{"type":"Feature","properties":{"name":"Zona Perikanan Budidaya","fillColor":"#00c5ff","fillOpacity":0.55},"geometry":{"type":"Polygon","coordinates":[[[112.684631563,-5.666091257999938],[112.6999265210001,-5.650916730999938],[112.6666670000001,-5.617657212999973],[112.6666670000001,-5.666666999999961],[112.6192090850001,-5.666666999999961],[112.6515758720001,-5.698886665999964],[112.684631563,-5.666091257999938]]]}},{"type":"Feature","properties":{"name":"Zona Perikanan Budidaya","fillColor":"#00c5ff","fillOpacity":0.55},"geometry":{"type":"Polygon","coordinates":[[[113.393694942,-7.217641813999933],[113.432408674,-7.228172270999949],[113.393694942,-7.217641813999933]]]}},{"type":"Feature","properties":{"name":"Zona Perikanan Budidaya","fillColor":"#00c5ff","fillOpacity":0.55},"geometry":{"type":"Polygon","coordinates":[[[113.5394501060001,-7.23527033299996],[113.5065072560001,-7.258654857999943],[113.4915166530001,-7.244520859999966],[113.497227359,-7.232100074999948],[113.465932811,-7.226386065999975],[113.508647825,-7.269153360999951],[113.5644300050001,-7.233121086999972],[113.6018873710001,-7.155726840999932],[113.602136318,-7.128400305999946],[113.558278641,-7.229474024999945],[113.5394501060001,-7.23527033299996]]]}},{"type":"Feature","properties":{"name":"Zona Perikanan Budidaya","fillColor":"#00c5ff","fillOpacity":0.55},"geometry":{"type":"Polygon","coordinates":[[[113.618199007,-6.875745851999966],[113.618195341,-6.860196818999952],[113.5091534920001,-6.860196023999947],[113.509219743,-6.896413019999954],[113.572379595,-6.892870921999929],[113.618199007,-6.875745851999966]]]}},{"type":"Feature","properties":{"name":"Zona Perikanan Budidaya","fillColor":"#00c5ff","fillOpacity":0.55},"geometry":{"type":"Polygon","coordinates":[[[113.474876589,-7.705433178999954],[113.375833334,-7.705279999999959],[113.375833334,-7.737672526999972],[113.4253239210001,-7.735484042999929],[113.474876589,-7.705433178999954]]]}},{"type":"Feature","properties":{"name":"Zona Perikanan Budidaya","fillColor":"#00c5ff","fillOpacity":0.55},"geometry":{"type":"Polygon","coordinates":[[[113.5994588140001,-7.65234180799996],[113.5263900000001,-7.65257502299994],[113.5268915400001,-7.708641498999953],[113.5491738060001,-7.713726214999951],[113.583333334,-7.699999999999932],[113.5982294080001,-7.712917814999969],[113.5994588140001,-7.65234180799996]]]}},{"type":"Feature","properties":{"name":"Zona Perikanan Budidaya","fillColor":"#00c5ff","fillOpacity":0.55},"geometry":{"type":"Polygon","coordinates":[[[113.3133952960001,-7.224024860999975],[113.3182346980001,-7.232376839999972],[113.3133952960001,-7.224024860999975]]]}},{"type":"Feature","properties":{"name":"Zona Perikanan Budidaya","fillColor":"#00c5ff","fillOpacity":0.55},"geometry":{"type":"Polygon","coordinates":[[[113.3290944620001,-7.214248388999977],[113.322174084,-7.232336929999974],[113.3929906980001,-7.225041717999943],[113.3290944620001,-7.214248388999977]]]}},{"type":"Feature","properties":{"name":"Zona Perikanan Budidaya","fillColor":"#00c5ff","fillOpacity":0.55},"geometry":{"type":"Polygon","coordinates":[[[113.1601940700001,-7.212144241999965],[113.1501705080001,-7.212969021999982],[113.153868224,-7.233161105999955],[113.28796761,-7.232804414999976],[113.2860896300001,-7.215812623999966],[113.2635697520001,-7.22808662999995],[113.1728528040001,-7.230763522999951],[113.1601940700001,-7.212144241999965]]]}},{"type":"Feature","properties":{"name":"Zona Perikanan Budidaya","fillColor":"#00c5ff","fillOpacity":0.55},"geometry":{"type":"Polygon","coordinates":[[[113.8079312890001,-7.698260506999929],[113.8079312890001,-7.651676425999938],[113.5994588140001,-7.65234180799996],[113.598278583,-7.710494820999941],[113.65070002,-7.719745502999956],[113.6543291250001,-7.731466572999977],[113.6793865960001,-7.731124142999931],[113.7147527310001,-7.705874188999928],[113.7635777600001,-7.738014335999935],[113.785544584,-7.732916458999966],[113.8079312890001,-7.698260506999929]]]}},{"type":"Feature","properties":{"name":"Zona Perikanan Budidaya","fillColor":"#00c5ff","fillOpacity":0.55},"geometry":{"type":"Polygon","coordinates":[[[114.081549137,-7.645977750999975],[114.072457371,-7.647664335999934],[114.1044052520001,-7.705159196999944],[114.18605376,-7.71294740999997],[114.1860537460001,-7.704558529999929],[114.1146859940001,-7.699022450999962],[114.081549137,-7.645977750999975]]]}},{"type":"Feature","properties":{"name":"Zona Perikanan Budidaya","fillColor":"#00c5ff","fillOpacity":0.55},"geometry":{"type":"Polygon","coordinates":[[[114.006943362,-7.632429762999948],[114.0008406820001,-7.618025597999974],[113.9811295620001,-7.639979957999969],[114.006943362,-7.632429762999948]]]}},{"type":"Feature","properties":{"name":"Zona Perikanan Budidaya","fillColor":"#00c5ff","fillOpacity":0.55},"geometry":{"type":"Polygon","coordinates":[[[113.7,-7.23754699999995],[113.734606447,-7.23754699999995],[113.7291903240001,-7.228339593999976],[113.6384192610001,-7.228339593999976],[113.6385454910001,-7.264693909999949],[113.6833330000001,-7.260678066999958],[113.7,-7.23754699999995]]]}},{"type":"Feature","properties":{"name":"Zona Perikanan Budidaya","fillColor":"#00c5ff","fillOpacity":0.55},"geometry":{"type":"Polygon","coordinates":[[[113.6357303760001,-7.128447556999959],[113.6020454430001,-7.13006255199997],[113.6018873710001,-7.155726840999932],[113.6357303780001,-7.155656714999964],[113.6357303760001,-7.128447556999959]]]}},{"type":"Feature","properties":{"name":"Zona Perikanan Budidaya","fillColor":"#00c5ff","fillOpacity":0.55},"geometry":{"type":"Polygon","coordinates":[[[113.7957639360001,-7.124793202999967],[113.79316827,-7.174886715999946],[113.854818764,-7.174886715999946],[113.8547440360001,-7.13395187499998],[113.7957639360001,-7.124793202999967]]]}},{"type":"Feature","properties":{"name":"Zona Perikanan Budidaya","fillColor":"#00c5ff","fillOpacity":0.55},"geometry":{"type":"Polygon","coordinates":[[[114.190235249,-6.95997693399994],[114.1624724540001,-6.96043141499996],[114.1624266260001,-6.977959122999948],[114.174180275,-6.965067906999934],[114.1863969410001,-6.971478182999931],[114.1838341160001,-6.998131217999969],[114.190235249,-6.95997693399994]]]}},{"type":"Feature","properties":{"name":"Zona Perikanan Budidaya","fillColor":"#00c5ff","fillOpacity":0.55},"geometry":{"type":"Polygon","coordinates":[[[114.333333333,-6.970150362999959],[114.333333333,-6.929363322999961],[114.2991839890001,-6.956241002999946],[114.302305227,-6.993908674999943],[114.333333333,-6.970150362999959]]]}},{"type":"Feature","properties":{"name":"Zona Perikanan Budidaya","fillColor":"#00c5ff","fillOpacity":0.55},"geometry":{"type":"Polygon","coordinates":[[[113.8291876820001,-6.83216964099995],[113.707960952,-6.832156113999929],[113.7078337060001,-6.865748908999933],[113.6708151730001,-6.865794911999956],[113.6708097330001,-6.883462053999949],[113.7885873180001,-6.885429373999955],[113.914507637,-6.863849554999945],[113.9672865250001,-6.873092790999976],[114.104576208,-6.93906771199994],[114.1318166660001,-6.879067487999976],[114.0433196920001,-6.837619055999937],[113.8291876820001,-6.83216964099995]]]}},{"type":"Feature","properties":{"name":"Zona Perikanan Budidaya","fillColor":"#00c5ff","fillOpacity":0.55},"geometry":{"type":"Polygon","coordinates":[[[114.4481909670001,-5.54367678899996],[114.4410492430001,-5.534367329999952],[114.439257889,-5.549539053999979],[114.4481909670001,-5.54367678899996]]]}},{"type":"Feature","properties":{"name":"Zona Perikanan Budidaya","fillColor":"#00c5ff","fillOpacity":0.55},"geometry":{"type":"Polygon","coordinates":[[[114.4152425430001,-5.525836058999971],[114.384222225,-5.536619311999971],[114.3828653590001,-5.596773610999946],[114.4630591600001,-5.597030366999945],[114.452723758,-5.553193621999981],[114.4472470510001,-5.579042171999959],[114.422409839,-5.590048195999941],[114.416810141,-5.573818416999927],[114.4166190410001,-5.589533840999934],[114.4043409540001,-5.58961224199993],[114.3937812720001,-5.54278071799996],[114.4153832220001,-5.536162426999965],[114.4152425430001,-5.525836058999971]]]}},{"type":"Feature","properties":{"name":"Zona Perikanan Budidaya","fillColor":"#00c5ff","fillOpacity":0.55},"geometry":{"type":"Polygon","coordinates":[[[114.506669769,-5.426022733999957],[114.514186192,-5.409760406999965],[114.4261049250001,-5.381843940999943],[114.4011205840001,-5.439664841999956],[114.4203640000001,-5.428346999999974],[114.4397453900001,-5.453719689999957],[114.4847667130001,-5.470102112999939],[114.506669769,-5.426022733999957]]]}},{"type":"Feature","properties":{"name":"Zona Perikanan Budidaya","fillColor":"#00c5ff","fillOpacity":0.55},"geometry":{"type":"Polygon","coordinates":[[[114.6668198350001,-5.230548094999961],[114.6982517800001,-5.205936288999965],[114.6735053850001,-5.177953827999943],[114.6320732710001,-5.206114717999981],[114.657896122,-5.237535531999981],[114.6668198350001,-5.230548094999961]]]}},{"type":"Feature","properties":{"name":"Zona Perikanan Budidaya","fillColor":"#00c5ff","fillOpacity":0.55},"geometry":{"type":"Polygon","coordinates":[[[114.616321373,-5.095097391999957],[114.630097564,-5.09506586699996],[114.6301094590001,-5.079468501999941],[114.6185695940001,-5.079299486999957],[114.616321373,-5.095097391999957]]]}},{"type":"Feature","properties":{"name":"Zona Perikanan Budidaya","fillColor":"#00c5ff","fillOpacity":0.55},"geometry":{"type":"Polygon","coordinates":[[[114.7075712940001,-5.060453000999928],[114.7075510980001,-5.026622928999927],[114.6504373690001,-5.035292596999966],[114.6504755110001,-5.069429441999944],[114.7075712940001,-5.060453000999928]]]}},{"type":"Feature","properties":{"name":"Zona Perikanan Budidaya","fillColor":"#00c5ff","fillOpacity":0.55},"geometry":{"type":"Polygon","coordinates":[[[114.7389263350001,-4.889325268999926],[114.68094766,-4.855065942999943],[114.6151558680001,-4.841940342999976],[114.54794785,-4.851216091999959],[114.485779813,-4.882192287999942],[114.5310518680001,-4.946738582999956],[114.6044960290001,-4.912747897999964],[114.6327500310001,-4.954471831999967],[114.7389263350001,-4.889325268999926]]]}},{"type":"Feature","properties":{"name":"Zona Perikanan Budidaya","fillColor":"#00c5ff","fillOpacity":0.55},"geometry":{"type":"Polygon","coordinates":[[[112.02802034,-6.809720139999968],[112.019137009,-6.79863424399997],[112.0022380510001,-6.814253530999963],[112.044233918,-6.859754875999954],[112.06032271,-6.851618676999976],[112.02802034,-6.809720139999968]]]}},{"type":"Feature","properties":{"name":"Zona Perikanan Budidaya","fillColor":"#00c5ff","fillOpacity":0.55},"geometry":{"type":"Polygon","coordinates":[[[111.9166928220001,-6.781929112999933],[111.9303748290001,-6.766628693999962],[111.9260622830001,-6.742289978999963],[111.8574570250001,-6.760666230999959],[111.8558518670001,-6.799910310999962],[111.9166928220001,-6.781929112999933]]]}},{"type":"Feature","properties":{"name":"Zona Perikanan Budidaya","fillColor":"#00c5ff","fillOpacity":0.55},"geometry":{"type":"Polygon","coordinates":[[[111.8145825110001,-6.754262463999964],[111.70810148,-6.734586774999968],[111.6913936550001,-6.75417089299998],[111.7219667530001,-6.770573270999932],[111.763390003,-6.767521037999927],[111.8120974510001,-6.795122839999976],[111.8145825110001,-6.754262463999964]]]}},{"type":"Feature","properties":{"name":"Zona Perikanan Budidaya","fillColor":"#00c5ff","fillOpacity":0.55},"geometry":{"type":"Polygon","coordinates":[[[114.333395031,-7.237680852999972],[114.360516616,-7.237671192999926],[114.3235144080001,-7.229371620999927],[114.323537717,-7.266666120999957],[114.2237985530001,-7.255032999999969],[114.231986344,-7.304468716999963],[114.3334187840001,-7.269492012999933],[114.333395031,-7.237680852999972]]]}},{"type":"Feature","properties":{"name":"Zona Perikanan Budidaya","fillColor":"#00c5ff","fillOpacity":0.55},"geometry":{"type":"Polygon","coordinates":[[[116.014832789,-7.174999999999955],[116.0368824220001,-7.174999999999955],[116.0370371160001,-7.113681393999968],[115.9210459120001,-7.11345529099998],[115.9210459130001,-7.174999999999955],[116.014832789,-7.174999999999955]]]}},{"type":"Feature","properties":{"name":"Zona Perikanan Budidaya","fillColor":"#00c5ff","fillOpacity":0.55},"geometry":{"type":"Polygon","coordinates":[[[115.658196427,-7.014885148999952],[115.647753446,-7.007380805999958],[115.6185392750001,-7.020600316999946],[115.683390679,-7.027727682999966],[115.658196427,-7.014885148999952]]]}},{"type":"Feature","properties":{"name":"Zona Perikanan Budidaya","fillColor":"#00c5ff","fillOpacity":0.55},"geometry":{"type":"Polygon","coordinates":[[[115.3174386650001,-6.98735882699998],[115.3132917920001,-6.999999999999943],[115.3260410400001,-6.999999999999943],[115.3174386650001,-6.98735882699998]]]}},{"type":"Feature","properties":{"name":"Zona Perikanan Budidaya","fillColor":"#00c5ff","fillOpacity":0.55},"geometry":{"type":"Polygon","coordinates":[[[115.4900412430001,-6.966666999999973],[115.490050663,-6.956029179999973],[115.4900412430001,-6.966666999999973]]]}},{"type":"Feature","properties":{"name":"Zona Perikanan Budidaya","fillColor":"#00c5ff","fillOpacity":0.55},"geometry":{"type":"Polygon","coordinates":[[[115.5160286670001,-6.952955392999968],[115.5074442250001,-6.966666999999973],[115.5465702060001,-6.96543560799995],[115.5314790010001,-6.954562284999952],[115.5154004880001,-6.96197830899996],[115.5160286670001,-6.952955392999968]]]}},{"type":"Feature","properties":{"name":"Zona Perikanan Budidaya","fillColor":"#00c5ff","fillOpacity":0.55},"geometry":{"type":"Polygon","coordinates":[[[115.4815442570001,-6.950859277999939],[115.4702254060001,-6.954483854999978],[115.4815442570001,-6.950859277999939]]]}},{"type":"Feature","properties":{"name":"Zona Perikanan Budidaya","fillColor":"#00c5ff","fillOpacity":0.55},"geometry":{"type":"Polygon","coordinates":[[[115.2689408860001,-6.945701691999943],[115.262432889,-6.935847234999926],[115.258947152,-6.948794991999932],[115.2689408860001,-6.945701691999943]]]}},{"type":"Feature","properties":{"name":"Zona Perikanan Budidaya","fillColor":"#00c5ff","fillOpacity":0.55},"geometry":{"type":"Polygon","coordinates":[[[115.484554276,-6.937558089999925],[115.4686484580001,-6.933486531999961],[115.484554276,-6.937558089999925]]]}},{"type":"Feature","properties":{"name":"Zona Perikanan Budidaya","fillColor":"#00c5ff","fillOpacity":0.55},"geometry":{"type":"Polygon","coordinates":[[[115.3494920590001,-6.933685493999974],[115.335198781,-6.925337597999942],[115.3494920590001,-6.933685493999974]]]}},{"type":"Feature","properties":{"name":"Zona Perikanan Budidaya","fillColor":"#00c5ff","fillOpacity":0.55},"geometry":{"type":"Polygon","coordinates":[[[115.4310068850001,-6.92907114999997],[115.422123413,-6.919934268999953],[115.4310068850001,-6.92907114999997]]]}},{"type":"Feature","properties":{"name":"Zona Perikanan Budidaya","fillColor":"#00c5ff","fillOpacity":0.55},"geometry":{"type":"Polygon","coordinates":[[[115.4463592420001,-6.911978082999951],[115.4521585690001,-6.927315068999974],[115.4463592420001,-6.911978082999951]]]}},{"type":"Feature","properties":{"name":"Zona Perikanan Budidaya","fillColor":"#00c5ff","fillOpacity":0.55},"geometry":{"type":"Polygon","coordinates":[[[115.38829882,-6.906583013999978],[115.38452238,-6.92349448899995],[115.38829882,-6.906583013999978]]]}},{"type":"Feature","properties":{"name":"Zona Perikanan Budidaya","fillColor":"#00c5ff","fillOpacity":0.55},"geometry":{"type":"Polygon","coordinates":[[[115.3750977430001,-6.903374410999959],[115.369011042,-6.92170833199998],[115.378446421,-6.929207581999947],[115.3750977430001,-6.903374410999959]]]}},{"type":"Feature","properties":{"name":"Zona Perikanan Budidaya","fillColor":"#00c5ff","fillOpacity":0.55},"geometry":{"type":"Polygon","coordinates":[[[115.1697514160001,-6.955446213999949],[115.1698780080001,-6.92900171499997],[115.1892587950001,-6.928991550999967],[115.1870406310001,-6.894720547999952],[115.2229363990001,-6.856483428999979],[115.0890891820001,-6.961852657999941],[115.1697514160001,-6.955446213999949]]]}},{"type":"Feature","properties":{"name":"Zona Perikanan Budidaya","fillColor":"#00c5ff","fillOpacity":0.55},"geometry":{"type":"Polygon","coordinates":[[[114.226612022,-7.219192799999973],[114.219353819,-7.228196871999955],[114.226612022,-7.219192799999973]]]}},{"type":"Feature","properties":{"name":"Zona Perikanan Budidaya","fillColor":"#00c5ff","fillOpacity":0.55},"geometry":{"type":"Polygon","coordinates":[[[113.0169797200001,-7.208088208999925],[113.0405100070001,-7.21481821499998],[113.0169797200001,-7.208088208999925]]]}},{"type":"Feature","properties":{"name":"Zona Perikanan Budidaya","fillColor":"#00c5ff","fillOpacity":0.55},"geometry":{"type":"Polygon","coordinates":[[[112.800819,-7.15756099999993],[112.781618908,-7.166775469999948],[112.8805520630001,-7.170180207999977],[112.800819,-7.15756099999993]]]}},{"type":"Feature","properties":{"name":"Zona Perikanan Budidaya","fillColor":"#00c5ff","fillOpacity":0.55},"geometry":{"type":"Polygon","coordinates":[[[113.1009639350001,-7.241753504999963],[113.0824829270001,-7.237281530999951],[113.1009639350001,-7.241753504999963]]]}},{"type":"Feature","properties":{"name":"Zona Perikanan Budidaya","fillColor":"#00c5ff","fillOpacity":0.55},"geometry":{"type":"Polygon","coordinates":[[[114.5809987380001,-8.671671128999947],[114.605261473,-8.71727274799997],[114.588654505,-8.762196056999926],[114.5378900860001,-8.780097850999937],[114.4958140340001,-8.776081877999957],[114.538691921,-8.784600348999959],[114.5910638620001,-8.766468852999935],[114.60912397,-8.723210251999944],[114.5809987380001,-8.671671128999947]]]}},{"type":"Feature","properties":{"name":"Zona Perikanan Budidaya","fillColor":"#00c5ff","fillOpacity":0.55},"geometry":{"type":"Polygon","coordinates":[[[114.178245724,-8.634585038999944],[114.225718216,-8.649306027999955],[114.230574527,-8.633483849999948],[114.225602996,-8.623061247999942],[114.212804924,-8.64525507199994],[114.178245724,-8.634585038999944]]]}},{"type":"Feature","properties":{"name":"Zona Perikanan Budidaya","fillColor":"#00c5ff","fillOpacity":0.55},"geometry":{"type":"Polygon","coordinates":[[[114.481388892,-8.61815596699995],[114.5143883980001,-8.650114863999931],[114.5617440010001,-8.655821997999965],[114.481388892,-8.61815596699995]]]}},{"type":"Feature","properties":{"name":"Zona Perikanan Budidaya","fillColor":"#00c5ff","fillOpacity":0.55},"geometry":{"type":"Polygon","coordinates":[[[114.409339001,-8.518607997999936],[114.4079033740001,-8.569443374999935],[114.442102082,-8.634440881999979],[114.4579723300001,-8.638464240999951],[114.4726473110001,-8.617680936999932],[114.4486294330001,-8.617692380999927],[114.409339001,-8.518607997999936]]]}},{"type":"Feature","properties":{"name":"Zona Perikanan Budidaya","fillColor":"#00c5ff","fillOpacity":0.55},"geometry":{"type":"Polygon","coordinates":[[[114.3472276130001,-8.426985543999933],[114.3391595190001,-8.427358708999975],[114.3472276130001,-8.426985543999933]]]}},{"type":"Feature","properties":{"name":"Zona Perikanan Budidaya","fillColor":"#00c5ff","fillOpacity":0.55},"geometry":{"type":"Polygon","coordinates":[[[114.353511955,-8.394416449999937],[114.3638205550001,-8.312634131999971],[114.3406980990001,-8.417095314999926],[114.353511955,-8.394416449999937]]]}},{"type":"Feature","properties":{"name":"Zona Perikanan Budidaya","fillColor":"#00c5ff","fillOpacity":0.55},"geometry":{"type":"Polygon","coordinates":[[[113.0168906140001,-8.312535711999942],[112.975338455,-8.326313995999953],[113.0168906140001,-8.312535711999942]]]}},{"type":"Feature","properties":{"name":"Zona Perikanan Budidaya","fillColor":"#00c5ff","fillOpacity":0.55},"geometry":{"type":"Polygon","coordinates":[[[113.0998599310001,-8.289382066999963],[113.111974905,-8.295091903999946],[113.0998599310001,-8.289382066999963]]]}},{"type":"Feature","properties":{"name":"Zona Perikanan Budidaya","fillColor":"#00c5ff","fillOpacity":0.55},"geometry":{"type":"Polygon","coordinates":[[[113.2089887440001,-8.28275756499994],[113.179617127,-8.284214361999943],[113.2089887440001,-8.28275756499994]]]}},{"type":"Feature","properties":{"name":"Zona Perikanan Budidaya","fillColor":"#00c5ff","fillOpacity":0.55},"geometry":{"type":"Polygon","coordinates":[[[111.403359707,-8.334918587999937],[111.403473481,-8.29568377299995],[111.388572905,-8.29570506899995],[111.388572905,-8.334918587999937],[111.403359707,-8.334918587999937]]]}},{"type":"Feature","properties":{"name":"Zona Perikanan Budidaya","fillColor":"#00c5ff","fillOpacity":0.55},"geometry":{"type":"Polygon","coordinates":[[[110.920325839,-8.218884905999971],[110.9360029140001,-8.227070632999926],[110.920325839,-8.218884905999971]]]}},{"type":"Feature","properties":{"name":"Zona Perikanan Budidaya","fillColor":"#00c5ff","fillOpacity":0.55},"geometry":{"type":"Polygon","coordinates":[[[114.3235144080001,-7.229371620999927],[114.226612022,-7.219192799999973],[114.219353819,-7.228196871999955],[114.2237985530001,-7.255032999999969],[114.2833330000001,-7.255032999999969],[114.2833330000001,-7.266666999999927],[114.323537717,-7.266666120999957],[114.3235144080001,-7.229371620999927]]]}},{"type":"Feature","properties":{"name":"Zona Perikanan Budidaya","fillColor":"#00c5ff","fillOpacity":0.55},"geometry":{"type":"Polygon","coordinates":[[[116.0367557650001,-7.225205220999953],[116.0368824220001,-7.174999999999955],[115.9210459130001,-7.174999999999955],[115.9210459130001,-7.225260506999973],[116.0367557650001,-7.225205220999953]]]}},{"type":"Feature","properties":{"name":"Zona Perikanan Budidaya","fillColor":"#00c5ff","fillOpacity":0.55},"geometry":{"type":"Polygon","coordinates":[[[114.844194535,-7.154433685999948],[114.8702688930001,-7.144909869999935],[114.8843168840001,-7.06085625999998],[114.8312470120001,-7.07878526899998],[114.8181201770001,-7.163957507999953],[114.844194535,-7.154433685999948]]]}},{"type":"Feature","properties":{"name":"Zona Perikanan Budidaya","fillColor":"#00c5ff","fillOpacity":0.55},"geometry":{"type":"MultiPolygon","coordinates":[[[[115.2272430810001,-7.060388154999941],[115.171554428,-7.069649918999971],[115.175480115,-7.115539829999932],[115.230266934,-7.112581854999974],[115.2272430810001,-7.060388154999941]]],[[[115.1948945920001,-7.092702995999957],[115.1977464490001,-7.082509029999926],[115.1948945920001,-7.092702995999957]]]]}},{"type":"Feature","properties":{"name":"Zona Perikanan Budidaya","fillColor":"#00c5ff","fillOpacity":0.55},"geometry":{"type":"Polygon","coordinates":[[[115.208722606,-7.03459520399997],[115.208571438,-7.001791642999933],[115.0872189250001,-7.001791642999933],[115.071474724,-7.07792182999998],[115.208722606,-7.03459520399997]]]}},{"type":"Feature","properties":{"name":"Zona Perikanan Budidaya","fillColor":"#00c5ff","fillOpacity":0.55},"geometry":{"type":"Polygon","coordinates":[[[115.3280845080001,-7.004466694999962],[115.3132917920001,-6.999999999999943],[115.3280845080001,-7.004466694999962]]]}},{"type":"Feature","properties":{"name":"Zona Perikanan Budidaya","fillColor":"#00c5ff","fillOpacity":0.55},"geometry":{"type":"Polygon","coordinates":[[[115.496703636,-6.973277892999931],[115.473394435,-6.97244746399997],[115.4767851670001,-6.981667872999935],[115.496703636,-6.973277892999931]]]}},{"type":"Feature","properties":{"name":"Zona Perikanan Budidaya","fillColor":"#00c5ff","fillOpacity":0.55},"geometry":{"type":"Polygon","coordinates":[[[115.5431450030001,-6.97194349199998],[115.5068686930001,-6.973277892999931],[115.5176063450001,-6.990368522999972],[115.5431450030001,-6.97194349199998]]]}},{"type":"Feature","properties":{"name":"Zona Perikanan Budidaya","fillColor":"#00c5ff","fillOpacity":0.55},"geometry":{"type":"Polygon","coordinates":[[[115.5728940820001,-6.975584125999944],[115.5615264750001,-6.966666999999973],[115.55128276,-6.976274108999974],[115.5489311700001,-7.006480366999938],[115.5714841280001,-7.004569228999969],[115.5655736020001,-6.989186074999964],[115.589099732,-6.980433408999943],[115.5728940820001,-6.975584125999944]]]}},{"type":"Feature","properties":{"name":"Zona Perikanan Budidaya","fillColor":"#00c5ff","fillOpacity":0.55},"geometry":{"type":"MultiPolygon","coordinates":[[[[116.273067274,-6.917534071999967],[116.1985905270001,-6.91721542099998],[116.1985905270001,-6.960531383999978],[116.273067273,-6.960531383999978],[116.273067274,-6.917534071999967]]],[[[116.252367979,-6.928689703999964],[116.2701510000001,-6.93997399899996],[116.2355990000001,-6.946112998999979],[116.2393650170001,-6.933972727999958],[116.265116,-6.934886999999947],[116.252367979,-6.928689703999964]]]]}},{"type":"Feature","properties":{"name":"Zona Perikanan Budidaya","fillColor":"#00c5ff","fillOpacity":0.55},"geometry":{"type":"Polygon","coordinates":[[[114.366129567,-6.945038190999981],[114.362460959,-6.906438053999977],[114.333333333,-6.929363322999961],[114.333333333,-6.970150362999959],[114.366129567,-6.945038190999981]]]}},{"type":"Feature","properties":{"name":"Zona Perikanan Budidaya","fillColor":"#00c5ff","fillOpacity":0.55},"geometry":{"type":"Polygon","coordinates":[[[115.5650710240001,-6.554983949999951],[115.4725490210001,-6.492987108999955],[115.41372243,-6.584742350999932],[115.502253254,-6.640644546999965],[115.5650710240001,-6.554983949999951]]]}},{"type":"Feature","properties":{"name":"Zona Perikanan Budidaya","fillColor":"#00c5ff","fillOpacity":0.55},"geometry":{"type":"Polygon","coordinates":[[[115.7873417610001,-6.445668713999964],[115.6456903210001,-6.444716437999944],[115.6456903200001,-6.681585918999929],[115.618921384,-6.681549588999928],[115.618921384,-6.763664107999944],[115.787978659,-6.763664107999944],[115.7873417610001,-6.445668713999964]]]}},{"type":"Feature","properties":{"name":"Zona Perikanan Budidaya","fillColor":"#00c5ff","fillOpacity":0.55},"geometry":{"type":"Polygon","coordinates":[[[111.6197139880001,-8.376117138999973],[111.6172269840001,-8.358059326999978],[111.55742918,-8.36534073599995],[111.5859386870001,-8.379930478999938],[111.6197139880001,-8.376117138999973]]]}},{"type":"Feature","properties":{"name":"Zona Perikanan Budidaya","fillColor":"#00c5ff","fillOpacity":0.55},"geometry":{"type":"Polygon","coordinates":[[[111.7021626040001,-8.336846278999928],[111.6906323600001,-8.337708882999948],[111.7075048350001,-8.35013637399993],[111.7021626040001,-8.336846278999928]]]}},{"type":"Feature","properties":{"name":"Zona Perikanan Budidaya","fillColor":"#00c5ff","fillOpacity":0.55},"geometry":{"type":"Polygon","coordinates":[[[111.4140530710001,-8.334884719999934],[111.4202316340001,-8.295727343999943],[111.403473481,-8.29568377299995],[111.403359707,-8.334918587999937],[111.4140530710001,-8.334884719999934]]]}},{"type":"Feature","properties":{"name":"Zona Perikanan Tangkap","fillColor":"#6191c9","fillOpacity":0.55},"geometry":{"type":"Polygon","coordinates":[[[113.411700267,-7.511862214999951],[113.420329734,-7.507808327999953],[113.411700267,-7.511862214999951]]]}},{"type":"Feature","properties":{"name":"Zona Perikanan Tangkap","fillColor":"#6191c9","fillOpacity":0.55},"geometry":{"type":"Polygon","coordinates":[[[113.3800416810001,-7.507779524999933],[113.371502587,-7.507773419999978],[113.3800416810001,-7.507779524999933]]]}},{"type":"Feature","properties":{"name":"Zona Perikanan Tangkap","fillColor":"#6191c9","fillOpacity":0.55},"geometry":{"type":"Polygon","coordinates":[[[113.6924086390001,-7.508325979999938],[113.7062897010001,-7.503546727999947],[113.6924086390001,-7.508325979999938]]]}},{"type":"Feature","properties":{"name":"Zona Perikanan Tangkap","fillColor":"#6191c9","fillOpacity":0.55},"geometry":{"type":"Polygon","coordinates":[[[113.646893587,-7.518038682999929],[113.679608472,-7.503242937999971],[113.646893587,-7.518038682999929]]]}},{"type":"Feature","properties":{"name":"Zona Perikanan Tangkap","fillColor":"#6191c9","fillOpacity":0.55},"geometry":{"type":"Polygon","coordinates":[[[113.3906203290001,-7.521593673999973],[113.4112110410001,-7.507801808999943],[113.3800416810001,-7.507779524999933],[113.3906203290001,-7.521593673999973]]]}},{"type":"Feature","properties":{"name":"Zona Perikanan Tangkap","fillColor":"#6191c9","fillOpacity":0.55},"geometry":{"type":"Polygon","coordinates":[[[113.71667,-7.506845906999956],[113.7062504260001,-7.503436482999973],[113.71667,-7.506845906999956]]]}},{"type":"Feature","properties":{"name":"Zona Perikanan Tangkap","fillColor":"#6191c9","fillOpacity":0.55},"geometry":{"type":"Polygon","coordinates":[[[113.8834141520001,-7.467306849999943],[113.8959453970001,-7.457779999999957],[113.8834141520001,-7.467306849999943]]]}},{"type":"Feature","properties":{"name":"Zona Perikanan Tangkap","fillColor":"#6191c9","fillOpacity":0.55},"geometry":{"type":"Polygon","coordinates":[[[113.664133267,-7.45313998599994],[113.590203458,-7.43911253999994],[113.5333300000001,-7.453737351999962],[113.5314300120001,-7.499999999999943],[113.642203224,-7.516435809999962],[113.680921022,-7.502779999999973],[113.6666700000001,-7.502779999999973],[113.664133267,-7.45313998599994]]]}},{"type":"Feature","properties":{"name":"Zona Perikanan Tangkap","fillColor":"#6191c9","fillOpacity":0.55},"geometry":{"type":"Polygon","coordinates":[[[113.7059460580001,-7.502779999999973],[113.680921022,-7.502779999999973],[113.7059460580001,-7.502779999999973]]]}},{"type":"Feature","properties":{"name":"Zona Perikanan Tangkap","fillColor":"#6191c9","fillOpacity":0.55},"geometry":{"type":"Polygon","coordinates":[[[113.7453850740001,-7.489633620999939],[113.750825715,-7.478124536999928],[113.738671574,-7.482411315999968],[113.7336766330001,-7.493763208999951],[113.7453850740001,-7.489633620999939]]]}},{"type":"Feature","properties":{"name":"Zona Perikanan Tangkap","fillColor":"#6191c9","fillOpacity":0.55},"geometry":{"type":"Polygon","coordinates":[[[113.792119941,-7.473150146999956],[113.7955319810001,-7.462356586999931],[113.792119941,-7.473150146999956]]]}},{"type":"Feature","properties":{"name":"Zona Perikanan Tangkap","fillColor":"#6191c9","fillOpacity":0.55},"geometry":{"type":"Polygon","coordinates":[[[113.4195014430001,-7.500492425999937],[113.3865068350001,-7.491505795999956],[113.3686837710001,-7.505975400999944],[113.4195014430001,-7.500492425999937]]]}},{"type":"Feature","properties":{"name":"Zona Perikanan Tangkap","fillColor":"#6191c9","fillOpacity":0.55},"geometry":{"type":"Polygon","coordinates":[[[113.7371727860001,-7.505967105999957],[113.7453893730001,-7.489632103999952],[113.71667,-7.507429169999966],[113.7371727860001,-7.505967105999957]]]}},{"type":"Feature","properties":{"name":"Zona Perikanan Tangkap","fillColor":"#6191c9","fillOpacity":0.55},"geometry":{"type":"Polygon","coordinates":[[[113.802587397,-7.487193151999975],[113.8124148190001,-7.48553358099997],[113.801003657,-7.470016843999929],[113.792116489,-7.473151364999978],[113.802587397,-7.487193151999975]]]}},{"type":"Feature","properties":{"name":"Zona Perikanan Tangkap","fillColor":"#6191c9","fillOpacity":0.55},"geometry":{"type":"Polygon","coordinates":[[[113.783061016,-7.444897436999952],[113.7608030250001,-7.449937760999944],[113.738671574,-7.482411315999968],[113.7738945630001,-7.447640373999945],[113.7955319810001,-7.462356586999931],[113.783061016,-7.444897436999952]]]}},{"type":"Feature","properties":{"name":"Zona Perikanan Tangkap","fillColor":"#6191c9","fillOpacity":0.55},"geometry":{"type":"Polygon","coordinates":[[[113.7333844240001,-7.493866271999934],[113.738671574,-7.482411315999968],[113.684295987,-7.501589645999957],[113.7333844240001,-7.493866271999934]]]}},{"type":"Feature","properties":{"name":"Zona Perikanan Tangkap","fillColor":"#6191c9","fillOpacity":0.55},"geometry":{"type":"Polygon","coordinates":[[[113.77688765,-7.478522603999977],[113.792116489,-7.473151364999978],[113.786644912,-7.46549106599997],[113.750825715,-7.478124536999928],[113.7453893730001,-7.489632103999952],[113.77688765,-7.478522603999977]]]}},{"type":"Feature","properties":{"name":"Zona Perikanan Tangkap","fillColor":"#6191c9","fillOpacity":0.55},"geometry":{"type":"Polygon","coordinates":[[[113.9229999360001,-7.437438660999931],[113.9316200500001,-7.432095918999948],[113.9229999360001,-7.437438660999931]]]}},{"type":"Feature","properties":{"name":"Zona Perikanan Tangkap","fillColor":"#6191c9","fillOpacity":0.55},"geometry":{"type":"Polygon","coordinates":[[[113.9099601270001,-7.431587696999941],[113.856953566,-7.440693124999939],[113.8549589360001,-7.428061722999928],[113.858259921,-7.449144258999979],[113.7955319810001,-7.462356586999931],[113.801003657,-7.470016843999929],[113.9099601270001,-7.431587696999941]]]}},{"type":"Feature","properties":{"name":"Zona Perikanan Tangkap","fillColor":"#6191c9","fillOpacity":0.55},"geometry":{"type":"Polygon","coordinates":[[[113.4109024000001,-7.505075236999971],[113.3800416810001,-7.507779524999933],[113.4109024000001,-7.505075236999971]]]}},{"type":"Feature","properties":{"name":"Zona Perikanan Tangkap","fillColor":"#6191c9","fillOpacity":0.55},"geometry":{"type":"Polygon","coordinates":[[[113.729242427,-7.499988236999968],[113.708111721,-7.502780000999962],[113.729242427,-7.499988236999968]]]}},{"type":"Feature","properties":{"name":"Zona Perikanan Tangkap","fillColor":"#6191c9","fillOpacity":0.55},"geometry":{"type":"Polygon","coordinates":[[[113.7397158210001,-7.509131814999932],[113.8024082970001,-7.48722709499998],[113.792116489,-7.473151364999978],[113.7453893730001,-7.489632103999952],[113.7397158210001,-7.509131814999932]]]}},{"type":"Feature","properties":{"name":"Zona Perikanan Tangkap","fillColor":"#6191c9","fillOpacity":0.55},"geometry":{"type":"Polygon","coordinates":[[[113.7608030250001,-7.449937760999944],[113.6666700000001,-7.45312208699994],[113.6666700000001,-7.502779999999973],[113.738671574,-7.482411315999968],[113.7608030250001,-7.449937760999944]]]}},{"type":"Feature","properties":{"name":"Zona Perikanan Tangkap","fillColor":"#6191c9","fillOpacity":0.55},"geometry":{"type":"Polygon","coordinates":[[[113.772426148,-7.470506039999975],[113.786644912,-7.46549106599997],[113.7738945630001,-7.447640373999945],[113.750825715,-7.478124536999928],[113.772426148,-7.470506039999975]]]}},{"type":"Feature","properties":{"name":"Zona Perikanan Tangkap","fillColor":"#6191c9","fillOpacity":0.55},"geometry":{"type":"Polygon","coordinates":[[[113.8156212990001,-7.455271061999952],[113.848266574,-7.443757035999965],[113.8461878800001,-7.430591599999957],[113.783061016,-7.444897436999952],[113.7955319810001,-7.462356586999931],[113.8156212990001,-7.455271061999952]]]}},{"type":"Feature","properties":{"name":"Zona Perikanan Tangkap","fillColor":"#6191c9","fillOpacity":0.55},"geometry":{"type":"Polygon","coordinates":[[[113.868629248,-7.478982600999927],[113.922890026,-7.43094496599997],[113.801003657,-7.470016843999929],[113.8124148190001,-7.48553358099997],[113.868629248,-7.478982600999927]]]}},{"type":"Feature","properties":{"name":"Zona Perikanan Tangkap","fillColor":"#6191c9","fillOpacity":0.55},"geometry":{"type":"Polygon","coordinates":[[[113.5091179640001,-7.455115626999941],[113.4485317330001,-7.446225179999942],[113.3930235280001,-7.42078178099996],[113.32559929,-7.485593621999953],[113.3686837710001,-7.505975400999944],[113.386802405,-7.491483227999936],[113.4170035870001,-7.496945167999968],[113.420329734,-7.507808327999953],[113.5333300000001,-7.499999999999943],[113.5333300000001,-7.453737351999962],[113.5091179640001,-7.455115626999941]]]}},{"type":"Feature","properties":{"name":"Zona Perikanan Tangkap","fillColor":"#6191c9","fillOpacity":0.55},"geometry":{"type":"Polygon","coordinates":[[[113.899156229,-7.42580819799997],[113.878939777,-7.418964829999936],[113.8549589360001,-7.428061722999928],[113.856953566,-7.440693124999939],[113.899156229,-7.42580819799997]]]}},{"type":"Feature","properties":{"name":"Zona Perikanan Tangkap","fillColor":"#6191c9","fillOpacity":0.55},"geometry":{"type":"Polygon","coordinates":[[[112.7150557800001,-6.949999999999932],[112.7191905410001,-6.936421851999967],[112.7150557800001,-6.949999999999932]]]}},{"type":"Feature","properties":{"name":"Zona Perikanan Tangkap","fillColor":"#6191c9","fillOpacity":0.55},"geometry":{"type":"Polygon","coordinates":[[[112.68669605,-6.949999999999932],[112.6987732800001,-6.949999999999932],[112.7157933420001,-6.908330999999976],[112.69437541,-6.908330999999976],[112.68669605,-6.949999999999932]]]}},{"type":"Feature","properties":{"name":"Zona Perikanan Tangkap","fillColor":"#6191c9","fillOpacity":0.55},"geometry":{"type":"Polygon","coordinates":[[[112.7090630920001,-6.949999999999932],[112.7284684130001,-6.908330999999976],[112.7090630920001,-6.949999999999932]]]}},{"type":"Feature","properties":{"name":"Zona Perikanan Tangkap","fillColor":"#6191c9","fillOpacity":0.55},"geometry":{"type":"Polygon","coordinates":[[[112.6307494160001,-6.854154947999973],[112.6273224900001,-6.86252363899996],[112.666272,-6.868777999999963],[112.6307494160001,-6.854154947999973]]]}},{"type":"Feature","properties":{"name":"Zona Perikanan Tangkap","fillColor":"#6191c9","fillOpacity":0.55},"geometry":{"type":"Polygon","coordinates":[[[112.595223076,-6.843309233999946],[112.586919908,-6.822674892999942],[112.595223076,-6.843309233999946]]]}},{"type":"Feature","properties":{"name":"Zona Perikanan Tangkap","fillColor":"#6191c9","fillOpacity":0.55},"geometry":{"type":"Polygon","coordinates":[[[112.6015323490001,-6.80945935799997],[112.582133256,-6.810340287999963],[112.601328209,-6.833148268999935],[112.6099455570001,-6.829985259999944],[112.6015323490001,-6.80945935799997]]]}},{"type":"Feature","properties":{"name":"Zona Perikanan Tangkap","fillColor":"#6191c9","fillOpacity":0.55},"geometry":{"type":"Polygon","coordinates":[[[112.9141444310001,-7.517302710999957],[112.8995089550001,-7.515214257999958],[112.8991160490001,-7.52425102899997],[112.9141444310001,-7.517302710999957]]]}},{"type":"Feature","properties":{"name":"Zona Perikanan Tangkap","fillColor":"#6191c9","fillOpacity":0.55},"geometry":{"type":"Polygon","coordinates":[[[113.0333330000001,-7.463418200999968],[112.996845579,-7.496131662999971],[113.0333330000001,-7.463418200999968]]]}},{"type":"Feature","properties":{"name":"Zona Perikanan Tangkap","fillColor":"#6191c9","fillOpacity":0.55},"geometry":{"type":"Polygon","coordinates":[[[113.0335108100001,-7.536184299999945],[112.998808647,-7.539850070999933],[113.029312418,-7.544675211999959],[113.0335108100001,-7.536184299999945]]]}},{"type":"Feature","properties":{"name":"Zona Perikanan Tangkap","fillColor":"#6191c9","fillOpacity":0.55},"geometry":{"type":"Polygon","coordinates":[[[113.0081546130001,-7.490951124999981],[113.0333330000001,-7.463418200999968],[113.0081546130001,-7.490951124999981]]]}},{"type":"Feature","properties":{"name":"Zona Perikanan Tangkap","fillColor":"#6191c9","fillOpacity":0.55},"geometry":{"type":"Polygon","coordinates":[[[112.7833330000001,-6.908330999999976],[112.727902975,-6.917439660999946],[112.7258817270001,-6.949999999999932],[112.7833330000001,-6.949999999999932],[112.7833330000001,-6.908330999999976]]]}},{"type":"Feature","properties":{"name":"Zona Perikanan Tangkap","fillColor":"#6191c9","fillOpacity":0.55},"geometry":{"type":"Polygon","coordinates":[[[112.966948643,-6.883332999999936],[112.954980555,-6.882422220999956],[112.966948643,-6.883332999999936]]]}},{"type":"Feature","properties":{"name":"Zona Perikanan Tangkap","fillColor":"#6191c9","fillOpacity":0.55},"geometry":{"type":"Polygon","coordinates":[[[112.718665955,-6.949999999999932],[112.727902975,-6.917439660999946],[112.718665955,-6.949999999999932]]]}},{"type":"Feature","properties":{"name":"Zona Perikanan Tangkap","fillColor":"#6191c9","fillOpacity":0.55},"geometry":{"type":"Polygon","coordinates":[[[112.693444053,-6.908413673999974],[112.622740064,-6.908330999999976],[112.6,-6.929944443999943],[112.604599836,-6.949999999999932],[112.684692013,-6.949999999999932],[112.693444053,-6.908413673999974]]]}},{"type":"Feature","properties":{"name":"Zona Perikanan Tangkap","fillColor":"#6191c9","fillOpacity":0.55},"geometry":{"type":"Polygon","coordinates":[[[112.7214781550001,-6.930032955999934],[112.724475618,-6.921661578999931],[112.7214781550001,-6.930032955999934]]]}},{"type":"Feature","properties":{"name":"Zona Perikanan Tangkap","fillColor":"#6191c9","fillOpacity":0.55},"geometry":{"type":"Polygon","coordinates":[[[112.686121132,-6.949999999999932],[112.69437541,-6.908330999999976],[112.686121132,-6.949999999999932]]]}},{"type":"Feature","properties":{"name":"Zona Perikanan Tangkap","fillColor":"#6191c9","fillOpacity":0.55},"geometry":{"type":"Polygon","coordinates":[[[112.705246008,-6.949999999999932],[112.7250992800001,-6.908330999999976],[112.7157933420001,-6.908330999999976],[112.705246008,-6.949999999999932]]]}},{"type":"Feature","properties":{"name":"Zona Perikanan Tangkap","fillColor":"#6191c9","fillOpacity":0.55},"geometry":{"type":"Polygon","coordinates":[[[112.5857901400001,-6.833127269999977],[112.5702849630001,-6.837687015999961],[112.5834215970001,-6.852480422999975],[112.577954158,-6.882184062999954],[112.6086630780001,-6.872905873999969],[112.645975,-6.882632999999942],[112.651164845,-6.872037884999941],[112.602844406,-6.859428074999926],[112.5857901400001,-6.833127269999977]]]}},{"type":"Feature","properties":{"name":"Zona Perikanan Tangkap","fillColor":"#6191c9","fillOpacity":0.55},"geometry":{"type":"Polygon","coordinates":[[[112.601328209,-6.833148268999935],[112.5843668010001,-6.813044902999934],[112.601328209,-6.833148268999935]]]}},{"type":"Feature","properties":{"name":"Zona Perikanan Tangkap","fillColor":"#6191c9","fillOpacity":0.55},"geometry":{"type":"Polygon","coordinates":[[[112.6668665290001,-6.770005850999951],[112.570127778,-6.770319443999938],[112.5703575970001,-6.789798459999929],[112.5959549180001,-6.78133160699997],[112.59661356,-6.805399828999953],[112.6258042420001,-6.851009998999928],[112.6662746920001,-6.868330729999968],[112.658202778,-6.80240277799993],[112.6666715260001,-6.80240277799993],[112.6668665290001,-6.770005850999951]]]}},{"type":"Feature","properties":{"name":"Zona Perikanan Tangkap","fillColor":"#6191c9","fillOpacity":0.55},"geometry":{"type":"Polygon","coordinates":[[[112.8894982150001,-7.588582641999949],[112.911143088,-7.525982972999941],[112.8991160490001,-7.52425102899997],[112.8786918500001,-7.584569108999972],[112.8894982150001,-7.588582641999949]]]}},{"type":"Feature","properties":{"name":"Zona Perikanan Tangkap","fillColor":"#6191c9","fillOpacity":0.55},"geometry":{"type":"Polygon","coordinates":[[[112.9167924630001,-7.509644272999935],[112.9167535610001,-7.453760414999977],[112.8995089550001,-7.515214257999958],[112.9167924630001,-7.509644272999935]]]}},{"type":"Feature","properties":{"name":"Zona Perikanan Tangkap","fillColor":"#6191c9","fillOpacity":0.55},"geometry":{"type":"Polygon","coordinates":[[[113.002350897,-7.484007841999926],[113.0333330000001,-7.462073295999971],[113.0333330000001,-7.449999999999932],[112.9999349990001,-7.449999999999932],[113.002350897,-7.484007841999926]]]}},{"type":"Feature","properties":{"name":"Zona Perikanan Tangkap","fillColor":"#6191c9","fillOpacity":0.55},"geometry":{"type":"Polygon","coordinates":[[[112.898681879,-7.533071575999941],[112.8991160490001,-7.52425102899997],[112.8682020320001,-7.522097651999957],[112.883316184,-7.575669074999951],[112.898681879,-7.533071575999941]]]}},{"type":"Feature","properties":{"name":"Zona Perikanan Tangkap","fillColor":"#6191c9","fillOpacity":0.55},"geometry":{"type":"Polygon","coordinates":[[[112.9000000000001,-7.416666999999961],[112.916721508,-7.407713127999955],[112.878888304,-7.394989905999978],[112.8739332130001,-7.453928132999977],[112.8910374430001,-7.452839338999979],[112.899123507,-7.468061309999939],[112.868959642,-7.513086284999929],[112.8995089550001,-7.515214257999958],[112.9167535610001,-7.453760414999977],[112.916739342,-7.433332999999948],[112.9000000000001,-7.433332999999948],[112.9000000000001,-7.416666999999961]]]}},{"type":"Feature","properties":{"name":"Zona Perikanan Tangkap","fillColor":"#6191c9","fillOpacity":0.55},"geometry":{"type":"Polygon","coordinates":[[[112.925212532,-7.44723739899996],[112.9333330000001,-7.433332999999948],[112.9222691460001,-7.433332999999948],[112.925212532,-7.44723739899996]]]}},{"type":"Feature","properties":{"name":"Zona Perikanan Tangkap","fillColor":"#6191c9","fillOpacity":0.55},"geometry":{"type":"Polygon","coordinates":[[[112.9333330000001,-7.416666999999961],[112.922250091,-7.409572376999961],[112.9333330000001,-7.416666999999961]]]}},{"type":"Feature","properties":{"name":"Zona Perikanan Tangkap","fillColor":"#6191c9","fillOpacity":0.55},"geometry":{"type":"Polygon","coordinates":[[[113.0962309050001,-7.653055553999934],[113.0499312400001,-7.65305555499998],[113.093213469,-7.699747956999943],[113.0962309050001,-7.653055553999934]]]}},{"type":"Feature","properties":{"name":"Zona Perikanan Tangkap","fillColor":"#6191c9","fillOpacity":0.55},"geometry":{"type":"Polygon","coordinates":[[[112.9793799290001,-7.645659699999953],[113.029312418,-7.544675211999959],[112.99367769,-7.543434829999967],[112.991705785,-7.572879531999945],[112.961934463,-7.621206807999954],[112.9793799290001,-7.645659699999953]]]}},{"type":"Feature","properties":{"name":"Zona Perikanan Tangkap","fillColor":"#6191c9","fillOpacity":0.55},"geometry":{"type":"Polygon","coordinates":[[[113.0490606420001,-7.50473599999998],[113.0094916610001,-7.532384906999937],[113.0335108100001,-7.536184299999945],[113.0490606420001,-7.50473599999998]]]}},{"type":"Feature","properties":{"name":"Zona Perikanan Tangkap","fillColor":"#6191c9","fillOpacity":0.55},"geometry":{"type":"Polygon","coordinates":[[[113.01142412,-7.503179318999969],[113.0333330000001,-7.48799840199996],[113.0333330000001,-7.472615245999975],[112.99654519,-7.500617007999949],[112.9956412020001,-7.514115484999934],[113.01142412,-7.503179318999969]]]}},{"type":"Feature","properties":{"name":"Zona Perikanan Tangkap","fillColor":"#6191c9","fillOpacity":0.55},"geometry":{"type":"Polygon","coordinates":[[[113.332767221,-7.705279999999959],[113.375833334,-7.705279999999959],[113.375833334,-7.653055553999934],[113.2960361170001,-7.653055553999934],[113.260973637,-7.705279999999959],[113.332767221,-7.705279999999959]]]}},{"type":"Feature","properties":{"name":"Zona Perikanan Tangkap","fillColor":"#6191c9","fillOpacity":0.55},"geometry":{"type":"Polygon","coordinates":[[[113.2213317950001,-7.280370965999964],[113.1953500010001,-7.280382698999972],[113.1940702180001,-7.306399571999975],[113.200952677,-7.289169081999944],[113.21453623,-7.289144030999978],[113.2213753770001,-7.306558044999974],[113.2213317950001,-7.280370965999964]]]}},{"type":"Feature","properties":{"name":"Zona Perikanan Tangkap","fillColor":"#6191c9","fillOpacity":0.55},"geometry":{"type":"Polygon","coordinates":[[[113.3102276950001,-7.233332999999959],[113.287970274,-7.233332999999959],[113.2880572790001,-7.250594693999972],[113.3103149440001,-7.250482053999974],[113.3102276950001,-7.233332999999959]]]}},{"type":"Feature","properties":{"name":"Zona Perikanan Tangkap","fillColor":"#6191c9","fillOpacity":0.55},"geometry":{"type":"Polygon","coordinates":[[[114.0361455980001,-7.117675070999951],[113.9977585500001,-7.106096591999972],[113.998112621,-7.117705918999945],[114.0361455980001,-7.117675070999951]]]}},{"type":"Feature","properties":{"name":"Zona Perikanan Tangkap","fillColor":"#6191c9","fillOpacity":0.55},"geometry":{"type":"Polygon","coordinates":[[[114.0806110000001,-7.056410999999969],[113.9975512570001,-7.056366328999957],[113.997584068,-7.072163719999935],[114.060705673,-7.065390992999937],[114.056739169,-7.086934022999969],[114.0697359340001,-7.103176590999965],[114.0806110000001,-7.056410999999969]]]}},{"type":"Feature","properties":{"name":"Zona Perikanan Tangkap","fillColor":"#6191c9","fillOpacity":0.55},"geometry":{"type":"Polygon","coordinates":[[[113.9735078350001,-7.100052870999946],[113.9671890000001,-7.117730999999935],[113.998112621,-7.117705918999945],[113.9977585500001,-7.106096591999972],[113.9735078350001,-7.100052870999946]]]}},{"type":"Feature","properties":{"name":"Zona Perikanan Tangkap","fillColor":"#6191c9","fillOpacity":0.55},"geometry":{"type":"Polygon","coordinates":[[[114.262086615,-7.10474318699994],[114.274347755,-7.102670786999965],[114.2580055330001,-7.097214690999976],[114.262086615,-7.10474318699994]]]}},{"type":"Feature","properties":{"name":"Zona Perikanan Tangkap","fillColor":"#6191c9","fillOpacity":0.55},"geometry":{"type":"Polygon","coordinates":[[[113.9975512570001,-7.056366328999957],[113.9858311600001,-7.064136062999978],[113.9975512570001,-7.056366328999957]]]}},{"type":"Feature","properties":{"name":"Zona Perikanan Tangkap","fillColor":"#6191c9","fillOpacity":0.55},"geometry":{"type":"Polygon","coordinates":[[[112.982096111,-7.588494133999973],[112.99367769,-7.543434829999967],[112.947463972,-7.57572221099997],[112.9337996500001,-7.620117065999978],[112.961934463,-7.621206807999954],[112.982096111,-7.588494133999973]]]}},{"type":"Feature","properties":{"name":"Zona Perikanan Tangkap","fillColor":"#6191c9","fillOpacity":0.55},"geometry":{"type":"Polygon","coordinates":[[[112.966267782,-7.534702696999943],[112.958386988,-7.540233751999949],[112.966267782,-7.534702696999943]]]}},{"type":"Feature","properties":{"name":"Zona Perikanan Tangkap","fillColor":"#6191c9","fillOpacity":0.55},"geometry":{"type":"Polygon","coordinates":[[[112.9924797220001,-7.516306110999949],[112.99654519,-7.500617007999949],[112.9665483540001,-7.525592057999972],[112.9924797220001,-7.516306110999949]]]}},{"type":"Feature","properties":{"name":"Zona Perikanan Tangkap","fillColor":"#6191c9","fillOpacity":0.55},"geometry":{"type":"Polygon","coordinates":[[[112.6795204800001,-7.155127354999934],[112.6772509210001,-7.117673684999943],[112.6780859190001,-7.155594786999927],[112.6970435320001,-7.158857258999944],[112.6919086500001,-7.14916629499993],[112.6795204800001,-7.155127354999934]]]}},{"type":"Feature","properties":{"name":"Zona Perikanan Tangkap","fillColor":"#6191c9","fillOpacity":0.55},"geometry":{"type":"Polygon","coordinates":[[[112.685792984,-7.01496242099995],[112.6919451890001,-7.002721300999951],[112.685792984,-7.01496242099995]]]}},{"type":"Feature","properties":{"name":"Zona Perikanan Tangkap","fillColor":"#6191c9","fillOpacity":0.55},"geometry":{"type":"Polygon","coordinates":[[[112.7875473270001,-6.878084820999959],[112.7292487770001,-6.908330999999976],[112.770745279,-6.889228609999975],[112.786986209,-6.894974231999981],[112.7875473270001,-6.878084820999959]]]}},{"type":"Feature","properties":{"name":"Zona Perikanan Tangkap","fillColor":"#6191c9","fillOpacity":0.55},"geometry":{"type":"Polygon","coordinates":[[[112.669501263,-7.074642505999975],[112.6882762580001,-7.005674280999926],[112.6711551290001,-7.026644250999937],[112.669501263,-7.074642505999975]]]}},{"type":"Feature","properties":{"name":"Zona Perikanan Tangkap","fillColor":"#6191c9","fillOpacity":0.55},"geometry":{"type":"Polygon","coordinates":[[[112.7875473270001,-6.878084820999959],[112.8597500210001,-6.769380589999969],[112.8492083870001,-6.769414759999961],[112.79412429,-6.86209729199993],[112.7734051750001,-6.877038142999936],[112.7875473270001,-6.878084820999959]]]}},{"type":"Feature","properties":{"name":"Zona Perikanan Tangkap","fillColor":"#6191c9","fillOpacity":0.55},"geometry":{"type":"Polygon","coordinates":[[[112.6833959480001,-7.165398308999954],[112.6780859190001,-7.155594786999927],[112.6833959480001,-7.165398308999954]]]}},{"type":"Feature","properties":{"name":"Zona Perikanan Tangkap","fillColor":"#6191c9","fillOpacity":0.55},"geometry":{"type":"Polygon","coordinates":[[[112.691944914,-7.002721521999945],[112.7043592030001,-6.975620681999942],[112.691944914,-7.002721521999945]]]}},{"type":"Feature","properties":{"name":"Zona Perikanan Tangkap","fillColor":"#6191c9","fillOpacity":0.55},"geometry":{"type":"Polygon","coordinates":[[[112.6689108210001,-7.024192994999964],[112.6829395540001,-6.958327011999927],[112.6585970460001,-7.022037632999968],[112.6689108210001,-7.024192994999964]]]}},{"type":"Feature","properties":{"name":"Zona Perikanan Tangkap","fillColor":"#6191c9","fillOpacity":0.55},"geometry":{"type":"Polygon","coordinates":[[[112.697493008,-6.889174589999925],[112.684559485,-6.88536350399994],[112.697493008,-6.889174589999925]]]}},{"type":"Feature","properties":{"name":"Zona Perikanan Tangkap","fillColor":"#6191c9","fillOpacity":0.55},"geometry":{"type":"Polygon","coordinates":[[[112.673134932,-7.012768539999968],[112.6987732800001,-6.949999999999932],[112.686121132,-6.949999999999932],[112.673134932,-7.012768539999968]]]}},{"type":"Feature","properties":{"name":"Zona Perikanan Tangkap","fillColor":"#6191c9","fillOpacity":0.55},"geometry":{"type":"Polygon","coordinates":[[[112.675645077,-7.015840625999942],[112.7143287390001,-6.949999999999932],[112.675645077,-7.015840625999942]]]}},{"type":"Feature","properties":{"name":"Zona Perikanan Tangkap","fillColor":"#6191c9","fillOpacity":0.55},"geometry":{"type":"Polygon","coordinates":[[[112.7231638070001,-6.889825519999931],[112.72318957,-6.76982327099995],[112.714143763,-6.769852592999939],[112.713555367,-6.889883789999942],[112.7115855110001,-6.769860887999926],[112.7024837550001,-6.769890391999979],[112.6987746640001,-6.881299312999943],[112.651164845,-6.872037884999941],[112.6983008330001,-6.885336110999958],[112.69437541,-6.908330999999976],[112.7157933420001,-6.908330999999976],[112.7231638070001,-6.889825519999931]]]}},{"type":"Feature","properties":{"name":"Zona Perikanan Tangkap","fillColor":"#6191c9","fillOpacity":0.55},"geometry":{"type":"Polygon","coordinates":[[[112.6931869450001,-7.165771983999946],[112.70136299,-7.163564229999963],[112.6931869450001,-7.165771983999946]]]}},{"type":"Feature","properties":{"name":"Zona Perikanan Tangkap","fillColor":"#6191c9","fillOpacity":0.55},"geometry":{"type":"Polygon","coordinates":[[[112.676643085,-7.056522842999925],[112.679512271,-7.155210607999948],[112.7044839580001,-7.09510355599997],[112.677638705,-7.099930607999966],[112.676643085,-7.056522842999925]]]}},{"type":"Feature","properties":{"name":"Zona Perikanan Tangkap","fillColor":"#6191c9","fillOpacity":0.55},"geometry":{"type":"Polygon","coordinates":[[[112.966948643,-6.883332999999936],[112.9549862350001,-6.888218815999949],[112.966948643,-6.883332999999936]]]}},{"type":"Feature","properties":{"name":"Zona Perikanan Tangkap","fillColor":"#6191c9","fillOpacity":0.55},"geometry":{"type":"Polygon","coordinates":[[[112.7726427350001,-6.879549977999943],[112.7499283340001,-6.878228889999946],[112.730637169,-6.904453467999929],[112.7726427350001,-6.879549977999943]]]}},{"type":"Feature","properties":{"name":"Zona Perikanan Tangkap","fillColor":"#6191c9","fillOpacity":0.55},"geometry":{"type":"Polygon","coordinates":[[[112.8124177840001,-6.878001895999944],[112.7875473270001,-6.878084820999959],[112.787410664,-6.894723116999955],[112.770745279,-6.889228609999975],[112.7411744210001,-6.908330999999976],[112.7833330000001,-6.908330999999976],[112.7833330000001,-6.949999999999932],[112.7258817270001,-6.949999999999932],[112.724221638,-6.976742411999965],[112.6919451890001,-7.002721300999951],[112.68210865,-7.028362310999967],[112.7216197820001,-7.035081060999971],[112.8109692040001,-6.956617399999971],[112.8244103550001,-6.919241523999972],[112.8124177840001,-6.878001895999944]]]}},{"type":"Feature","properties":{"name":"Zona Perikanan Tangkap","fillColor":"#6191c9","fillOpacity":0.55},"geometry":{"type":"Polygon","coordinates":[[[112.86482788,-6.889512537999963],[112.8723286280001,-6.877760139999964],[112.8446817060001,-6.877866016999974],[112.851134933,-6.896405501999936],[112.86482788,-6.889512537999963]]]}},{"type":"Feature","properties":{"name":"Zona Perikanan Tangkap","fillColor":"#6191c9","fillOpacity":0.55},"geometry":{"type":"Polygon","coordinates":[[[112.674335667,-7.01902025399994],[112.670171026,-7.026283259999957],[112.674335667,-7.01902025399994]]]}},{"type":"Feature","properties":{"name":"Zona Perikanan Tangkap","fillColor":"#6191c9","fillOpacity":0.55},"geometry":{"type":"Polygon","coordinates":[[[112.6812853170001,-7.031391009999936],[112.6701857950001,-7.072104839999952],[112.6812853170001,-7.031391009999936]]]}},{"type":"Feature","properties":{"name":"Zona Perikanan Tangkap","fillColor":"#6191c9","fillOpacity":0.55},"geometry":{"type":"Polygon","coordinates":[[[113.095640534,-6.88873025099997],[113.083333,-6.87534253299998],[113.095640534,-6.88873025099997]]]}},{"type":"Feature","properties":{"name":"Zona Perikanan Tangkap","fillColor":"#6191c9","fillOpacity":0.55},"geometry":{"type":"Polygon","coordinates":[[[112.7292226180001,-6.905391569999949],[112.7404408330001,-6.884350832999928],[112.79412429,-6.86209729199993],[112.8492083870001,-6.769414759999961],[112.7370693490001,-6.769778276999944],[112.7292226180001,-6.905391569999949]]]}},{"type":"Feature","properties":{"name":"Zona Perikanan Tangkap","fillColor":"#6191c9","fillOpacity":0.55},"geometry":{"type":"Polygon","coordinates":[[[112.8725726900001,-6.784997634999968],[112.872613889,-6.769338888999926],[112.8597500210001,-6.769380589999969],[112.7875473270001,-6.878084820999959],[112.8412362470001,-6.867966671999966],[112.8446817060001,-6.877866016999974],[112.8723286280001,-6.877760139999964],[112.8725726900001,-6.784997634999968]]]}},{"type":"Feature","properties":{"name":"Zona Perikanan Tangkap","fillColor":"#6191c9","fillOpacity":0.55},"geometry":{"type":"Polygon","coordinates":[[[112.682382551,-6.959784833999947],[112.684692013,-6.949999999999932],[112.604599836,-6.949999999999932],[112.63238617,-7.009878564999951],[112.6585970460001,-7.022037632999968],[112.682382551,-6.959784833999947]]]}},{"type":"Feature","properties":{"name":"Zona Perikanan Tangkap","fillColor":"#6191c9","fillOpacity":0.55},"geometry":{"type":"Polygon","coordinates":[[[112.7163554030001,-6.983073771999955],[112.7258817270001,-6.949999999999932],[112.7150557800001,-6.949999999999932],[112.6919451890001,-7.002721300999951],[112.7163554030001,-6.983073771999955]]]}},{"type":"Feature","properties":{"name":"Zona Perikanan Tangkap","fillColor":"#6191c9","fillOpacity":0.55},"geometry":{"type":"Polygon","coordinates":[[[112.6934614520001,-6.908330999999976],[112.6972309360001,-6.89041985199998],[112.684559485,-6.88536350399994],[112.6181768880001,-6.885495828999979],[112.622740064,-6.908330999999976],[112.6934614520001,-6.908330999999976]]]}},{"type":"Feature","properties":{"name":"Zona Perikanan Tangkap","fillColor":"#6191c9","fillOpacity":0.55},"geometry":{"type":"Polygon","coordinates":[[[112.7058747220001,-6.973610555999926],[112.710106459,-6.96179207299997],[112.7058747220001,-6.973610555999926]]]}},{"type":"Feature","properties":{"name":"Zona Perikanan Tangkap","fillColor":"#6191c9","fillOpacity":0.55},"geometry":{"type":"Polygon","coordinates":[[[112.686121132,-6.949999999999932],[112.6829395540001,-6.958327011999927],[112.686121132,-6.949999999999932]]]}},{"type":"Feature","properties":{"name":"Zona Perikanan Tangkap","fillColor":"#6191c9","fillOpacity":0.55},"geometry":{"type":"Polygon","coordinates":[[[112.6708367560001,-7.024985086999948],[112.705246008,-6.949999999999932],[112.6708367560001,-7.024985086999948]]]}},{"type":"Feature","properties":{"name":"Zona Perikanan Tangkap","fillColor":"#6191c9","fillOpacity":0.55},"geometry":{"type":"Polygon","coordinates":[[[112.69437541,-6.908330999999976],[112.6972309360001,-6.89041985199998],[112.69437541,-6.908330999999976]]]}},{"type":"Feature","properties":{"name":"Zona Perikanan Tangkap","fillColor":"#6191c9","fillOpacity":0.55},"geometry":{"type":"Polygon","coordinates":[[[112.577954158,-6.882184062999954],[112.5900707000001,-6.882264031999966],[112.577954158,-6.882184062999954]]]}},{"type":"Feature","properties":{"name":"Zona Perikanan Tangkap","fillColor":"#6191c9","fillOpacity":0.55},"geometry":{"type":"Polygon","coordinates":[[[112.6738907340001,-6.881106302999967],[112.651164845,-6.872037884999941],[112.645975,-6.882632999999942],[112.615844615,-6.88243413999993],[112.6738907340001,-6.881106302999967]]]}},{"type":"Feature","properties":{"name":"Zona Perikanan Tangkap","fillColor":"#6191c9","fillOpacity":0.55},"geometry":{"type":"Polygon","coordinates":[[[112.7024837550001,-6.769890391999979],[112.6668665290001,-6.770005850999951],[112.6666715260001,-6.80240277799993],[112.6901472220001,-6.80240277799993],[112.6901472220001,-6.824624999999969],[112.666537766,-6.824624999999969],[112.6662746920001,-6.868330729999968],[112.6987746640001,-6.881299312999943],[112.7024837550001,-6.769890391999979]]]}},{"type":"Feature","properties":{"name":"Zona Perikanan Tangkap","fillColor":"#6191c9","fillOpacity":0.55},"geometry":{"type":"Polygon","coordinates":[[[112.7141426500001,-6.88844604999997],[112.7115855110001,-6.769860887999926],[112.7141426500001,-6.88844604999997]]]}},{"type":"Feature","properties":{"name":"Zona Perikanan Tangkap","fillColor":"#6191c9","fillOpacity":0.55},"geometry":{"type":"Polygon","coordinates":[[[112.723928469,-6.908330999999976],[112.7370693490001,-6.769778276999944],[112.72318957,-6.76982327099995],[112.7157933420001,-6.908330999999976],[112.723928469,-6.908330999999976]]]}},{"type":"Feature","properties":{"name":"Zona Perikanan Tangkap","fillColor":"#6191c9","fillOpacity":0.55},"geometry":{"type":"Polygon","coordinates":[[[113.441433445,-7.220752750999964],[113.4325486810001,-7.221009791999961],[113.432505557,-7.246297221999953],[113.4660277790001,-7.246113888999957],[113.465913201,-7.222099399999934],[113.4436555550001,-7.235977777999949],[113.441433445,-7.220752750999964]]]}},{"type":"Feature","properties":{"name":"Zona Perikanan Tangkap","fillColor":"#6191c9","fillOpacity":0.55},"geometry":{"type":"Polygon","coordinates":[[[113.631805092,-6.878186183999958],[113.618199007,-6.877943656999946],[113.6181381,-6.888918716999967],[113.6323687920001,-6.88887439399997],[113.631805092,-6.878186183999958]]]}},{"type":"Feature","properties":{"name":"Zona Perikanan Tangkap","fillColor":"#6191c9","fillOpacity":0.55},"geometry":{"type":"Polygon","coordinates":[[[113.083386,-7.683193999999958],[113.072502747,-7.683193999999958],[113.07938133,-7.694119684999976],[113.083386,-7.683193999999958]]]}},{"type":"Feature","properties":{"name":"Zona Perikanan Tangkap","fillColor":"#6191c9","fillOpacity":0.55},"geometry":{"type":"Polygon","coordinates":[[[113.0499312400001,-7.65305555499998],[113.0412324250001,-7.65305555499998],[113.0499312400001,-7.65305555499998]]]}},{"type":"Feature","properties":{"name":"Zona Perikanan Tangkap","fillColor":"#6191c9","fillOpacity":0.55},"geometry":{"type":"Polygon","coordinates":[[[113.0971966080001,-7.691968669999937],[113.1171208860001,-7.653055553999934],[113.0962309050001,-7.653055553999934],[113.0971966080001,-7.691968669999937]]]}},{"type":"Feature","properties":{"name":"Zona Perikanan Tangkap","fillColor":"#6191c9","fillOpacity":0.55},"geometry":{"type":"Polygon","coordinates":[[[113.0366603780001,-7.485692822999965],[113.071325922,-7.459706241999982],[113.0333330000001,-7.472615245999975],[113.0366603780001,-7.485692822999965]]]}},{"type":"Feature","properties":{"name":"Zona Perikanan Tangkap","fillColor":"#6191c9","fillOpacity":0.55},"geometry":{"type":"Polygon","coordinates":[[[113.049538092,-7.45237904399994],[113.0378408710001,-7.459376585999962],[113.049538092,-7.45237904399994]]]}},{"type":"Feature","properties":{"name":"Zona Perikanan Tangkap","fillColor":"#6191c9","fillOpacity":0.55},"geometry":{"type":"Polygon","coordinates":[[[113.260973637,-7.705279999999959],[113.254776309,-7.74882839299994],[113.279486214,-7.779281380999976],[113.342387388,-7.768202531999975],[113.375833334,-7.737672526999972],[113.375833334,-7.705279999999959],[113.260973637,-7.705279999999959]]]}},{"type":"Feature","properties":{"name":"Zona Perikanan Tangkap","fillColor":"#6191c9","fillOpacity":0.55},"geometry":{"type":"Polygon","coordinates":[[[113.182616819,-7.69750000099998],[113.1851505620001,-7.653055553999934],[113.1171208860001,-7.653055553999934],[113.096263836,-7.693790423999928],[113.1097892070001,-7.716917482999975],[113.1477837360001,-7.73710019899994],[113.1675889860001,-7.733338990999925],[113.1691666680001,-7.69750000099998],[113.182616819,-7.69750000099998]]]}},{"type":"Feature","properties":{"name":"Zona Perikanan Tangkap","fillColor":"#6191c9","fillOpacity":0.55},"geometry":{"type":"Polygon","coordinates":[[[114.208050348,-7.706367525999951],[114.2084856470001,-7.71776105999993],[114.208050348,-7.706367525999951]]]}},{"type":"Feature","properties":{"name":"Zona Perikanan Tangkap","fillColor":"#6191c9","fillOpacity":0.55},"geometry":{"type":"Polygon","coordinates":[[[113.9118768930001,-7.678250916999957],[113.9029423860001,-7.640505119999943],[113.8813722220001,-7.640649998999947],[113.881639487,-7.680440842999928],[113.9113888700001,-7.697148766999931],[113.9118768930001,-7.678250916999957]]]}},{"type":"Feature","properties":{"name":"Zona Perikanan Tangkap","fillColor":"#6191c9","fillOpacity":0.55},"geometry":{"type":"Polygon","coordinates":[[[113.960688387,-7.670685415999969],[113.949685422,-7.658394431999966],[113.9641588100001,-7.640093945999979],[113.915368174,-7.640421658999969],[113.9279567440001,-7.676474222999957],[113.960688387,-7.670685415999969]]]}},{"type":"Feature","properties":{"name":"Zona Perikanan Tangkap","fillColor":"#6191c9","fillOpacity":0.55},"geometry":{"type":"Polygon","coordinates":[[[114.01925944,-7.61867749399994],[114.002964622,-7.616669999999942],[114.0121008000001,-7.62669552899996],[114.0067388900001,-7.618794443999946],[114.01925944,-7.61867749399994]]]}},{"type":"Feature","properties":{"name":"Zona Perikanan Tangkap","fillColor":"#6191c9","fillOpacity":0.55},"geometry":{"type":"Polygon","coordinates":[[[114.035477137,-7.145672519999948],[114.0588645460001,-7.119286728999953],[113.998112621,-7.117705918999945],[113.9986225,-7.134423889999937],[114.035477137,-7.145672519999948]]]}},{"type":"Feature","properties":{"name":"Zona Perikanan Tangkap","fillColor":"#6191c9","fillOpacity":0.55},"geometry":{"type":"Polygon","coordinates":[[[114.164948598,-7.013576439999952],[114.1520810510001,-6.998148047999962],[114.145365265,-7.016126157999963],[114.170676755,-7.023455301999945],[114.1743693970001,-7.011210841999969],[114.164948598,-7.013576439999952]]]}},{"type":"Feature","properties":{"name":"Zona Perikanan Tangkap","fillColor":"#6191c9","fillOpacity":0.55},"geometry":{"type":"Polygon","coordinates":[[[114.0680477420001,-6.997926959999972],[113.9992563820001,-7.005960694999942],[113.9975512570001,-7.056366328999957],[114.0806110000001,-7.056410999999969],[114.0806139990001,-7.079365158999963],[114.117709073,-6.998166265999942],[114.0680477420001,-6.997926959999972]]]}},{"type":"Feature","properties":{"name":"Zona Perikanan Tangkap","fillColor":"#6191c9","fillOpacity":0.55},"geometry":{"type":"Polygon","coordinates":[[[113.964861733,-7.097521709999967],[113.9362319170001,-7.09833430599997],[113.9412441090001,-7.113185095999938],[113.8918542980001,-7.13282698699993],[113.855662764,-7.134003314999973],[113.8764520000001,-7.18854609899995],[113.9296362480001,-7.16387943999996],[113.9640641320001,-7.226241037999955],[114.0334795880001,-7.147926164999944],[113.9986225,-7.134423889999937],[113.998112621,-7.117705918999945],[113.9671890000001,-7.117730999999935],[113.964861733,-7.097521709999967]]]}},{"type":"Feature","properties":{"name":"Zona Perikanan Tangkap","fillColor":"#6191c9","fillOpacity":0.55},"geometry":{"type":"Polygon","coordinates":[[[114.265735863,-7.097198958999968],[114.2750777440001,-7.08370122499997],[114.2575197250001,-7.085187854999958],[114.265735863,-7.097198958999968]]]}},{"type":"Feature","properties":{"name":"Zona Perikanan Tangkap","fillColor":"#6191c9","fillOpacity":0.55},"geometry":{"type":"Polygon","coordinates":[[[113.9975461830001,-7.053922888999978],[113.99746272,-7.013733151999929],[113.987625425,-7.056360990999963],[113.9975461830001,-7.053922888999978]]]}},{"type":"Feature","properties":{"name":"Zona Perikanan Tangkap","fillColor":"#6191c9","fillOpacity":0.55},"geometry":{"type":"Polygon","coordinates":[[[114.161189669,-6.99773683899997],[114.155320533,-6.989475977999973],[114.161189669,-6.99773683899997]]]}},{"type":"Feature","properties":{"name":"Zona Perikanan Tangkap","fillColor":"#6191c9","fillOpacity":0.55},"geometry":{"type":"Polygon","coordinates":[[[114.1263888890001,-6.979166665999969],[114.102707126,-6.979391839999948],[114.109515544,-6.995406868999964],[114.0953961610001,-6.998016822999944],[114.0926163480001,-6.980104084999937],[114.067814845,-6.997917668999946],[114.117709073,-6.998166265999942],[114.1263888890001,-6.979166665999969]]]}},{"type":"Feature","properties":{"name":"Zona Perikanan Tangkap","fillColor":"#6191c9","fillOpacity":0.55},"geometry":{"type":"Polygon","coordinates":[[[114.4421115250001,-5.513248289999979],[114.415067634,-5.512997138999935],[114.4152425430001,-5.525836058999971],[114.4410492430001,-5.534367329999952],[114.4421115250001,-5.513248289999979]]]}},{"type":"Feature","properties":{"name":"Zona Perikanan Tangkap","fillColor":"#6191c9","fillOpacity":0.55},"geometry":{"type":"Polygon","coordinates":[[[113.2594587580001,-7.707498999999927],[113.251817931,-7.71869130999994],[113.2594587580001,-7.707498999999927]]]}},{"type":"Feature","properties":{"name":"Zona Perikanan Tangkap","fillColor":"#6191c9","fillOpacity":0.55},"geometry":{"type":"Polygon","coordinates":[[[113.223394447,-7.69750000099998],[113.2277800000001,-7.653055553999934],[113.1851505620001,-7.653055553999934],[113.182616819,-7.69750000099998],[113.223394447,-7.69750000099998]]]}},{"type":"Feature","properties":{"name":"Zona Perikanan Tangkap","fillColor":"#6191c9","fillOpacity":0.55},"geometry":{"type":"Polygon","coordinates":[[[112.918008909,-7.450203596999927],[112.9222691460001,-7.433332999999948],[112.918008909,-7.450203596999927]]]}},{"type":"Feature","properties":{"name":"Zona Perikanan Tangkap","fillColor":"#6191c9","fillOpacity":0.55},"geometry":{"type":"Polygon","coordinates":[[[112.9222557800001,-7.416666999999961],[112.916721508,-7.407713127999955],[112.9222557800001,-7.416666999999961]]]}},{"type":"Feature","properties":{"name":"Zona Perikanan Tangkap","fillColor":"#6191c9","fillOpacity":0.55},"geometry":{"type":"Polygon","coordinates":[[[114.332316805,-7.16598573899995],[114.33865,-7.18296388999994],[114.332316805,-7.16598573899995]]]}},{"type":"Feature","properties":{"name":"Zona Perikanan Tangkap","fillColor":"#6191c9","fillOpacity":0.55},"geometry":{"type":"Polygon","coordinates":[[[114.3239753070001,-7.164309539999977],[114.325369808,-7.182886408999934],[114.3239753070001,-7.164309539999977]]]}},{"type":"Feature","properties":{"name":"Zona Perikanan Tangkap","fillColor":"#6191c9","fillOpacity":0.55},"geometry":{"type":"Polygon","coordinates":[[[114.0616158930001,-8.645005578999928],[114.0599164580001,-8.636344901999962],[114.050045509,-8.646287706999942],[114.0616158930001,-8.645005578999928]]]}},{"type":"Feature","properties":{"name":"Zona Perikanan Tangkap","fillColor":"#6191c9","fillOpacity":0.55},"geometry":{"type":"Polygon","coordinates":[[[114.389059692,-8.195552680999981],[114.385695205,-8.216586391999954],[114.389059692,-8.195552680999981]]]}},{"type":"Feature","properties":{"name":"Zona Perikanan Tangkap","fillColor":"#6191c9","fillOpacity":0.55},"geometry":{"type":"Polygon","coordinates":[[[114.4084742770001,-8.117519990999938],[114.4038756220001,-8.140321168999947],[114.4084742770001,-8.117519990999938]]]}},{"type":"Feature","properties":{"name":"Zona Perikanan Tangkap","fillColor":"#6191c9","fillOpacity":0.55},"geometry":{"type":"Polygon","coordinates":[[[114.319286,-7.162620998999955],[114.3234853480001,-7.182875413999966],[114.319286,-7.162620998999955]]]}},{"type":"Feature","properties":{"name":"Zona Perikanan Tangkap","fillColor":"#6191c9","fillOpacity":0.55},"geometry":{"type":"Polygon","coordinates":[[[114.348674295,-7.060943382999938],[114.350894325,-7.070422400999973],[114.348674295,-7.060943382999938]]]}},{"type":"Feature","properties":{"name":"Zona Perikanan Tangkap","fillColor":"#6191c9","fillOpacity":0.55},"geometry":{"type":"Polygon","coordinates":[[[114.0436356130001,-7.568149425999934],[114.034530074,-7.559566141999937],[114.0436356130001,-7.568149425999934]]]}},{"type":"Feature","properties":{"name":"Zona Perikanan Tangkap","fillColor":"#6191c9","fillOpacity":0.55},"geometry":{"type":"Polygon","coordinates":[[[113.662975585,-7.539798218999977],[113.667260087,-7.530410107999955],[113.656942498,-7.531182139999942],[113.6526756870001,-7.540568927999971],[113.662975585,-7.539798218999977]]]}},{"type":"Feature","properties":{"name":"Zona Perikanan Tangkap","fillColor":"#6191c9","fillOpacity":0.55},"geometry":{"type":"Polygon","coordinates":[[[113.898802421,-7.522152048999942],[113.8833300000001,-7.515576280999937],[113.898802421,-7.522152048999942]]]}},{"type":"Feature","properties":{"name":"Zona Perikanan Tangkap","fillColor":"#6191c9","fillOpacity":0.55},"geometry":{"type":"Polygon","coordinates":[[[113.93867634,-7.516377268999975],[113.9233965550001,-7.51896678199995],[113.918773761,-7.538454513999966],[113.93867634,-7.516377268999975]]]}},{"type":"Feature","properties":{"name":"Zona Perikanan Tangkap","fillColor":"#6191c9","fillOpacity":0.55},"geometry":{"type":"Polygon","coordinates":[[[113.6626377130001,-7.518818765999981],[113.6923792690001,-7.508328864999953],[113.6626377130001,-7.518818765999981]]]}},{"type":"Feature","properties":{"name":"Zona Perikanan Tangkap","fillColor":"#6191c9","fillOpacity":0.55},"geometry":{"type":"Polygon","coordinates":[[[113.5031259650001,-7.626519300999973],[113.523111511,-7.624999999999943],[113.5031259650001,-7.626519300999973]]]}},{"type":"Feature","properties":{"name":"Zona Perikanan Tangkap","fillColor":"#6191c9","fillOpacity":0.55},"geometry":{"type":"Polygon","coordinates":[[[113.45833,-7.590878472999975],[113.45833,-7.600828503999935],[113.45833,-7.590878472999975]]]}},{"type":"Feature","properties":{"name":"Zona Perikanan Tangkap","fillColor":"#6191c9","fillOpacity":0.55},"geometry":{"type":"Polygon","coordinates":[[[113.553377199,-7.610505358999944],[113.5885947420001,-7.59575222899997],[113.6015958820001,-7.547042963999957],[113.581189007,-7.590202431999955],[113.5500000000001,-7.601713206999932],[113.553377199,-7.610505358999944]]]}},{"type":"Feature","properties":{"name":"Zona Perikanan Tangkap","fillColor":"#6191c9","fillOpacity":0.55},"geometry":{"type":"Polygon","coordinates":[[[113.451029091,-7.583863140999938],[113.4603051350001,-7.580591469999945],[113.4549720110001,-7.54082540099995],[113.4116719260001,-7.511873327999979],[113.4471669930001,-7.546073315999934],[113.451029091,-7.583863140999938]]]}},{"type":"Feature","properties":{"name":"Zona Perikanan Tangkap","fillColor":"#6191c9","fillOpacity":0.55},"geometry":{"type":"Polygon","coordinates":[[[113.3639242410001,-7.540512048999972],[113.378422998,-7.529978516999961],[113.371502587,-7.507773419999978],[113.350355743,-7.541979931999947],[113.319531843,-7.519962949999979],[113.3490852790001,-7.552097470999968],[113.3639242410001,-7.540512048999972]]]}},{"type":"Feature","properties":{"name":"Zona Perikanan Tangkap","fillColor":"#6191c9","fillOpacity":0.55},"geometry":{"type":"Polygon","coordinates":[[[114.0805600000001,-7.561159676999978],[114.043589178,-7.559097566999981],[114.0436356130001,-7.568149425999934],[114.0805600000001,-7.573961628999939],[114.0805600000001,-7.561159676999978]]]}},{"type":"Feature","properties":{"name":"Zona Perikanan Tangkap","fillColor":"#6191c9","fillOpacity":0.55},"geometry":{"type":"Polygon","coordinates":[[[113.662975585,-7.539798218999977],[113.645475603,-7.556408782999938],[113.605543707,-7.544718864999936],[113.6013148850001,-7.560888397999975],[113.632041402,-7.556285555999978],[113.648456374,-7.568281124999942],[113.662975585,-7.539798218999977]]]}},{"type":"Feature","properties":{"name":"Zona Perikanan Tangkap","fillColor":"#6191c9","fillOpacity":0.55},"geometry":{"type":"Polygon","coordinates":[[[113.924636049,-7.518711187999941],[113.9162735880001,-7.52859518799994],[113.8833300000001,-7.525404226999967],[113.9186891910001,-7.538468447999946],[113.924636049,-7.518711187999941]]]}},{"type":"Feature","properties":{"name":"Zona Perikanan Tangkap","fillColor":"#6191c9","fillOpacity":0.55},"geometry":{"type":"Polygon","coordinates":[[[113.9411412000001,-7.517166950999979],[113.934820811,-7.554963731999976],[114.03457632,-7.568618010999955],[114.034530074,-7.559566141999937],[113.9450975980001,-7.547827019999943],[113.960491582,-7.525409858999978],[113.9411412000001,-7.517166950999979]]]}},{"type":"Feature","properties":{"name":"Zona Perikanan Tangkap","fillColor":"#6191c9","fillOpacity":0.55},"geometry":{"type":"Polygon","coordinates":[[[113.667260087,-7.530410107999955],[113.6833518860001,-7.511512839999966],[113.662633721,-7.518820173999927],[113.656942498,-7.531182139999942],[113.667260087,-7.530410107999955]]]}},{"type":"Feature","properties":{"name":"Zona Perikanan Tangkap","fillColor":"#6191c9","fillOpacity":0.55},"geometry":{"type":"Polygon","coordinates":[[[113.71667,-7.507429169999966],[113.6866977850001,-7.510332734999963],[113.7023948450001,-7.524503864999929],[113.71667,-7.507429169999966]]]}},{"type":"Feature","properties":{"name":"Zona Perikanan Tangkap","fillColor":"#6191c9","fillOpacity":0.55},"geometry":{"type":"Polygon","coordinates":[[[113.319531843,-7.519962949999979],[113.274980859,-7.507704414999978],[113.317788638,-7.529837417999943],[113.319531843,-7.519962949999979]]]}},{"type":"Feature","properties":{"name":"Zona Perikanan Tangkap","fillColor":"#6191c9","fillOpacity":0.55},"geometry":{"type":"Polygon","coordinates":[[[113.2534556080001,-7.486931449999929],[113.2327638930001,-7.486766116999945],[113.2534378160001,-7.49701973699996],[113.2534556080001,-7.486931449999929]]]}},{"type":"Feature","properties":{"name":"Zona Perikanan Tangkap","fillColor":"#6191c9","fillOpacity":0.55},"geometry":{"type":"Polygon","coordinates":[[[113.0308120870001,-6.828185951999956],[113.03838997,-6.823419027999932],[113.024578,-6.819255999999939],[113.0308120870001,-6.828185951999956]]]}},{"type":"Feature","properties":{"name":"Zona Perikanan Tangkap","fillColor":"#6191c9","fillOpacity":0.55},"geometry":{"type":"Polygon","coordinates":[[[113.006703,-6.792268999999976],[112.9976824590001,-6.781057831999931],[113.006703,-6.792268999999976]]]}},{"type":"Feature","properties":{"name":"Zona Perikanan Tangkap","fillColor":"#6191c9","fillOpacity":0.55},"geometry":{"type":"Polygon","coordinates":[[[113.1178414730001,-6.764900874999967],[113.1087958400001,-6.764942136999935],[113.1105283960001,-6.849129306999941],[113.1200982890001,-6.849082383999928],[113.130411288,-6.797194796999975],[113.1319619100001,-6.772241444999963],[113.117970686,-6.802724062999971],[113.1178414730001,-6.764900874999967]]]}},{"type":"Feature","properties":{"name":"Zona Perikanan Tangkap","fillColor":"#6191c9","fillOpacity":0.55},"geometry":{"type":"Polygon","coordinates":[[[112.8115897060001,-6.738191146999952],[112.7975869610001,-6.725058655999931],[112.738297125,-6.749999999999943],[112.8115897060001,-6.738191146999952]]]}},{"type":"Feature","properties":{"name":"Zona Perikanan Tangkap","fillColor":"#6191c9","fillOpacity":0.55},"geometry":{"type":"Polygon","coordinates":[[[112.890503091,-6.722175879999952],[112.878871772,-6.719493727999975],[112.8872809410001,-6.729645385999959],[112.890503091,-6.722175879999952]]]}},{"type":"Feature","properties":{"name":"Zona Perikanan Tangkap","fillColor":"#6191c9","fillOpacity":0.55},"geometry":{"type":"Polygon","coordinates":[[[112.95,-6.714851776999978],[112.9409192050001,-6.699999999999932],[112.90387707,-6.717006133999973],[112.95,-6.714851776999978]]]}},{"type":"Feature","properties":{"name":"Zona Perikanan Tangkap","fillColor":"#6191c9","fillOpacity":0.55},"geometry":{"type":"Polygon","coordinates":[[[112.8666670010001,-6.709138272999951],[112.866667,-6.699496307999937],[112.826736285,-6.71427224699994],[112.829002369,-6.723075708999943],[112.8666670010001,-6.709138272999951]]]}},{"type":"Feature","properties":{"name":"Zona Perikanan Tangkap","fillColor":"#6191c9","fillOpacity":0.55},"geometry":{"type":"Polygon","coordinates":[[[113.1176567110001,-6.710814289999973],[113.1085244080001,-6.685050117999936],[113.1086120640001,-6.71085026999998],[113.1176567110001,-6.710814289999973]]]}},{"type":"Feature","properties":{"name":"Zona Perikanan Tangkap","fillColor":"#6191c9","fillOpacity":0.55},"geometry":{"type":"Polygon","coordinates":[[[112.5149376270001,-6.766666999999927],[112.4994253030001,-6.77319754499996],[112.5149376270001,-6.766666999999927]]]}},{"type":"Feature","properties":{"name":"Zona Perikanan Tangkap","fillColor":"#6191c9","fillOpacity":0.55},"geometry":{"type":"Polygon","coordinates":[[[112.733254416,-6.741547255999933],[112.7107473000001,-6.745847152999943],[112.70248775,-6.769142785999975],[112.7166560000001,-6.76916099999994],[112.7166600160001,-6.749999964999972],[112.738297125,-6.749999999999943],[112.733254416,-6.741547255999933]]]}},{"type":"Feature","properties":{"name":"Zona Perikanan Tangkap","fillColor":"#6191c9","fillOpacity":0.55},"geometry":{"type":"Polygon","coordinates":[[[113.131057207,-6.795770693999941],[113.145348341,-6.764775399999962],[113.1353726200001,-6.764820904999965],[113.131057207,-6.795770693999941]]]}},{"type":"Feature","properties":{"name":"Zona Perikanan Tangkap","fillColor":"#6191c9","fillOpacity":0.55},"geometry":{"type":"Polygon","coordinates":[[[113.1702457910001,-6.71060508599993],[113.179926957,-6.689541411999926],[113.1602736570001,-6.710644756999955],[113.1702457910001,-6.71060508599993]]]}},{"type":"Feature","properties":{"name":"Zona Perikanan Tangkap","fillColor":"#6191c9","fillOpacity":0.55},"geometry":{"type":"Polygon","coordinates":[[[113.5994746680001,-7.315263680999976],[113.5808330000001,-7.308857344999979],[113.5808330000001,-7.317944741999952],[113.5994746680001,-7.315263680999976]]]}},{"type":"Feature","properties":{"name":"Zona Perikanan Tangkap","fillColor":"#6191c9","fillOpacity":0.55},"geometry":{"type":"Polygon","coordinates":[[[113.4273330000001,-7.293518345999928],[113.393038355,-7.290091339999947],[113.393045013,-7.299179405999951],[113.4273330000001,-7.302605746999973],[113.4273330000001,-7.293518345999928]]]}},{"type":"Feature","properties":{"name":"Zona Perikanan Tangkap","fillColor":"#6191c9","fillOpacity":0.55},"geometry":{"type":"Polygon","coordinates":[[[113.4166916380001,-7.605527476999953],[113.451635546,-7.584337696999967],[113.4166700000001,-7.595981630999972],[113.4166916380001,-7.605527476999953]]]}},{"type":"Feature","properties":{"name":"Zona Perikanan Tangkap","fillColor":"#6191c9","fillOpacity":0.55},"geometry":{"type":"Polygon","coordinates":[[[113.3338026480001,-7.583610999999962],[113.3082956280001,-7.583610999999962],[113.3338026480001,-7.583610999999962]]]}},{"type":"Feature","properties":{"name":"Zona Perikanan Tangkap","fillColor":"#6191c9","fillOpacity":0.55},"geometry":{"type":"Polygon","coordinates":[[[113.4786110000001,-7.583610999999962],[113.4786120010001,-7.57413461799996],[113.4603051350001,-7.580591469999945],[113.4786110000001,-7.583610999999962]]]}},{"type":"Feature","properties":{"name":"Zona Perikanan Tangkap","fillColor":"#6191c9","fillOpacity":0.55},"geometry":{"type":"Polygon","coordinates":[[[113.1499564620001,-7.55460388299997],[113.1482892070001,-7.563495177999926],[113.1898819730001,-7.570061771999974],[113.1903996350001,-7.560989018999976],[113.1499564620001,-7.55460388299997]]]}},{"type":"Feature","properties":{"name":"Zona Perikanan Tangkap","fillColor":"#6191c9","fillOpacity":0.55},"geometry":{"type":"Polygon","coordinates":[[[113.553150842,-7.557434986999965],[113.6016497850001,-7.544387032999964],[113.6019287710001,-7.530640654999956],[113.5500000000001,-7.548955990999957],[113.553150842,-7.557434986999965]]]}},{"type":"Feature","properties":{"name":"Zona Perikanan Tangkap","fillColor":"#6191c9","fillOpacity":0.55},"geometry":{"type":"Polygon","coordinates":[[[113.1875272140001,-7.462079999999958],[113.1675661530001,-7.465905483999961],[113.164533043,-7.47958775099994],[113.1875272140001,-7.462079999999958]]]}},{"type":"Feature","properties":{"name":"Zona Perikanan Tangkap","fillColor":"#6191c9","fillOpacity":0.55},"geometry":{"type":"Polygon","coordinates":[[[113.2304660570001,-7.429386385999976],[113.253608223,-7.400393690999977],[113.2304660570001,-7.429386385999976]]]}},{"type":"Feature","properties":{"name":"Zona Perikanan Tangkap","fillColor":"#6191c9","fillOpacity":0.55},"geometry":{"type":"Polygon","coordinates":[[[113.272077047,-7.397703798999942],[113.255672286,-7.398822127999949],[113.272077047,-7.397703798999942]]]}},{"type":"Feature","properties":{"name":"Zona Perikanan Tangkap","fillColor":"#6191c9","fillOpacity":0.55},"geometry":{"type":"Polygon","coordinates":[[[113.175208579,-7.395681611999976],[113.1610535210001,-7.395216662999928],[113.175208579,-7.395681611999976]]]}},{"type":"Feature","properties":{"name":"Zona Perikanan Tangkap","fillColor":"#6191c9","fillOpacity":0.55},"geometry":{"type":"Polygon","coordinates":[[[113.2403685270001,-7.358514416999981],[113.231611668,-7.358514688999946],[113.2403685270001,-7.358514416999981]]]}},{"type":"Feature","properties":{"name":"Zona Perikanan Tangkap","fillColor":"#6191c9","fillOpacity":0.55},"geometry":{"type":"Polygon","coordinates":[[[113.323550637,-7.358511833999955],[113.347855449,-7.340006161999952],[113.3086145300001,-7.358512296999947],[113.323550637,-7.358511833999955]]]}},{"type":"Feature","properties":{"name":"Zona Perikanan Tangkap","fillColor":"#6191c9","fillOpacity":0.55},"geometry":{"type":"Polygon","coordinates":[[[113.3930427370001,-7.296072973999969],[113.358806275,-7.291095191999943],[113.352619568,-7.315292219999947],[113.3667573720001,-7.296552525999971],[113.3930427370001,-7.296072973999969]]]}},{"type":"Feature","properties":{"name":"Zona Perikanan Tangkap","fillColor":"#6191c9","fillOpacity":0.55},"geometry":{"type":"Polygon","coordinates":[[[113.164533043,-7.47958775099994],[113.1675661530001,-7.465905483999961],[113.1524704780001,-7.47739921799996],[113.164533043,-7.47958775099994]]]}},{"type":"Feature","properties":{"name":"Zona Perikanan Tangkap","fillColor":"#6191c9","fillOpacity":0.55},"geometry":{"type":"Polygon","coordinates":[[[113.1024976680001,-7.431239139999946],[113.1610535210001,-7.395216662999928],[113.0961110000001,-7.424518083999942],[113.1024976680001,-7.431239139999946]]]}},{"type":"Feature","properties":{"name":"Zona Perikanan Tangkap","fillColor":"#6191c9","fillOpacity":0.55},"geometry":{"type":"Polygon","coordinates":[[[114.0436356130001,-7.568149425999934],[114.03457632,-7.568618010999955],[114.038408802,-7.610492342999976],[114.0436356130001,-7.568149425999934]]]}},{"type":"Feature","properties":{"name":"Zona Perikanan Tangkap","fillColor":"#6191c9","fillOpacity":0.55},"geometry":{"type":"Polygon","coordinates":[[[113.71667,-7.535780436999971],[113.71667,-7.526712920999955],[113.667260087,-7.530410107999955],[113.662975585,-7.539798218999977],[113.71667,-7.535780436999971]]]}},{"type":"Feature","properties":{"name":"Zona Perikanan Tangkap","fillColor":"#6191c9","fillOpacity":0.55},"geometry":{"type":"Polygon","coordinates":[[[113.9067383160001,-7.616669999999942],[113.9158316960001,-7.616669999999942],[113.9345286700001,-7.524590376999981],[113.918773761,-7.538454513999966],[113.9067383160001,-7.616669999999942]]]}},{"type":"Feature","properties":{"name":"Zona Perikanan Tangkap","fillColor":"#6191c9","fillOpacity":0.55},"geometry":{"type":"Polygon","coordinates":[[[113.6638852350001,-7.516108612999972],[113.6019287710001,-7.530640654999956],[113.6016497850001,-7.544387032999964],[113.6526756870001,-7.540568927999971],[113.656942498,-7.531182139999942],[113.619678762,-7.533970466999961],[113.6638852350001,-7.516108612999972]]]}},{"type":"Feature","properties":{"name":"Zona Perikanan Tangkap","fillColor":"#6191c9","fillOpacity":0.55},"geometry":{"type":"Polygon","coordinates":[[[114.186878275,-7.464634562999947],[114.1787109750001,-7.457085606999954],[114.043209216,-7.485027233999972],[114.043069445,-7.457779999999957],[114.034010037,-7.457779999999957],[114.0341587820001,-7.486893511999938],[113.9418753530001,-7.505923147999965],[113.9598323930001,-7.457779999999957],[113.942728041,-7.457779999999957],[113.918914424,-7.510657887999969],[113.932406893,-7.462657972999978],[113.9232963420001,-7.457779999999957],[113.9090301550001,-7.512319219999938],[113.8833300000001,-7.515576280999937],[113.913093383,-7.521077028999969],[114.034205906,-7.49611693099996],[114.034530074,-7.559566141999937],[114.043589178,-7.559097566999981],[114.043256529,-7.494250613999952],[114.186878275,-7.464634562999947]]]}},{"type":"Feature","properties":{"name":"Zona Perikanan Tangkap","fillColor":"#6191c9","fillOpacity":0.55},"geometry":{"type":"Polygon","coordinates":[[[114.0416670000001,-7.416666999999961],[114.033783865,-7.413511651999954],[114.0416670000001,-7.416666999999961]]]}},{"type":"Feature","properties":{"name":"Zona Perikanan Tangkap","fillColor":"#6191c9","fillOpacity":0.55},"geometry":{"type":"Polygon","coordinates":[[[113.996226372,-7.416666999999961],[114.0161086930001,-7.412210625999933],[113.996226372,-7.416666999999961]]]}},{"type":"Feature","properties":{"name":"Zona Perikanan Tangkap","fillColor":"#6191c9","fillOpacity":0.55},"geometry":{"type":"Polygon","coordinates":[[[113.9522641220001,-7.416666999999961],[113.9250739180001,-7.416666999999961],[113.9522641220001,-7.416666999999961]]]}},{"type":"Feature","properties":{"name":"Zona Perikanan Tangkap","fillColor":"#6191c9","fillOpacity":0.55},"geometry":{"type":"Polygon","coordinates":[[[114.666798308,-7.315691663999928],[114.6667850480001,-7.306173175999959],[114.5034852890001,-7.360036400999945],[114.666798308,-7.315691663999928]]]}},{"type":"Feature","properties":{"name":"Zona Perikanan Tangkap","fillColor":"#6191c9","fillOpacity":0.55},"geometry":{"type":"Polygon","coordinates":[[[114.0391560740001,-7.307103887999972],[114.0423442570001,-7.255032999999969],[114.0332890770001,-7.255032999999969],[114.02569972,-7.330880898999965],[114.0437867500001,-7.316146110999966],[114.0391560740001,-7.307103887999972]]]}},{"type":"Feature","properties":{"name":"Zona Perikanan Tangkap","fillColor":"#6191c9","fillOpacity":0.55},"geometry":{"type":"Polygon","coordinates":[[[114.4692112700001,-7.237632473999952],[114.333422569,-7.274560939999958],[114.3334297050001,-7.284117436999964],[114.4692112700001,-7.237632473999952]]]}},{"type":"Feature","properties":{"name":"Zona Perikanan Tangkap","fillColor":"#6191c9","fillOpacity":0.55},"geometry":{"type":"Polygon","coordinates":[[[114.25563821,-7.143929510999953],[114.255045565,-7.097220714999935],[114.2460610000001,-7.097238999999945],[114.2465846540001,-7.143930913999952],[114.25563821,-7.143929510999953]]]}},{"type":"Feature","properties":{"name":"Zona Perikanan Tangkap","fillColor":"#6191c9","fillOpacity":0.55},"geometry":{"type":"Polygon","coordinates":[[[113.308377432,-7.583147614999973],[113.22916824,-7.567104808999943],[113.229168661,-7.576259290999928],[113.308377432,-7.583147614999973]]]}},{"type":"Feature","properties":{"name":"Zona Perikanan Tangkap","fillColor":"#6191c9","fillOpacity":0.55},"geometry":{"type":"Polygon","coordinates":[[[113.20833,-7.563817553999968],[113.1903996350001,-7.560989018999976],[113.1898819730001,-7.570061771999974],[113.20833,-7.57297196899998],[113.20833,-7.563817553999968]]]}},{"type":"Feature","properties":{"name":"Zona Perikanan Tangkap","fillColor":"#6191c9","fillOpacity":0.55},"geometry":{"type":"Polygon","coordinates":[[[112.9207726640001,-6.865743007999981],[112.9166670000001,-6.877590336999958],[112.9629739940001,-6.877412997999954],[112.9207726640001,-6.865743007999981]]]}},{"type":"Feature","properties":{"name":"Zona Perikanan Tangkap","fillColor":"#6191c9","fillOpacity":0.55},"geometry":{"type":"Polygon","coordinates":[[[113.024870274,-6.832624424999949],[113.0245783720001,-6.819465151999964],[113.024870274,-6.832624424999949]]]}},{"type":"Feature","properties":{"name":"Zona Perikanan Tangkap","fillColor":"#6191c9","fillOpacity":0.55},"geometry":{"type":"Polygon","coordinates":[[[113.124592664,-6.849060345999931],[113.130411288,-6.797194796999975],[113.124592664,-6.849060345999931]]]}},{"type":"Feature","properties":{"name":"Zona Perikanan Tangkap","fillColor":"#6191c9","fillOpacity":0.55},"geometry":{"type":"Polygon","coordinates":[[[113.002461,-6.792296999999962],[112.982436,-6.781124999999975],[112.9401670000001,-6.833188999999948],[112.9742080000001,-6.83305299999995],[112.9741330000001,-6.818593999999962],[113.002461,-6.792296999999962]]]}},{"type":"Feature","properties":{"name":"Zona Perikanan Tangkap","fillColor":"#6191c9","fillOpacity":0.55},"geometry":{"type":"Polygon","coordinates":[[[113.1087958400001,-6.764942136999935],[113.0961110000001,-6.76499999999993],[113.0961110000001,-6.819887712999957],[113.0354555030001,-6.819228708999958],[113.0598830770001,-6.835720186999936],[113.0421378340001,-6.86316087299997],[113.0226771130001,-6.856328572999928],[113.0243214860001,-6.833332999999925],[112.9166670000001,-6.83524939199998],[112.9932344990001,-6.837651874999949],[112.997045155,-6.85791190599997],[112.9694585860001,-6.877388163999967],[113.0748767230001,-6.883332999999936],[113.0833330630001,-6.833292638999978],[113.1105283960001,-6.849129306999941],[113.1087958400001,-6.764942136999935]]]}},{"type":"Feature","properties":{"name":"Zona Perikanan Tangkap","fillColor":"#6191c9","fillOpacity":0.55},"geometry":{"type":"Polygon","coordinates":[[[113.1228249120001,-6.792022043999964],[113.132422192,-6.764834363999967],[113.1178414730001,-6.764900874999967],[113.1228249120001,-6.792022043999964]]]}},{"type":"Feature","properties":{"name":"Zona Perikanan Tangkap","fillColor":"#6191c9","fillOpacity":0.55},"geometry":{"type":"Polygon","coordinates":[[[112.9073939850001,-6.748113303999958],[112.921822515,-6.749999999999943],[112.9073939850001,-6.748113303999958]]]}},{"type":"Feature","properties":{"name":"Zona Perikanan Tangkap","fillColor":"#6191c9","fillOpacity":0.55},"geometry":{"type":"Polygon","coordinates":[[[112.85,-6.749999999999943],[112.85,-6.735123847999944],[112.764730166,-6.749999999999943],[112.85,-6.749999999999943]]]}},{"type":"Feature","properties":{"name":"Zona Perikanan Tangkap","fillColor":"#6191c9","fillOpacity":0.55},"geometry":{"type":"Polygon","coordinates":[[[112.95,-6.714851776999978],[112.928136695,-6.719870972999956],[112.9458091570001,-6.731596696999929],[112.9401085980001,-6.749999999999943],[112.95,-6.749999999999943],[112.95,-6.714851776999978]]]}},{"type":"Feature","properties":{"name":"Zona Perikanan Tangkap","fillColor":"#6191c9","fillOpacity":0.55},"geometry":{"type":"Polygon","coordinates":[[[112.85,-6.725951135999935],[112.8666670010001,-6.709138272999951],[112.829002369,-6.723075708999943],[112.85,-6.725951135999935]]]}},{"type":"Feature","properties":{"name":"Zona Perikanan Tangkap","fillColor":"#6191c9","fillOpacity":0.55},"geometry":{"type":"Polygon","coordinates":[[[112.8802605010001,-6.717157221999969],[112.869442906,-6.708111075999966],[112.8802605010001,-6.717157221999969]]]}},{"type":"Feature","properties":{"name":"Zona Perikanan Tangkap","fillColor":"#6191c9","fillOpacity":0.55},"geometry":{"type":"Polygon","coordinates":[[[112.944272939,-6.70478912599998],[112.9237091120001,-6.699999999999932],[112.905119772,-6.715427753999961],[112.944272939,-6.70478912599998]]]}},{"type":"Feature","properties":{"name":"Zona Perikanan Tangkap","fillColor":"#6191c9","fillOpacity":0.55},"geometry":{"type":"Polygon","coordinates":[[[113.088514,-6.746466999999939],[113.096087,-6.69718899999998],[113.0616670000001,-6.735941999999966],[113.061589,-6.746580999999935],[113.088514,-6.746466999999939]]]}},{"type":"Feature","properties":{"name":"Zona Perikanan Tangkap","fillColor":"#6191c9","fillOpacity":0.55},"geometry":{"type":"Polygon","coordinates":[[[112.866667,-6.699496307999937],[112.866667,-6.690253435999978],[112.7933552500001,-6.703098370999953],[112.784080613,-6.72279984599993],[112.760681047,-6.715441249999969],[112.764570529,-6.736199836999958],[112.7975869610001,-6.725058655999931],[112.807945388,-6.707518056999959],[112.826736285,-6.71427224699994],[112.866667,-6.699496307999937]]]}},{"type":"Feature","properties":{"name":"Zona Perikanan Tangkap","fillColor":"#6191c9","fillOpacity":0.55},"geometry":{"type":"Polygon","coordinates":[[[113.1176567680001,-6.710814288999927],[113.1357835270001,-6.710742179999954],[113.137100195,-6.689553734999947],[113.117574276,-6.686682578999978],[113.1176567680001,-6.710814288999927]]]}},{"type":"Feature","properties":{"name":"Zona Perikanan Tangkap","fillColor":"#6191c9","fillOpacity":0.55},"geometry":{"type":"Polygon","coordinates":[[[113.0984025170001,-6.71089088399998],[113.1086120640001,-6.71085026999998],[113.1085244080001,-6.685050117999936],[113.0961110000001,-6.683456056999944],[113.0984025170001,-6.71089088399998]]]}},{"type":"Feature","properties":{"name":"Zona Perikanan Tangkap","fillColor":"#6191c9","fillOpacity":0.55},"geometry":{"type":"Polygon","coordinates":[[[112.518925974,-6.77319824999995],[112.5690931510001,-6.773196757999926],[112.568751668,-6.745904721999977],[112.5333330000001,-6.746100204999948],[112.5333330000001,-6.766666999999927],[112.518925974,-6.77319824999995]]]}},{"type":"Feature","properties":{"name":"Zona Perikanan Tangkap","fillColor":"#6191c9","fillOpacity":0.55},"geometry":{"type":"Polygon","coordinates":[[[112.4496580000001,-6.747474999999952],[112.4375317820001,-6.737280061999968],[112.4396589060001,-6.81844988499995],[112.479508,-6.818318999999974],[112.479508,-6.848437303999958],[112.49471112,-6.842646973999933],[112.494711112,-6.811930300999961],[112.472719296,-6.79723234599993],[112.494711111,-6.782775384999979],[112.495395743,-6.766666999999927],[112.45,-6.766666999999927],[112.4496580000001,-6.747474999999952]]]}},{"type":"Feature","properties":{"name":"Zona Perikanan Tangkap","fillColor":"#6191c9","fillOpacity":0.55},"geometry":{"type":"Polygon","coordinates":[[[112.6839542610001,-6.704354223999928],[112.670233164,-6.692577275999952],[112.676955011,-6.675626032999958],[112.6,-6.648839428999963],[112.6,-6.683332999999948],[112.583333,-6.683332999999948],[112.5666670000001,-6.716666999999973],[112.5333330000001,-6.716666999999973],[112.5333330000001,-6.746100204999948],[112.568751668,-6.745904721999977],[112.5690931510001,-6.773196757999926],[112.70248775,-6.769142785999975],[112.710468307,-6.746126051999966],[112.7288861330001,-6.740453116999959],[112.724603287,-6.713355915999955],[112.7012706310001,-6.692252639999936],[112.6839542610001,-6.704354223999928]]]}},{"type":"Feature","properties":{"name":"Zona Perikanan Tangkap","fillColor":"#6191c9","fillOpacity":0.55},"geometry":{"type":"Polygon","coordinates":[[[112.3784659470001,-6.805697656999939],[112.415062185,-6.805571558999929],[112.4148526060001,-6.750000635999925],[112.3506940000001,-6.750305999999966],[112.3503420000001,-6.789557999999943],[112.3784659470001,-6.805697656999939]]]}},{"type":"Feature","properties":{"name":"Zona Perikanan Tangkap","fillColor":"#6191c9","fillOpacity":0.55},"geometry":{"type":"Polygon","coordinates":[[[112.4375317820001,-6.737280061999968],[112.418012222,-6.734003609999945],[112.4184285680001,-6.813380999999936],[112.4277500000001,-6.818488999999943],[112.4396589060001,-6.81844988499995],[112.4375317820001,-6.737280061999968]]]}},{"type":"Feature","properties":{"name":"Zona Perikanan Tangkap","fillColor":"#6191c9","fillOpacity":0.55},"geometry":{"type":"Polygon","coordinates":[[[113.1353726200001,-6.764820904999965],[113.1319619100001,-6.772241444999963],[113.1353726200001,-6.764820904999965]]]}},{"type":"Feature","properties":{"name":"Zona Perikanan Tangkap","fillColor":"#6191c9","fillOpacity":0.55},"geometry":{"type":"Polygon","coordinates":[[[113.170142528,-6.689173463999964],[113.156552657,-6.689455386999953],[113.1559000000001,-6.703099999999949],[113.1531953900001,-6.689665627999943],[113.137100195,-6.689553734999947],[113.1357835270001,-6.710742179999954],[113.1602736570001,-6.710644756999955],[113.170142528,-6.689173463999964]]]}},{"type":"Feature","properties":{"name":"Zona Perikanan Tangkap","fillColor":"#6191c9","fillOpacity":0.55},"geometry":{"type":"Polygon","coordinates":[[[113.0500000000001,-7.425727999999935],[113.0658330000001,-7.402499999999975],[113.0913731380001,-7.393831785999964],[113.0333330000001,-7.392678255999954],[113.0333330000001,-7.416666999999961],[113.0000000000001,-7.416666999999961],[113.0000000000001,-7.425727999999935],[113.0500000000001,-7.425727999999935]]]}},{"type":"Feature","properties":{"name":"Zona Perikanan Tangkap","fillColor":"#6191c9","fillOpacity":0.55},"geometry":{"type":"Polygon","coordinates":[[[112.9166889370001,-7.360923858999968],[112.907788556,-7.383026461999975],[112.8636110000001,-7.38272789399997],[112.8636110000001,-7.433332999999948],[112.8397328110001,-7.433332999999948],[112.844016674,-7.482217447999972],[112.819996015,-7.476685201999942],[112.8492313100001,-7.51171203399997],[112.868959642,-7.513086284999929],[112.8701636940001,-7.498764565999977],[112.850882199,-7.481866713999977],[112.8739332130001,-7.453928132999977],[112.878888304,-7.394989905999978],[112.916721508,-7.407713127999955],[112.9166889370001,-7.360923858999968]]]}},{"type":"Feature","properties":{"name":"Zona Perikanan Tangkap","fillColor":"#6191c9","fillOpacity":0.55},"geometry":{"type":"Polygon","coordinates":[[[112.9333330000001,-7.399999999999977],[112.952382961,-7.395237437999981],[112.9222136130001,-7.364082500999928],[112.922250091,-7.409572376999961],[112.9333330000001,-7.413299532999929],[112.9333330000001,-7.399999999999977]]]}},{"type":"Feature","properties":{"name":"Zona Perikanan Tangkap","fillColor":"#6191c9","fillOpacity":0.55},"geometry":{"type":"Polygon","coordinates":[[[113.038535354,-7.33209220699996],[113.0104500000001,-7.332070990999966],[113.0104500000001,-7.359068999999977],[112.98816435,-7.359172349999938],[113.0086163890001,-7.37985916599996],[113.0608312740001,-7.334175727999934],[113.038535354,-7.33209220699996]]]}},{"type":"Feature","properties":{"name":"Zona Perikanan Tangkap","fillColor":"#6191c9","fillOpacity":0.55},"geometry":{"type":"Polygon","coordinates":[[[112.6666670000001,-5.573469991999957],[112.4762693780001,-5.583332999999925],[112.4082862830001,-5.665899499999966],[112.3776647510001,-5.749999999999943],[112.5000000000001,-5.749999999999943],[112.5000000000001,-5.666666999999961],[112.6192090850001,-5.666666999999961],[112.6096973580001,-5.657198508999954],[112.658040407,-5.609030616999974],[112.6666670000001,-5.617657212999973],[112.6666670000001,-5.573469991999957]]]}},{"type":"Feature","properties":{"name":"Zona Perikanan Tangkap","fillColor":"#6191c9","fillOpacity":0.55},"geometry":{"type":"Polygon","coordinates":[[[112.6006078290001,-5.56738048699998],[112.6666670000001,-5.564416802999972],[112.6666670000001,-5.515597498999966],[112.6,-5.533842092999976],[112.6006078290001,-5.56738048699998]]]}},{"type":"Feature","properties":{"name":"Zona Perikanan Tangkap","fillColor":"#6191c9","fillOpacity":0.55},"geometry":{"type":"Polygon","coordinates":[[[113.600272494,-7.417918999999927],[113.6003585450001,-7.403947717999927],[113.514749624,-7.402246265999963],[113.514719,-7.417918999999927],[113.533329994,-7.417918999999927],[113.5333300000001,-7.453737351999962],[113.603736582,-7.443886723999981],[113.600272494,-7.417918999999927]]]}},{"type":"Feature","properties":{"name":"Zona Perikanan Tangkap","fillColor":"#6191c9","fillOpacity":0.55},"geometry":{"type":"Polygon","coordinates":[[[113.4863551290001,-7.358506777999935],[113.4870000000001,-7.340060999999935],[113.3930749360001,-7.34002398399997],[113.3930884790001,-7.358509673999947],[113.4863551290001,-7.358506777999935]]]}},{"type":"Feature","properties":{"name":"Zona Perikanan Tangkap","fillColor":"#6191c9","fillOpacity":0.55},"geometry":{"type":"Polygon","coordinates":[[[113.6009826550001,-7.302616999999941],[113.5808330000001,-7.302616999999941],[113.59992503,-7.310765179999976],[113.5990242670001,-7.319762564999962],[113.5808330000001,-7.317944741999952],[113.5808330000001,-7.335168999999951],[113.6007821630001,-7.335168999999951],[113.6009826550001,-7.302616999999941]]]}},{"type":"Feature","properties":{"name":"Zona Perikanan Tangkap","fillColor":"#6191c9","fillOpacity":0.55},"geometry":{"type":"Polygon","coordinates":[[[113.4273330000001,-7.302605746999973],[113.393045013,-7.299179405999951],[113.393055083,-7.31292437899998],[113.4273330000001,-7.312974999999938],[113.4273330000001,-7.302605746999973]]]}},{"type":"Feature","properties":{"name":"Zona Perikanan Tangkap","fillColor":"#6191c9","fillOpacity":0.55},"geometry":{"type":"Polygon","coordinates":[[[113.4273330000001,-7.293432325999959],[113.4273330000001,-7.233332999999959],[113.392996773,-7.233332999999959],[113.393038355,-7.290091339999947],[113.4273330000001,-7.293432325999959]]]}},{"type":"Feature","properties":{"name":"Zona Perikanan Tangkap","fillColor":"#6191c9","fillOpacity":0.55},"geometry":{"type":"Polygon","coordinates":[[[113.139802615,-7.608756997999933],[113.1482892070001,-7.563495177999926],[113.0938998800001,-7.554891775999977],[113.035819843,-7.622166369999945],[113.0286729720001,-7.64866097099997],[113.0962309050001,-7.653055553999934],[113.096221248,-7.641109999999969],[113.1232372440001,-7.641109999999969],[113.139802615,-7.608756997999933]]]}},{"type":"Feature","properties":{"name":"Zona Perikanan Tangkap","fillColor":"#6191c9","fillOpacity":0.55},"geometry":{"type":"Polygon","coordinates":[[[113.0276478170001,-7.618179930999929],[113.0833767580001,-7.553227208999942],[113.029312418,-7.544675211999959],[112.9764601840001,-7.650420875999941],[113.010532965,-7.650395892999938],[113.0051030770001,-7.62252114599994],[113.0177388070001,-7.644488233999937],[113.0276478170001,-7.618179930999929]]]}},{"type":"Feature","properties":{"name":"Zona Perikanan Tangkap","fillColor":"#6191c9","fillOpacity":0.55},"geometry":{"type":"Polygon","coordinates":[[[113.1504218350001,-7.552121733999968],[113.1566497450001,-7.48559008999996],[113.1008539950001,-7.546836766999945],[113.1504218350001,-7.552121733999968]]]}},{"type":"Feature","properties":{"name":"Zona Perikanan Tangkap","fillColor":"#6191c9","fillOpacity":0.55},"geometry":{"type":"Polygon","coordinates":[[[113.0961100000001,-7.538478453999971],[113.1524704780001,-7.47739921799996],[113.1446540820001,-7.462079999999958],[113.0961100000001,-7.474144845999945],[113.0961100000001,-7.50473599999998],[113.0490606420001,-7.50473599999998],[113.0335108100001,-7.536184299999945],[113.0961100000001,-7.538478453999971]]]}},{"type":"Feature","properties":{"name":"Zona Perikanan Tangkap","fillColor":"#6191c9","fillOpacity":0.55},"geometry":{"type":"Polygon","coordinates":[[[113.45833,-7.600828503999935],[113.4523021320001,-7.593004511999936],[113.4166700000001,-7.605531976999941],[113.4166700000001,-7.624999999999943],[113.300988952,-7.624999999999943],[113.2960361170001,-7.653055553999934],[113.5263900000001,-7.65257502299994],[113.5263900000001,-7.624999999999943],[113.45833,-7.624999999999943],[113.45833,-7.600828503999935]]]}},{"type":"Feature","properties":{"name":"Zona Perikanan Tangkap","fillColor":"#6191c9","fillOpacity":0.55},"geometry":{"type":"Polygon","coordinates":[[[113.185831631,-7.641109999999969],[113.1898819730001,-7.570061771999974],[113.1482892070001,-7.563495177999926],[113.1232372440001,-7.641109999999969],[113.185831631,-7.641109999999969]]]}},{"type":"Feature","properties":{"name":"Zona Perikanan Tangkap","fillColor":"#6191c9","fillOpacity":0.55},"geometry":{"type":"Polygon","coordinates":[[[113.6000137230001,-7.624999999999943],[113.6013148850001,-7.560888397999975],[113.5881333000001,-7.59626583499994],[113.5500000000001,-7.610786791999942],[113.5500000000001,-7.624999999999943],[113.6000137230001,-7.624999999999943]]]}},{"type":"Feature","properties":{"name":"Zona Perikanan Tangkap","fillColor":"#6191c9","fillOpacity":0.55},"geometry":{"type":"Polygon","coordinates":[[[113.55124461,-7.601609488999941],[113.581189007,-7.590202431999955],[113.6016497850001,-7.544387032999964],[113.5500000000001,-7.558546294999928],[113.55124461,-7.601609488999941]]]}},{"type":"Feature","properties":{"name":"Zona Perikanan Tangkap","fillColor":"#6191c9","fillOpacity":0.55},"geometry":{"type":"Polygon","coordinates":[[[113.390255571,-7.521547680999959],[113.3764650640001,-7.511100691999957],[113.3778730930001,-7.531345392999981],[113.351493235,-7.552494191999926],[113.317788638,-7.529837417999943],[113.3089867230001,-7.579696260999981],[113.4166700000001,-7.583610999999962],[113.4166700000001,-7.595981630999972],[113.4510265550001,-7.583864034999976],[113.4471669930001,-7.546073315999934],[113.4116719260001,-7.511873327999979],[113.390255571,-7.521547680999959]]]}},{"type":"Feature","properties":{"name":"Zona Perikanan Tangkap","fillColor":"#6191c9","fillOpacity":0.55},"geometry":{"type":"Polygon","coordinates":[[[113.3508898110001,-7.541392461999976],[113.369055525,-7.526731204999976],[113.3670594,-7.507770243999971],[113.32169003,-7.507737807999945],[113.319531843,-7.519962949999979],[113.3508898110001,-7.541392461999976]]]}},{"type":"Feature","properties":{"name":"Zona Perikanan Tangkap","fillColor":"#6191c9","fillOpacity":0.55},"geometry":{"type":"Polygon","coordinates":[[[113.563425581,-7.506111485999952],[113.4204261900001,-7.508660279999958],[113.4549720110001,-7.54082540099995],[113.4603051350001,-7.580591469999945],[113.4786120010001,-7.57413461799996],[113.4786154290001,-7.541669999999954],[113.5500000000001,-7.548955990999957],[113.6019287710001,-7.530640654999956],[113.602402521,-7.507297765999965],[113.563425581,-7.506111485999952]]]}},{"type":"Feature","properties":{"name":"Zona Perikanan Tangkap","fillColor":"#6191c9","fillOpacity":0.55},"geometry":{"type":"Polygon","coordinates":[[[113.1943928210001,-7.49093688499994],[113.1612177640001,-7.494542869999975],[113.1499564620001,-7.55460388299997],[113.1903996350001,-7.560989018999976],[113.1943928210001,-7.49093688499994]]]}},{"type":"Feature","properties":{"name":"Zona Perikanan Tangkap","fillColor":"#6191c9","fillOpacity":0.55},"geometry":{"type":"Polygon","coordinates":[[[113.25358814,-7.41178124299995],[113.229161941,-7.430379339999945],[113.2291634010001,-7.462079999999958],[113.1875272140001,-7.462079999999958],[113.1612177640001,-7.494542869999975],[113.2327638930001,-7.486766116999945],[113.235349506,-7.477951425999947],[113.2534598660001,-7.484516553999981],[113.25358814,-7.41178124299995]]]}},{"type":"Feature","properties":{"name":"Zona Perikanan Tangkap","fillColor":"#6191c9","fillOpacity":0.55},"geometry":{"type":"Polygon","coordinates":[[[113.2304398680001,-7.418033903999969],[113.2536096890001,-7.399562338999942],[113.2304398680001,-7.418033903999969]]]}},{"type":"Feature","properties":{"name":"Zona Perikanan Tangkap","fillColor":"#6191c9","fillOpacity":0.55},"geometry":{"type":"Polygon","coordinates":[[[113.339714121,-7.398767488999965],[113.2705785720001,-7.39884473799998],[113.339714121,-7.398767488999965]]]}},{"type":"Feature","properties":{"name":"Zona Perikanan Tangkap","fillColor":"#6191c9","fillOpacity":0.55},"geometry":{"type":"Polygon","coordinates":[[[113.1800990090001,-7.409649324999975],[113.208715696,-7.396163933999958],[113.17557088,-7.395505191999973],[113.162480802,-7.401879580999946],[113.165609105,-7.416477578999945],[113.1800990090001,-7.409649324999975]]]}},{"type":"Feature","properties":{"name":"Zona Perikanan Tangkap","fillColor":"#6191c9","fillOpacity":0.55},"geometry":{"type":"Polygon","coordinates":[[[113.3735229820001,-7.358510281999941],[113.3930884790001,-7.358509673999947],[113.3930749360001,-7.34002398399997],[113.347855449,-7.340006161999952],[113.323550637,-7.358511833999955],[113.3735229820001,-7.358510281999941]]]}},{"type":"Feature","properties":{"name":"Zona Perikanan Tangkap","fillColor":"#6191c9","fillOpacity":0.55},"geometry":{"type":"Polygon","coordinates":[[[113.393054386,-7.311972735999973],[113.393045013,-7.299179405999951],[113.3667573720001,-7.296552525999971],[113.362583233,-7.312879377999934],[113.393054386,-7.311972735999973]]]}},{"type":"Feature","properties":{"name":"Zona Perikanan Tangkap","fillColor":"#6191c9","fillOpacity":0.55},"geometry":{"type":"MultiPolygon","coordinates":[[[[113.392996773,-7.233332999999959],[113.3102276950001,-7.233332999999959],[113.3103149440001,-7.250482053999974],[113.2880572790001,-7.250594693999972],[113.287970274,-7.233332999999959],[113.2094940000001,-7.233332999999959],[113.211064047,-7.261720770999943],[113.1671173970001,-7.310176728999977],[113.1751714710001,-7.358516440999949],[113.231611668,-7.358514688999946],[113.2508983150001,-7.34308337799996],[113.262034437,-7.356418527999949],[113.3086145300001,-7.358512296999947],[113.3329278990001,-7.34000027899998],[113.3186248840001,-7.331207511999935],[113.352619568,-7.315292219999947],[113.358806275,-7.287145549999934],[113.393038355,-7.290091339999947],[113.392996773,-7.233332999999959]]],[[[113.2910350010001,-7.269530470999939],[113.3263671330001,-7.274564135999981],[113.329130629,-7.289817335999942],[113.314454038,-7.293057759999954],[113.350998168,-7.315704721999964],[113.3229268890001,-7.312349999999981],[113.283628407,-7.285162234999973],[113.2659443890001,-7.290034483999932],[113.265599218,-7.272688961999961],[113.2841712080001,-7.279284057999973],[113.2910350010001,-7.269530470999939]]],[[[113.2343809770001,-7.318957049999938],[113.192597641,-7.318100443999981],[113.2037678150001,-7.306587168999954],[113.1940702180001,-7.306399571999975],[113.1940933850001,-7.281656839999926],[113.2213317950001,-7.280370965999964],[113.214577809,-7.307860066999979],[113.2343809770001,-7.308293009999943],[113.2343809770001,-7.318957049999938]]]]}},{"type":"Feature","properties":{"name":"Zona Perikanan Tangkap","fillColor":"#6191c9","fillOpacity":0.55},"geometry":{"type":"Polygon","coordinates":[[[113.1369000000001,-6.848999999999933],[113.2499,-6.798899999999946],[113.4247,-6.798099999999977],[113.4244000000001,-6.74819999999994],[113.1838,-6.748999999999967],[113.1838,-6.764599999999973],[113.145348341,-6.764775399999962],[113.130411288,-6.797194796999975],[113.127189109,-6.849047614999961],[113.1369000000001,-6.848999999999933]]]}},{"type":"Feature","properties":{"name":"Zona Perikanan Tangkap","fillColor":"#6191c9","fillOpacity":0.55},"geometry":{"type":"Polygon","coordinates":[[[113.289713505,-6.688161419999972],[113.179926957,-6.689541411999926],[113.1702457910001,-6.71060508599993],[113.2218,-6.710399999999936],[113.2218,-6.69339999999994],[113.289713505,-6.688161419999972]]]}},{"type":"Feature","properties":{"name":"Zona Perikanan Tangkap","fillColor":"#6191c9","fillOpacity":0.55},"geometry":{"type":"Polygon","coordinates":[[[113.164533043,-7.47958775099994],[113.1612177640001,-7.494542869999975],[113.164533043,-7.47958775099994]]]}},{"type":"Feature","properties":{"name":"Zona Perikanan Tangkap","fillColor":"#6191c9","fillOpacity":0.55},"geometry":{"type":"Polygon","coordinates":[[[113.1675661530001,-7.465905483999961],[113.1446540820001,-7.462079999999958],[113.1524704780001,-7.47739921799996],[113.1675661530001,-7.465905483999961]]]}},{"type":"Feature","properties":{"name":"Zona Perikanan Tangkap","fillColor":"#6191c9","fillOpacity":0.55},"geometry":{"type":"Polygon","coordinates":[[[113.134612564,-7.43108445799993],[113.165609105,-7.416477578999945],[113.162481198,-7.401879154999961],[113.098781257,-7.433462392999957],[113.134612564,-7.43108445799993]]]}},{"type":"Feature","properties":{"name":"Zona Perikanan Tangkap","fillColor":"#6191c9","fillOpacity":0.55},"geometry":{"type":"Polygon","coordinates":[[[113.0987143470001,-7.422960702999944],[113.155720393,-7.395110668999962],[113.0961110000001,-7.393925949999925],[113.0987143470001,-7.422960702999944]]]}},{"type":"Feature","properties":{"name":"Zona Perikanan Tangkap","fillColor":"#6191c9","fillOpacity":0.55},"geometry":{"type":"Polygon","coordinates":[[[114.0805600000001,-7.616669999999942],[114.0805600000001,-7.573961628999939],[114.0436356130001,-7.568149425999934],[114.043819073,-7.606553677999955],[114.0805600000001,-7.616669999999942]]]}},{"type":"Feature","properties":{"name":"Zona Perikanan Tangkap","fillColor":"#6191c9","fillOpacity":0.55},"geometry":{"type":"Polygon","coordinates":[[[113.6526756870001,-7.540568927999971],[113.6015958820001,-7.547042963999957],[113.645475603,-7.556408782999938],[113.6526756870001,-7.540568927999971]]]}},{"type":"Feature","properties":{"name":"Zona Perikanan Tangkap","fillColor":"#6191c9","fillOpacity":0.55},"geometry":{"type":"Polygon","coordinates":[[[113.71667,-7.558290990999978],[113.71667,-7.535780436999971],[113.662975585,-7.539798218999977],[113.6477867640001,-7.568452372999957],[113.606344067,-7.554744579999976],[113.6000137230001,-7.624999999999943],[113.71667,-7.624999999999943],[113.71667,-7.558290990999978]]]}},{"type":"Feature","properties":{"name":"Zona Perikanan Tangkap","fillColor":"#6191c9","fillOpacity":0.55},"geometry":{"type":"MultiPolygon","coordinates":[[[[113.9409011690001,-7.532519992999937],[113.9158316960001,-7.616669999999942],[114.034748743,-7.609284254999977],[114.03457632,-7.568618010999955],[113.9353579210001,-7.555213661999971],[113.9409011690001,-7.532519992999937]]],[[[113.979325547,-7.61599726999998],[113.970625,-7.607666665999943],[113.9875611110001,-7.590166666999949],[113.997222222,-7.598055555999963],[113.979325547,-7.61599726999998]]]]}},{"type":"Feature","properties":{"name":"Zona Perikanan Tangkap","fillColor":"#6191c9","fillOpacity":0.55},"geometry":{"type":"Polygon","coordinates":[[[113.9179011680001,-7.53851999099993],[113.8833300000001,-7.525404226999967],[113.8833300000001,-7.549999999999955],[113.9000000000001,-7.549999999999955],[113.9000000000001,-7.616669999999942],[113.9179011680001,-7.53851999099993]]]}},{"type":"Feature","properties":{"name":"Zona Perikanan Tangkap","fillColor":"#6191c9","fillOpacity":0.55},"geometry":{"type":"Polygon","coordinates":[[[114.4630656160001,-7.544499056999939],[114.4239948530001,-7.521085358999926],[114.424019,-7.544538999999929],[114.4630656160001,-7.544499056999939]]]}},{"type":"Feature","properties":{"name":"Zona Perikanan Tangkap","fillColor":"#6191c9","fillOpacity":0.55},"geometry":{"type":"Polygon","coordinates":[[[113.9222963540001,-7.520063035999954],[113.898802421,-7.522152048999942],[113.9222963540001,-7.520063035999954]]]}},{"type":"Feature","properties":{"name":"Zona Perikanan Tangkap","fillColor":"#6191c9","fillOpacity":0.55},"geometry":{"type":"Polygon","coordinates":[[[113.656942498,-7.531182139999942],[113.662633721,-7.518820173999927],[113.619678762,-7.533970466999961],[113.656942498,-7.531182139999942]]]}},{"type":"Feature","properties":{"name":"Zona Perikanan Tangkap","fillColor":"#6191c9","fillOpacity":0.55},"geometry":{"type":"Polygon","coordinates":[[[113.701901172,-7.524519991999966],[113.6866977850001,-7.510332734999963],[113.667260087,-7.530410107999955],[113.701901172,-7.524519991999966]]]}},{"type":"Feature","properties":{"name":"Zona Perikanan Tangkap","fillColor":"#6191c9","fillOpacity":0.55},"geometry":{"type":"Polygon","coordinates":[[[113.642203224,-7.516435809999962],[113.602402521,-7.507297765999965],[113.6019287710001,-7.530640654999956],[113.642203224,-7.516435809999962]]]}},{"type":"Feature","properties":{"name":"Zona Perikanan Tangkap","fillColor":"#6191c9","fillOpacity":0.55},"geometry":{"type":"Polygon","coordinates":[[[114.034205906,-7.49611693099996],[113.939935052,-7.51555639999998],[113.9604776130001,-7.525312216999964],[113.9450975980001,-7.547827019999943],[114.034530074,-7.559566141999937],[114.034205906,-7.49611693099996]]]}},{"type":"Feature","properties":{"name":"Zona Perikanan Tangkap","fillColor":"#6191c9","fillOpacity":0.55},"geometry":{"type":"Polygon","coordinates":[[[114.0805600000001,-7.504169999999931],[114.2097200000001,-7.504169999999931],[114.2097200000001,-7.489656585999967],[114.186878275,-7.464634562999947],[114.043256529,-7.494250613999952],[114.043589178,-7.559097566999981],[114.0805600000001,-7.561159676999978],[114.0805600000001,-7.504169999999931]]]}},{"type":"Feature","properties":{"name":"Zona Perikanan Tangkap","fillColor":"#6191c9","fillOpacity":0.55},"geometry":{"type":"Polygon","coordinates":[[[113.9275564100001,-7.508875835999959],[113.942728041,-7.457779999999957],[113.9323566590001,-7.457779999999957],[113.918914424,-7.510657887999969],[113.9275564100001,-7.508875835999959]]]}},{"type":"Feature","properties":{"name":"Zona Perikanan Tangkap","fillColor":"#6191c9","fillOpacity":0.55},"geometry":{"type":"Polygon","coordinates":[[[114.0341587820001,-7.486893511999938],[114.034010037,-7.457779999999957],[113.9598323930001,-7.457779999999957],[113.9418753530001,-7.505923147999965],[114.0341587820001,-7.486893511999938]]]}},{"type":"Feature","properties":{"name":"Zona Perikanan Tangkap","fillColor":"#6191c9","fillOpacity":0.55},"geometry":{"type":"Polygon","coordinates":[[[113.9090301550001,-7.512319219999938],[113.9232963420001,-7.457779999999957],[113.8833300000001,-7.467376125999976],[113.8833300000001,-7.514242280999952],[113.9090301550001,-7.512319219999938]]]}},{"type":"Feature","properties":{"name":"Zona Perikanan Tangkap","fillColor":"#6191c9","fillOpacity":0.55},"geometry":{"type":"Polygon","coordinates":[[[114.0337999860001,-7.416666999999961],[114.016462657,-7.416666999999961],[114.0337999860001,-7.416666999999961]]]}},{"type":"Feature","properties":{"name":"Zona Perikanan Tangkap","fillColor":"#6191c9","fillOpacity":0.55},"geometry":{"type":"Polygon","coordinates":[[[114.1787109750001,-7.457085606999954],[114.1243691110001,-7.422104332999936],[114.0805600000001,-7.413491576999945],[114.0805600000001,-7.457779999999957],[114.043069445,-7.457779999999957],[114.043209216,-7.485027233999972],[114.1787109750001,-7.457085606999954]]]}},{"type":"Feature","properties":{"name":"Zona Perikanan Tangkap","fillColor":"#6191c9","fillOpacity":0.55},"geometry":{"type":"Polygon","coordinates":[[[114.016462657,-7.416666999999961],[114.0337790120001,-7.412561817999972],[114.016462657,-7.416666999999961]]]}},{"type":"Feature","properties":{"name":"Zona Perikanan Tangkap","fillColor":"#6191c9","fillOpacity":0.55},"geometry":{"type":"Polygon","coordinates":[[[113.987575738,-7.413744010999949],[113.9522641220001,-7.416666999999961],[113.987575738,-7.413744010999949]]]}},{"type":"Feature","properties":{"name":"Zona Perikanan Tangkap","fillColor":"#6191c9","fillOpacity":0.55},"geometry":{"type":"Polygon","coordinates":[[[113.8949462320001,-7.416666999999961],[113.941891066,-7.410735573999943],[113.8949462320001,-7.416666999999961]]]}},{"type":"Feature","properties":{"name":"Zona Perikanan Tangkap","fillColor":"#6191c9","fillOpacity":0.55},"geometry":{"type":"Polygon","coordinates":[[[113.6642425970001,-7.45313998599994],[113.666670047,-7.417918999999927],[113.7388110000001,-7.417918999999927],[113.7388110000001,-7.406699419999939],[113.6003585450001,-7.403947717999927],[113.603736582,-7.443886723999981],[113.6642425970001,-7.45313998599994]]]}},{"type":"Feature","properties":{"name":"Zona Perikanan Tangkap","fillColor":"#6191c9","fillOpacity":0.55},"geometry":{"type":"Polygon","coordinates":[[[114.5326138890001,-7.325666448999925],[114.4709583330001,-7.332255902999975],[114.4709583330001,-7.34456871499998],[114.43926389,-7.34456871499998],[114.4392638940001,-7.332447817999935],[114.3402610000001,-7.343438999999933],[114.3334627850001,-7.32842011799994],[114.3334998170001,-7.378014433999965],[114.40813287,-7.381649606999929],[114.5034852890001,-7.360036400999945],[114.5633800490001,-7.340280554999936],[114.5326138890001,-7.340280554999936],[114.5326138890001,-7.325666448999925]]]}},{"type":"Feature","properties":{"name":"Zona Perikanan Tangkap","fillColor":"#6191c9","fillOpacity":0.55},"geometry":{"type":"Polygon","coordinates":[[[113.8528560000001,-7.324021999999957],[113.8256140000001,-7.324021999999957],[113.8256140000001,-7.341182999999944],[113.8772220000001,-7.351216999999963],[113.8772220000001,-7.328249999999969],[113.8528560000001,-7.324021999999957]]]}},{"type":"Feature","properties":{"name":"Zona Perikanan Tangkap","fillColor":"#6191c9","fillOpacity":0.55},"geometry":{"type":"Polygon","coordinates":[[[114.6668274550001,-7.336615607999931],[114.666798308,-7.315691663999928],[114.5275406750001,-7.361624848999952],[114.666875394,-7.371029091999958],[114.6668274550001,-7.336615607999931]]]}},{"type":"Feature","properties":{"name":"Zona Perikanan Tangkap","fillColor":"#6191c9","fillOpacity":0.55},"geometry":{"type":"Polygon","coordinates":[[[114.0332890770001,-7.255032999999969],[113.95,-7.255032999999969],[113.95,-7.327346999999975],[113.8773000000001,-7.327346999999975],[113.8773000000001,-7.358494633999953],[113.9387557430001,-7.358492726999941],[114.0280841670001,-7.31304777899993],[114.0271568060001,-7.323844444999963],[113.9592399480001,-7.35849208999997],[113.991808074,-7.35849107699994],[114.0332971050001,-7.318241781999973],[114.0332890770001,-7.255032999999969]]]}},{"type":"Feature","properties":{"name":"Zona Perikanan Tangkap","fillColor":"#6191c9","fillOpacity":0.55},"geometry":{"type":"Polygon","coordinates":[[[114.118803423,-7.255032999999969],[114.0423442570001,-7.255032999999969],[114.0423447750001,-7.307103887999972],[114.118803423,-7.255032999999969]]]}},{"type":"Feature","properties":{"name":"Zona Perikanan Tangkap","fillColor":"#6191c9","fillOpacity":0.55},"geometry":{"type":"Polygon","coordinates":[[[114.4412609300001,-7.237642430999927],[114.360516616,-7.237671192999926],[114.3660879600001,-7.258226777999937],[114.333422569,-7.274560939999958],[114.4412609300001,-7.237642430999927]]]}},{"type":"Feature","properties":{"name":"Zona Perikanan Tangkap","fillColor":"#6191c9","fillOpacity":0.55},"geometry":{"type":"Polygon","coordinates":[[[114.6666894700001,-7.237562128999969],[114.4692112700001,-7.237632473999952],[114.3334297050001,-7.284117436999964],[114.3334555680001,-7.318755418999956],[114.3401580000001,-7.286295006999978],[114.4979860000001,-7.286066999999946],[114.4980810000001,-7.246999999999957],[114.6009110000001,-7.246938999999941],[114.647369,-7.254430999999954],[114.6474000000001,-7.303030999999976],[114.427939,-7.30328899999995],[114.4279545270001,-7.323418652999976],[114.43926389,-7.312920172999952],[114.4709583330001,-7.312920172999952],[114.4709583330001,-7.323194845999978],[114.5643111110001,-7.308633332999932],[114.5643111110001,-7.339973450999935],[114.6667850480001,-7.306173175999959],[114.6666894700001,-7.237562128999969]]]}},{"type":"Feature","properties":{"name":"Zona Perikanan Tangkap","fillColor":"#6191c9","fillOpacity":0.55},"geometry":{"type":"Polygon","coordinates":[[[113.7815738070001,-7.237033031999943],[113.7438890000001,-7.230468999999971],[113.7341716190001,-7.236807792999969],[113.7449623890001,-7.255152101999954],[113.6833330000001,-7.260678066999958],[113.6833330000001,-7.283332999999971],[113.643128,-7.283332999999971],[113.643128,-7.302616999999941],[113.6009826550001,-7.302616999999941],[113.6007821630001,-7.335168999999951],[113.644444,-7.335168999999951],[113.644444,-7.320127999999954],[113.7172220000001,-7.320127999999954],[113.7172220000001,-7.30583299999995],[113.743914535,-7.305832963999933],[113.743919,-7.319010999999932],[113.778231,-7.319049999999947],[113.778231,-7.358497710999927],[113.8533727690001,-7.35849537699994],[113.813161,-7.350610999999958],[113.8132000000001,-7.246860999999967],[113.7815738070001,-7.237033031999943]]]}},{"type":"Feature","properties":{"name":"Zona Perikanan Tangkap","fillColor":"#6191c9","fillOpacity":0.55},"geometry":{"type":"Polygon","coordinates":[[[114.4844455140001,-7.160313390999931],[114.4489942070001,-7.158175485999948],[114.4503300020001,-7.167670554999972],[114.4993850000001,-7.166243055999928],[114.4844455140001,-7.160313390999931]]]}},{"type":"Feature","properties":{"name":"Zona Perikanan Tangkap","fillColor":"#6191c9","fillOpacity":0.55},"geometry":{"type":"Polygon","coordinates":[[[114.2465846540001,-7.143930913999952],[114.246060142,-7.098574255999949],[114.2465846540001,-7.143930913999952]]]}},{"type":"Feature","properties":{"name":"Zona Perikanan Tangkap","fillColor":"#6191c9","fillOpacity":0.55},"geometry":{"type":"Polygon","coordinates":[[[114.258016565,-7.097487809999961],[114.25563821,-7.143929510999953],[114.275568934,-7.128636595999978],[114.258016565,-7.097487809999961]]]}},{"type":"Feature","properties":{"name":"Zona Perikanan Tangkap","fillColor":"#6191c9","fillOpacity":0.55},"geometry":{"type":"Polygon","coordinates":[[[113.2307034920001,-7.583610999999962],[113.275771885,-7.583610999999962],[113.2307034920001,-7.583610999999962]]]}},{"type":"Feature","properties":{"name":"Zona Perikanan Tangkap","fillColor":"#6191c9","fillOpacity":0.55},"geometry":{"type":"Polygon","coordinates":[[[113.20833,-7.57297196899998],[113.1898819730001,-7.570061771999974],[113.185831631,-7.641109999999969],[113.2960361170001,-7.653055553999934],[113.300988952,-7.624999999999943],[113.20833,-7.624999999999943],[113.20833,-7.57297196899998]]]}},{"type":"Feature","properties":{"name":"Zona Perikanan Tangkap","fillColor":"#6191c9","fillOpacity":0.55},"geometry":{"type":"Polygon","coordinates":[[[113.32169003,-7.507737807999945],[113.295368787,-7.507718990999933],[113.319531843,-7.519962949999979],[113.32169003,-7.507737807999945]]]}},{"type":"Feature","properties":{"name":"Zona Perikanan Tangkap","fillColor":"#6191c9","fillOpacity":0.55},"geometry":{"type":"Polygon","coordinates":[[[113.3167808600001,-7.535546021999949],[113.2327638930001,-7.486766116999945],[113.1943928210001,-7.49093688499994],[113.1903996350001,-7.560989018999976],[113.20833,-7.563817553999968],[113.20833,-7.541669999999954],[113.229167068,-7.541669999999954],[113.22916824,-7.567104808999943],[113.3089867230001,-7.579696260999981],[113.3167808600001,-7.535546021999949]]]}},{"type":"Feature","properties":{"name":"Zona Perikanan Tangkap","fillColor":"#6191c9","fillOpacity":0.55},"geometry":{"type":"Polygon","coordinates":[[[113.8260988300001,-7.527519992999942],[113.8486069800001,-7.51684049499994],[113.819528654,-7.519016332999968],[113.8260988300001,-7.527519992999942]]]}},{"type":"Feature","properties":{"name":"Zona Perikanan Tangkap","fillColor":"#6191c9","fillOpacity":0.55},"geometry":{"type":"Polygon","coordinates":[[[113.8833300000001,-7.523309800999925],[113.8609984010001,-7.515913283999964],[113.8833300000001,-7.523309800999925]]]}},{"type":"Feature","properties":{"name":"Zona Perikanan Tangkap","fillColor":"#6191c9","fillOpacity":0.55},"geometry":{"type":"Polygon","coordinates":[[[114.4540045140001,-8.043720469999926],[114.4450807300001,-8.042093678999947],[114.4195013960001,-8.095662473999937],[114.4718680950001,-8.042846286999975],[114.4522707560001,-8.053269653999962],[114.4540045140001,-8.043720469999926]]]}},{"type":"Feature","properties":{"name":"Zona Perikanan Tangkap","fillColor":"#6191c9","fillOpacity":0.55},"geometry":{"type":"Polygon","coordinates":[[[114.4568536490001,-8.027992648999941],[114.4742392430001,-7.932271802999935],[114.4648911070001,-7.932995282999968],[114.447623291,-8.028091450999966],[114.4568536490001,-8.027992648999941]]]}},{"type":"Feature","properties":{"name":"Zona Perikanan Tangkap","fillColor":"#6191c9","fillOpacity":0.55},"geometry":{"type":"Polygon","coordinates":[[[114.495566088,-8.012405845999979],[114.5084419870001,-7.995866555999953],[114.6636955810001,-7.917609216999949],[114.5032665000001,-7.988312274999942],[114.4719139000001,-8.028038293999941],[114.475574238,-8.038085688999956],[114.495566088,-8.012405845999979]]]}},{"type":"Feature","properties":{"name":"Zona Perikanan Tangkap","fillColor":"#6191c9","fillOpacity":0.55},"geometry":{"type":"Polygon","coordinates":[[[112.9538477580001,-5.729262375999951],[112.920877086,-5.667542512999944],[112.8940357610001,-5.638160286999948],[112.8865597150001,-5.643516704999968],[112.9464190110001,-5.735682449999956],[112.8524110420001,-5.834988449999969],[112.812624729,-5.923214283999926],[112.8208893620001,-5.926859888999957],[112.8599537710001,-5.840034440999943],[112.949214813,-5.74540327699998],[112.9557807240001,-5.897008107999966],[112.9684564730001,-5.825856445999932],[112.956679344,-5.738503164999941],[112.966558264,-5.732236702999955],[112.9538477580001,-5.729262375999951]]]}},{"type":"Feature","properties":{"name":"Zona Perikanan Tangkap","fillColor":"#6191c9","fillOpacity":0.55},"geometry":{"type":"Polygon","coordinates":[[[112.5866399590001,-5.567513592999944],[112.4982584490001,-5.567264650999959],[112.4848611130001,-5.576502392999942],[112.6,-5.576436620999971],[112.5866399590001,-5.567513592999944]]]}},{"type":"Feature","properties":{"name":"Zona Perikanan Tangkap","fillColor":"#6191c9","fillOpacity":0.55},"geometry":{"type":"Polygon","coordinates":[[[112.7886893320001,-5.572170872999948],[112.6666670000001,-5.564416802999972],[112.6666670000001,-5.573469991999957],[112.796054948,-5.583813561999932],[112.8753161660001,-5.63332332799996],[112.8830256210001,-5.628061164999963],[112.849808625,-5.601835107999932],[112.7886893320001,-5.572170872999948]]]}},{"type":"Feature","properties":{"name":"Zona Perikanan Tangkap","fillColor":"#6191c9","fillOpacity":0.55},"geometry":{"type":"Polygon","coordinates":[[[113.502573887,-7.616135436999969],[113.45833,-7.590878472999975],[113.499415698,-7.624999999999943],[113.523111511,-7.624999999999943],[113.5500000000001,-7.601713206999932],[113.502573887,-7.616135436999969]]]}},{"type":"Feature","properties":{"name":"Zona Perikanan Tangkap","fillColor":"#6191c9","fillOpacity":0.55},"geometry":{"type":"Polygon","coordinates":[[[114.6636955810001,-7.917609216999949],[114.6650556120001,-7.907386620999944],[114.647871052,-7.918833924999944],[114.6636955810001,-7.917609216999949]]]}},{"type":"Feature","properties":{"name":"Zona Perikanan Tangkap","fillColor":"#6191c9","fillOpacity":0.55},"geometry":{"type":"Polygon","coordinates":[[[114.3052944410001,-7.714567725999927],[114.260080568,-7.698636367999939],[114.2587343350001,-7.686823103999927],[114.1820112180001,-7.664173528999981],[114.1402039300001,-7.592803119999928],[114.1023062420001,-7.582908177999968],[114.0805600000001,-7.561159676999978],[114.0973179870001,-7.590645971999948],[114.1340537680001,-7.599936841999977],[114.1770847470001,-7.672097447999931],[114.360826865,-7.744366971999966],[114.3795134810001,-7.711526764999974],[114.4969172130001,-7.756623067999953],[114.4648911070001,-7.932995282999968],[114.4742392430001,-7.932271802999935],[114.505596047,-7.751247760999945],[114.3777870060001,-7.701547651999931],[114.359562091,-7.734301393999942],[114.3052944410001,-7.714567725999927]]]}},{"type":"Feature","properties":{"name":"Zona Perikanan Tangkap","fillColor":"#6191c9","fillOpacity":0.55},"geometry":{"type":"Polygon","coordinates":[[[113.7327783210001,-7.508364092999955],[113.71667,-7.507429169999966],[113.71667,-7.517150472999958],[113.7327783210001,-7.508364092999955]]]}},{"type":"Feature","properties":{"name":"Zona Perikanan Tangkap","fillColor":"#6191c9","fillOpacity":0.55},"geometry":{"type":"Polygon","coordinates":[[[113.8246808470001,-7.507507656999962],[113.8124148190001,-7.48553358099997],[113.8024082970001,-7.48722709499998],[113.819528654,-7.519016332999968],[113.880661074,-7.51444198799993],[113.856591296,-7.501517603999957],[113.8287782100001,-7.517750819999947],[113.8246808470001,-7.507507656999962]]]}},{"type":"Feature","properties":{"name":"Zona Perikanan Tangkap","fillColor":"#6191c9","fillOpacity":0.55},"geometry":{"type":"Polygon","coordinates":[[[113.760804362,-7.449937539999951],[113.783061016,-7.444897436999952],[113.7730196550001,-7.435586078999961],[113.760804362,-7.449937539999951]]]}},{"type":"Feature","properties":{"name":"Zona Perikanan Tangkap","fillColor":"#6191c9","fillOpacity":0.55},"geometry":{"type":"Polygon","coordinates":[[[114.2953362830001,-5.476377278999962],[114.304223725,-5.474842728999931],[114.267946337,-5.290357705999952],[114.260942233,-5.298115344999928],[114.2953362830001,-5.476377278999962]]]}},{"type":"Feature","properties":{"name":"Zona Perikanan Tangkap","fillColor":"#6191c9","fillOpacity":0.55},"geometry":{"type":"Polygon","coordinates":[[[114.8039586740001,-4.990579931999946],[114.772278044,-5.00641922899996],[114.575759445,-5.022795779999967],[114.400373776,-4.99090750299996],[114.397385855,-4.999554662999969],[114.5756336200001,-5.031871660999968],[114.774297495,-5.01530607899997],[114.8062431220001,-4.99954228799993],[114.8039586740001,-4.990579931999946]]]}},{"type":"Feature","properties":{"name":"Zona Perikanan Tangkap","fillColor":"#6191c9","fillOpacity":0.55},"geometry":{"type":"Polygon","coordinates":[[[113.123225229,-6.884181100999967],[113.1200982890001,-6.849082383999928],[113.1105283960001,-6.849129306999941],[113.1133632840001,-6.894579827999962],[113.123225229,-6.884181100999967]]]}},{"type":"Feature","properties":{"name":"Zona Perikanan Tangkap","fillColor":"#6191c9","fillOpacity":0.55},"geometry":{"type":"Polygon","coordinates":[[[112.738297125,-6.749999999999943],[112.737684689,-6.759865757999933],[112.764730166,-6.749999999999943],[112.738297125,-6.749999999999943]]]}},{"type":"Feature","properties":{"name":"Zona Perikanan Tangkap","fillColor":"#6191c9","fillOpacity":0.55},"geometry":{"type":"Polygon","coordinates":[[[112.882605375,-6.730915822999975],[112.878871772,-6.719493727999975],[112.85,-6.725951135999935],[112.85,-6.735123847999944],[112.87107814,-6.73261150999997],[112.8492083870001,-6.769414759999961],[112.882605375,-6.730915822999975]]]}},{"type":"Feature","properties":{"name":"Zona Perikanan Tangkap","fillColor":"#6191c9","fillOpacity":0.55},"geometry":{"type":"Polygon","coordinates":[[[113.1178414730001,-6.764900874999967],[113.1176567110001,-6.710814289999973],[113.1086120640001,-6.71085026999998],[113.1087958400001,-6.764942136999935],[113.1178414730001,-6.764900874999967]]]}},{"type":"Feature","properties":{"name":"Zona Perikanan Tangkap","fillColor":"#6191c9","fillOpacity":0.55},"geometry":{"type":"Polygon","coordinates":[[[112.8673642560001,-6.708880260999933],[112.869499108,-6.69844831599994],[112.8673642560001,-6.708880260999933]]]}},{"type":"Feature","properties":{"name":"Zona Perikanan Tangkap","fillColor":"#6191c9","fillOpacity":0.55},"geometry":{"type":"Polygon","coordinates":[[[113.0498341890001,-6.68748656899993],[113.0725445520001,-6.681110166999929],[113.0399395730001,-6.678490674999978],[112.9572236040001,-6.701197137999941],[112.9318244580001,-6.687012716999959],[113.0245783720001,-6.819465151999964],[113.0354555030001,-6.819228708999958],[112.960648769,-6.712407119999966],[113.0498341890001,-6.68748656899993]]]}},{"type":"Feature","properties":{"name":"Zona Perikanan Tangkap","fillColor":"#6191c9","fillOpacity":0.55},"geometry":{"type":"Polygon","coordinates":[[[112.702539751,-6.769890209999971],[112.712218827,-6.769155295999951],[112.702539751,-6.769890209999971]]]}},{"type":"Feature","properties":{"name":"Zona Perikanan Tangkap","fillColor":"#6191c9","fillOpacity":0.55},"geometry":{"type":"Polygon","coordinates":[[[112.7231895260001,-6.765153360999932],[112.738297125,-6.749999999999943],[112.716658961,-6.755032008999933],[112.714143763,-6.769852592999939],[112.7231895260001,-6.765153360999932]]]}},{"type":"Feature","properties":{"name":"Zona Perikanan Tangkap","fillColor":"#6191c9","fillOpacity":0.55},"geometry":{"type":"Polygon","coordinates":[[[112.7166600160001,-6.749999964999972],[112.7251912710001,-6.750000000999933],[112.7166600160001,-6.749999964999972]]]}},{"type":"Feature","properties":{"name":"Zona Perikanan Tangkap","fillColor":"#6191c9","fillOpacity":0.55},"geometry":{"type":"Polygon","coordinates":[[[112.5468488180001,-6.646096180999962],[112.5372192150001,-6.646724743999926],[112.516103699,-6.717146258999946],[112.5262462760001,-6.647754513999928],[112.515948316,-6.649272119999978],[112.508395381,-6.698031804999971],[112.506111065,-6.651242971999977],[112.4910663620001,-6.655171806999931],[112.4928369580001,-6.723003625999979],[112.468438866,-6.663528353999936],[112.4594531470001,-6.664837650999971],[112.499204283,-6.766666999999927],[112.5149376270001,-6.766666999999927],[112.5468488180001,-6.646096180999962]]]}},{"type":"Feature","properties":{"name":"Zona Perikanan Tangkap","fillColor":"#6191c9","fillOpacity":0.55},"geometry":{"type":"Polygon","coordinates":[[[112.1703037570001,-6.770505080999953],[112.2117005600001,-6.724805557999957],[112.1878033740001,-6.737579055999959],[112.1703037570001,-6.770505080999953]]]}},{"type":"Feature","properties":{"name":"Zona Perikanan Tangkap","fillColor":"#6191c9","fillOpacity":0.55},"geometry":{"type":"Polygon","coordinates":[[[112.2022477060001,-6.715264340999965],[112.1923117800001,-6.704633910999974],[112.167452216,-6.710861029999933],[112.179501723,-6.717157146999966],[112.16843844,-6.748743863999948],[112.2022477060001,-6.715264340999965]]]}},{"type":"Feature","properties":{"name":"Zona Perikanan Tangkap","fillColor":"#6191c9","fillOpacity":0.55},"geometry":{"type":"MultiPolygon","coordinates":[[[[112.1510562080001,-6.855216580999979],[112.1479308600001,-6.820152692999955],[112.1330499760001,-6.889444291999951],[112.0907784000001,-6.881678561999934],[112.0908923870001,-6.890893399999925],[112.152524596,-6.89696928799998],[112.1510562080001,-6.855216580999979]]],[[[112.147417192,-6.883309208999947],[112.149710548,-6.871463542999948],[112.147417192,-6.883309208999947]]]]}},{"type":"Feature","properties":{"name":"Zona Perikanan Tangkap","fillColor":"#6191c9","fillOpacity":0.55},"geometry":{"type":"Polygon","coordinates":[[[112.1608671400001,-6.819752974999972],[112.1637534130001,-6.780901149999977],[112.1608671400001,-6.819752974999972]]]}},{"type":"Feature","properties":{"name":"Zona Perikanan Tangkap","fillColor":"#6191c9","fillOpacity":0.55},"geometry":{"type":"Polygon","coordinates":[[[112.145504681,-6.708932183999934],[112.138951754,-6.714372745999981],[112.1534461110001,-6.72333361099993],[112.145504681,-6.708932183999934]]]}},{"type":"Feature","properties":{"name":"Zona Perikanan Tangkap","fillColor":"#6191c9","fillOpacity":0.55},"geometry":{"type":"Polygon","coordinates":[[[112.620697314,-6.072545451999929],[112.6402517680001,-5.880332652999925],[112.6297575150001,-5.879199772999925],[112.620697314,-6.072545451999929]]]}},{"type":"Feature","properties":{"name":"Zona Perikanan Tangkap","fillColor":"#6191c9","fillOpacity":0.55},"geometry":{"type":"Polygon","coordinates":[[[112.8811937810001,-5.638540065999962],[112.765141262,-5.712897625999972],[112.776421988,-5.722427892999974],[112.8811937810001,-5.638540065999962]]]}},{"type":"Feature","properties":{"name":"Zona Perikanan Tangkap","fillColor":"#6191c9","fillOpacity":0.55},"geometry":{"type":"Polygon","coordinates":[[[112.8989957010001,-5.634606602999952],[112.891292214,-5.622574480999958],[112.8830256210001,-5.628061164999963],[112.8989957010001,-5.634606602999952]]]}},{"type":"Feature","properties":{"name":"Zona Perikanan Tangkap","fillColor":"#6191c9","fillOpacity":0.55},"geometry":{"type":"Polygon","coordinates":[[[113.3353351000001,-7.583852745999934],[113.3074144200001,-7.58860264499998],[113.4166700000001,-7.605531976999941],[113.4166700000001,-7.595981630999972],[113.3353351000001,-7.583852745999934]]]}},{"type":"Feature","properties":{"name":"Zona Perikanan Tangkap","fillColor":"#6191c9","fillOpacity":0.55},"geometry":{"type":"Polygon","coordinates":[[[113.461427048,-7.589786137999965],[113.5500000000001,-7.558546294999928],[113.5500000000001,-7.548955990999957],[113.461427048,-7.589786137999965]]]}},{"type":"Feature","properties":{"name":"Zona Perikanan Tangkap","fillColor":"#6191c9","fillOpacity":0.55},"geometry":{"type":"Polygon","coordinates":[[[113.1875272140001,-7.462079999999958],[113.2291614170001,-7.419007307999948],[113.1725904780001,-7.462079999999958],[113.1875272140001,-7.462079999999958]]]}},{"type":"Feature","properties":{"name":"Zona Perikanan Tangkap","fillColor":"#6191c9","fillOpacity":0.55},"geometry":{"type":"Polygon","coordinates":[[[113.2549014220001,-7.410781310999937],[113.2705785720001,-7.39884473799998],[113.253608223,-7.400393690999977],[113.2549014220001,-7.410781310999937]]]}},{"type":"Feature","properties":{"name":"Zona Perikanan Tangkap","fillColor":"#6191c9","fillOpacity":0.55},"geometry":{"type":"Polygon","coordinates":[[[113.3492433700001,-7.338949399999933],[113.362583233,-7.312879377999934],[113.3329278990001,-7.34000027899998],[113.3492433700001,-7.338949399999933]]]}},{"type":"Feature","properties":{"name":"Zona Perikanan Tangkap","fillColor":"#6191c9","fillOpacity":0.55},"geometry":{"type":"Polygon","coordinates":[[[113.9062693500001,-7.640482773999963],[113.915368174,-7.640421658999969],[113.9158316960001,-7.616669999999942],[113.9037246280001,-7.616669999999942],[113.9062693500001,-7.640482773999963]]]}},{"type":"Feature","properties":{"name":"Zona Perikanan Tangkap","fillColor":"#6191c9","fillOpacity":0.55},"geometry":{"type":"Polygon","coordinates":[[[113.8791397020001,-7.523623347999944],[113.8609984010001,-7.515913283999964],[113.8262963000001,-7.527511387999937],[113.819528654,-7.519016332999968],[113.71667,-7.526712920999955],[113.71667,-7.535780436999971],[113.8791397020001,-7.523623347999944]]]}},{"type":"Feature","properties":{"name":"Zona Perikanan Tangkap","fillColor":"#6191c9","fillOpacity":0.55},"geometry":{"type":"Polygon","coordinates":[[[113.9283716460001,-7.457779999999957],[113.9319666890001,-7.432059352999943],[113.922988462,-7.437446146999946],[113.9283716460001,-7.457779999999957]]]}},{"type":"Feature","properties":{"name":"Zona Perikanan Tangkap","fillColor":"#6191c9","fillOpacity":0.55},"geometry":{"type":"Polygon","coordinates":[[[113.947134953,-7.457779999999957],[114.0089050260001,-7.418043748999935],[113.9764775640001,-7.423950953999963],[113.947134953,-7.457779999999957]]]}},{"type":"Feature","properties":{"name":"Zona Perikanan Tangkap","fillColor":"#6191c9","fillOpacity":0.55},"geometry":{"type":"Polygon","coordinates":[[[114.043069445,-7.457779999999957],[114.0416670000001,-7.41271858999994],[114.034010037,-7.457779999999957],[114.043069445,-7.457779999999957]]]}},{"type":"Feature","properties":{"name":"Zona Perikanan Tangkap","fillColor":"#6191c9","fillOpacity":0.55},"geometry":{"type":"Polygon","coordinates":[[[113.931842519,-7.423869736999961],[113.899156229,-7.42580819799997],[113.9315547860001,-7.432134387999952],[113.931842519,-7.423869736999961]]]}},{"type":"Feature","properties":{"name":"Zona Perikanan Tangkap","fillColor":"#6191c9","fillOpacity":0.55},"geometry":{"type":"Polygon","coordinates":[[[113.99035231,-7.421423435999941],[114.0106052540001,-7.416666999999961],[113.99035231,-7.421423435999941]]]}},{"type":"Feature","properties":{"name":"Zona Perikanan Tangkap","fillColor":"#6191c9","fillOpacity":0.55},"geometry":{"type":"Polygon","coordinates":[[[114.0423442570001,-7.255032999999969],[114.042343242,-7.153250810999964],[114.033290092,-7.153250810999964],[114.0332890770001,-7.255032999999969],[114.0423442570001,-7.255032999999969]]]}},{"type":"Feature","properties":{"name":"Zona Perikanan Tangkap","fillColor":"#6191c9","fillOpacity":0.55},"geometry":{"type":"Polygon","coordinates":[[[114.25564393,-7.144423293999978],[114.246672546,-7.151531374999934],[114.25564393,-7.144423293999978]]]}},{"type":"Feature","properties":{"name":"Zona Perikanan Tangkap","fillColor":"#6191c9","fillOpacity":0.55},"geometry":{"type":"Polygon","coordinates":[[[115.3793144000001,-7.145492106999939],[115.456497301,-7.124180398999954],[115.456513285,-7.114794568999969],[115.3453383570001,-7.145492106999939],[115.3793144000001,-7.145492106999939]]]}},{"type":"Feature","properties":{"name":"Zona Perikanan Tangkap","fillColor":"#6191c9","fillOpacity":0.55},"geometry":{"type":"Polygon","coordinates":[[[114.162421416,-6.98181998299998],[114.117312962,-6.964341119999972],[114.1231111620001,-6.975548785999933],[114.162421416,-6.98181998299998]]]}},{"type":"Feature","properties":{"name":"Zona Perikanan Tangkap","fillColor":"#6191c9","fillOpacity":0.55},"geometry":{"type":"Polygon","coordinates":[[[114.1867720600001,-6.939748520999956],[114.105560693,-6.940303038999957],[114.112889706,-6.953696891999925],[114.175234982,-6.949301926999965],[114.222004778,-6.986258536999969],[114.235383048,-7.028575051999951],[114.2353955030001,-7.160466242999973],[114.244447981,-7.153293910999935],[114.244439701,-7.080667260999974],[114.246060142,-7.098574255999949],[114.255045565,-7.097220714999935],[114.248388241,-7.025956988999951],[114.2333466380001,-6.978570771999955],[114.1867720600001,-6.939748520999956]]]}},{"type":"Feature","properties":{"name":"Zona Perikanan Tangkap","fillColor":"#6191c9","fillOpacity":0.55},"geometry":{"type":"MultiPolygon","coordinates":[[[[112.0836868050001,-6.869756222999968],[112.0601452120001,-6.860782936999954],[112.0378732950001,-6.871954795999955],[112.0839511040001,-6.896595160999937],[112.0836868050001,-6.869756222999968]]],[[[112.0578321160001,-6.871272340999951],[112.08083322,-6.879851527999961],[112.0578321160001,-6.871272340999951]]]]}},{"type":"Feature","properties":{"name":"Zona Perikanan Tangkap","fillColor":"#6191c9","fillOpacity":0.55},"geometry":{"type":"Polygon","coordinates":[[[112.0638229100001,-6.696395554999981],[112.0516370040001,-6.701089852999928],[112.0584194580001,-6.707931742999961],[112.0638229100001,-6.696395554999981]]]}},{"type":"Feature","properties":{"name":"Zona Perikanan Tangkap","fillColor":"#6191c9","fillOpacity":0.55},"geometry":{"type":"Polygon","coordinates":[[[112.112136048,-6.677250165999965],[112.1058562970001,-6.670647088999942],[112.0622347970001,-6.711780550999947],[112.068933463,-6.718537948999938],[112.112136048,-6.677250165999965]]]}},{"type":"Feature","properties":{"name":"Zona Perikanan Tangkap","fillColor":"#6191c9","fillOpacity":0.55},"geometry":{"type":"Polygon","coordinates":[[[112.0187316180001,-6.653126348999933],[112.0096882830001,-6.653329787999951],[112.016170125,-6.698007538999946],[112.0187316180001,-6.653126348999933]]]}},{"type":"Feature","properties":{"name":"Zona Perikanan Tangkap","fillColor":"#6191c9","fillOpacity":0.55},"geometry":{"type":"Polygon","coordinates":[[[111.8420876750001,-6.795621207999943],[111.9248152320001,-6.561355040999956],[111.8539424260001,-6.728944825999974],[111.8310764070001,-6.800268138999968],[111.8420876750001,-6.795621207999943]]]}},{"type":"Feature","properties":{"name":"Zona Perikanan Tangkap","fillColor":"#6191c9","fillOpacity":0.55},"geometry":{"type":"Polygon","coordinates":[[[113.3082409660001,-7.583920639999974],[113.275771885,-7.583610999999962],[113.3082409660001,-7.583920639999974]]]}},{"type":"Feature","properties":{"name":"Zona Perikanan Tangkap","fillColor":"#6191c9","fillOpacity":0.55},"geometry":{"type":"Polygon","coordinates":[[[113.22916824,-7.567104808999943],[113.20833,-7.563817553999968],[113.20833,-7.57297196899998],[113.229168661,-7.576259290999928],[113.22916824,-7.567104808999943]]]}},{"type":"Feature","properties":{"name":"Zona Perikanan Tangkap","fillColor":"#6191c9","fillOpacity":0.55},"geometry":{"type":"Polygon","coordinates":[[[112.779350514,-7.182368267999948],[112.7672520520001,-7.166252248999967],[112.767238804,-7.181363856999951],[112.779350514,-7.182368267999948]]]}},{"type":"Feature","properties":{"name":"Zona Perikanan Tangkap","fillColor":"#6191c9","fillOpacity":0.55},"geometry":{"type":"Polygon","coordinates":[[[112.9790283890001,-6.885807229999955],[112.966948643,-6.883332999999936],[112.9790283890001,-6.885807229999955]]]}},{"type":"Feature","properties":{"name":"Zona Perikanan Tangkap","fillColor":"#6191c9","fillOpacity":0.55},"geometry":{"type":"Polygon","coordinates":[[[112.9932841970001,-6.883566949999931],[112.9856938830001,-6.886898830999939],[112.9932841970001,-6.883566949999931]]]}},{"type":"Feature","properties":{"name":"Zona Perikanan Tangkap","fillColor":"#6191c9","fillOpacity":0.55},"geometry":{"type":"Polygon","coordinates":[[[112.9166670000001,-6.877590336999958],[112.891600465,-6.877686333999975],[112.8961187990001,-6.892076577999944],[112.9549862350001,-6.888218815999949],[112.9166670000001,-6.877590336999958]]]}},{"type":"Feature","properties":{"name":"Zona Perikanan Tangkap","fillColor":"#6191c9","fillOpacity":0.55},"geometry":{"type":"Polygon","coordinates":[[[112.765785248,-7.164321971999925],[112.7483039700001,-7.181814132999932],[112.767238804,-7.181363856999951],[112.765785248,-7.164321971999925]]]}},{"type":"Feature","properties":{"name":"Zona Perikanan Tangkap","fillColor":"#6191c9","fillOpacity":0.55},"geometry":{"type":"Polygon","coordinates":[[[113.057183774,-6.884560200999942],[113.0474823760001,-6.883332999999936],[113.057183774,-6.884560200999942]]]}},{"type":"Feature","properties":{"name":"Zona Perikanan Tangkap","fillColor":"#6191c9","fillOpacity":0.55},"geometry":{"type":"Polygon","coordinates":[[[113.124683642,-6.889793469999972],[113.1200982890001,-6.849082383999928],[113.124683642,-6.889793469999972]]]}},{"type":"Feature","properties":{"name":"Zona Perikanan Tangkap","fillColor":"#6191c9","fillOpacity":0.55},"geometry":{"type":"Polygon","coordinates":[[[113.0961110000001,-6.833287931999962],[113.0833330630001,-6.833292638999978],[113.083333,-6.87534253299998],[113.1133632840001,-6.894579827999962],[113.1105283960001,-6.849129306999941],[113.0961110000001,-6.849199999999939],[113.0961110000001,-6.833287931999962]]]}},{"type":"Feature","properties":{"name":"Zona Perikanan Tangkap","fillColor":"#6191c9","fillOpacity":0.55},"geometry":{"type":"Polygon","coordinates":[[[112.7398744520001,-6.769769183999927],[112.8492083870001,-6.769414759999961],[112.87107814,-6.73261150999997],[112.85,-6.735123847999944],[112.85,-6.749999999999943],[112.764730166,-6.749999999999943],[112.737684689,-6.759865757999933],[112.7398744520001,-6.769769183999927]]]}},{"type":"Feature","properties":{"name":"Zona Perikanan Tangkap","fillColor":"#6191c9","fillOpacity":0.55},"geometry":{"type":"Polygon","coordinates":[[[112.9693824650001,-6.740645486999938],[112.9511368550001,-6.714590786999963],[112.95,-6.749999999999943],[112.9000000000001,-6.749999999999943],[112.882605375,-6.730915822999975],[112.8597500210001,-6.769380589999969],[112.872613889,-6.769338888999926],[112.8723453170001,-6.87141713799997],[112.9166670000001,-6.877590336999958],[112.9105097250001,-6.86047591099998],[112.872961816,-6.860598817999971],[112.8734490060001,-6.833333333999974],[113.0246023890001,-6.832970308999961],[113.0055388080001,-6.792276684999933],[112.9741330000001,-6.818593999999962],[112.9742080000001,-6.83305299999995],[112.9401670000001,-6.833188999999948],[112.9516000000001,-6.807049999999947],[112.9976824590001,-6.781057831999931],[112.9693824650001,-6.740645486999938]]]}},{"type":"Feature","properties":{"name":"Zona Perikanan Tangkap","fillColor":"#6191c9","fillOpacity":0.55},"geometry":{"type":"Polygon","coordinates":[[[113.117841504,-6.764900874999967],[113.132422192,-6.764834363999967],[113.1357835270001,-6.710742179999954],[113.1176567110001,-6.710814289999973],[113.117841504,-6.764900874999967]]]}},{"type":"Feature","properties":{"name":"Zona Perikanan Tangkap","fillColor":"#6191c9","fillOpacity":0.55},"geometry":{"type":"Polygon","coordinates":[[[112.85110453,-6.725822209999933],[112.878871772,-6.719493727999975],[112.869442906,-6.708111075999966],[112.85110453,-6.725822209999933]]]}},{"type":"Feature","properties":{"name":"Zona Perikanan Tangkap","fillColor":"#6191c9","fillOpacity":0.55},"geometry":{"type":"Polygon","coordinates":[[[112.8673708450001,-6.699235857999952],[112.871306448,-6.690001799999948],[112.8673708450001,-6.699235857999952]]]}},{"type":"Feature","properties":{"name":"Zona Perikanan Tangkap","fillColor":"#6191c9","fillOpacity":0.55},"geometry":{"type":"Polygon","coordinates":[[[112.925762942,-6.699999999999932],[112.9409192050001,-6.699999999999932],[112.9318244580001,-6.687012716999959],[112.925762942,-6.699999999999932]]]}},{"type":"Feature","properties":{"name":"Zona Perikanan Tangkap","fillColor":"#6191c9","fillOpacity":0.55},"geometry":{"type":"MultiPolygon","coordinates":[[[[113.0961110000001,-6.683456056999944],[112.960648769,-6.712407119999966],[113.0354555030001,-6.819228708999958],[113.0961110000001,-6.819887712999957],[113.0961110000001,-6.76499999999993],[113.1087958400001,-6.764942136999935],[113.1086120640001,-6.71085026999998],[113.0961110000001,-6.710899999999981],[113.0961110000001,-6.683456056999944]]],[[[113.0616670000001,-6.735941999999966],[113.096087,-6.69718899999998],[113.088514,-6.746466999999939],[113.061589,-6.746580999999935],[113.0616670000001,-6.735941999999966]]]]}},{"type":"Feature","properties":{"name":"Zona Perikanan Tangkap","fillColor":"#6191c9","fillOpacity":0.55},"geometry":{"type":"Polygon","coordinates":[[[113.0399395730001,-6.678490674999978],[112.9454120780001,-6.686141130999943],[112.9572236040001,-6.701197137999941],[113.0399395730001,-6.678490674999978]]]}},{"type":"Feature","properties":{"name":"Zona Perikanan Tangkap","fillColor":"#6191c9","fillOpacity":0.55},"geometry":{"type":"Polygon","coordinates":[[[112.9232338940001,-7.200421128999949],[112.792645597,-7.18750115499995],[112.914031138,-7.21964823999997],[112.909811364,-7.201572392999935],[113.0399969170001,-7.22700090099994],[112.9232338940001,-7.200421128999949]]]}},{"type":"Feature","properties":{"name":"Zona Perikanan Tangkap","fillColor":"#6191c9","fillOpacity":0.55},"geometry":{"type":"Polygon","coordinates":[[[112.7845997220001,-7.174978332999956],[112.784033171,-7.184271494999962],[112.7845997220001,-7.174978332999956]]]}},{"type":"Feature","properties":{"name":"Zona Perikanan Tangkap","fillColor":"#6191c9","fillOpacity":0.55},"geometry":{"type":"Polygon","coordinates":[[[112.479478756,-6.848448441999949],[112.479508,-6.818318999999974],[112.4396589060001,-6.81844988499995],[112.4404960200001,-6.850393663999967],[112.479478756,-6.848448441999949]]]}},{"type":"Feature","properties":{"name":"Zona Perikanan Tangkap","fillColor":"#6191c9","fillOpacity":0.55},"geometry":{"type":"Polygon","coordinates":[[[112.5333330000001,-6.766666999999927],[112.5333330000001,-6.746100204999948],[112.5170127770001,-6.746190276999926],[112.5164221980001,-6.766666999999927],[112.5333330000001,-6.766666999999927]]]}},{"type":"Feature","properties":{"name":"Zona Perikanan Tangkap","fillColor":"#6191c9","fillOpacity":0.55},"geometry":{"type":"Polygon","coordinates":[[[112.495395743,-6.766666999999927],[112.4928767910001,-6.746569984999951],[112.442411845,-6.73809920399998],[112.45,-6.766666999999927],[112.495395743,-6.766666999999927]]]}},{"type":"Feature","properties":{"name":"Zona Perikanan Tangkap","fillColor":"#6191c9","fillOpacity":0.55},"geometry":{"type":"Polygon","coordinates":[[[112.6734423600001,-6.769984533999946],[112.70248775,-6.769142785999975],[112.6734423600001,-6.769984533999946]]]}},{"type":"Feature","properties":{"name":"Zona Perikanan Tangkap","fillColor":"#6191c9","fillOpacity":0.55},"geometry":{"type":"Polygon","coordinates":[[[112.7370693490001,-6.769778276999944],[112.737684689,-6.759865757999933],[112.7231895260001,-6.765153360999932],[112.7370693490001,-6.769778276999944]]]}},{"type":"Feature","properties":{"name":"Zona Perikanan Tangkap","fillColor":"#6191c9","fillOpacity":0.55},"geometry":{"type":"Polygon","coordinates":[[[112.7167441150001,-6.754990929999963],[112.7301851550001,-6.749999999999943],[112.7167441150001,-6.754990929999963]]]}},{"type":"Feature","properties":{"name":"Zona Perikanan Tangkap","fillColor":"#6191c9","fillOpacity":0.55},"geometry":{"type":"Polygon","coordinates":[[[112.491211891,-6.742649838999967],[112.4594531470001,-6.664837650999971],[112.416176048,-6.660574415999974],[112.4374476910001,-6.734071195999945],[112.491211891,-6.742649838999967]]]}},{"type":"Feature","properties":{"name":"Zona Perikanan Tangkap","fillColor":"#6191c9","fillOpacity":0.55},"geometry":{"type":"Polygon","coordinates":[[[112.4926987590001,-6.717709183999943],[112.4910663620001,-6.655171806999931],[112.468438866,-6.663528353999936],[112.4926987590001,-6.717709183999943]]]}},{"type":"Feature","properties":{"name":"Zona Perikanan Tangkap","fillColor":"#6191c9","fillOpacity":0.55},"geometry":{"type":"Polygon","coordinates":[[[112.512872086,-6.669131433999951],[112.515948316,-6.649272119999978],[112.506111065,-6.651242971999977],[112.508395381,-6.698031804999971],[112.512872086,-6.669131433999951]]]}},{"type":"Feature","properties":{"name":"Zona Perikanan Tangkap","fillColor":"#6191c9","fillOpacity":0.55},"geometry":{"type":"Polygon","coordinates":[[[112.5372192150001,-6.646724743999926],[112.5262462760001,-6.647754513999928],[112.516103699,-6.717146258999946],[112.5372192150001,-6.646724743999926]]]}},{"type":"Feature","properties":{"name":"Zona Perikanan Tangkap","fillColor":"#6191c9","fillOpacity":0.55},"geometry":{"type":"Polygon","coordinates":[[[112.5164221980001,-6.766666999999927],[112.5170127770001,-6.746190276999926],[112.5333330000001,-6.746100204999948],[112.5333330000001,-6.716666999999973],[112.5666670000001,-6.716666999999973],[112.583333,-6.683332999999948],[112.6,-6.683332999999948],[112.6,-6.648839428999963],[112.5468488180001,-6.646096180999962],[112.5164221980001,-6.766666999999927]]]}},{"type":"Feature","properties":{"name":"Zona Perikanan Tangkap","fillColor":"#6191c9","fillOpacity":0.55},"geometry":{"type":"Polygon","coordinates":[[[112.316492958,-6.860489250999933],[112.2992836620001,-6.874018697999929],[112.316492958,-6.860489250999933]]]}},{"type":"Feature","properties":{"name":"Zona Perikanan Tangkap","fillColor":"#6191c9","fillOpacity":0.55},"geometry":{"type":"Polygon","coordinates":[[[112.4273750000001,-6.813380999999936],[112.4184285680001,-6.813380999999936],[112.4177627780001,-6.844207221999966],[112.4370870050001,-6.864281686999959],[112.4396589060001,-6.81844988499995],[112.4273750000001,-6.813380999999936]]]}},{"type":"Feature","properties":{"name":"Zona Perikanan Tangkap","fillColor":"#6191c9","fillOpacity":0.55},"geometry":{"type":"Polygon","coordinates":[[[112.3506940000001,-6.750305999999966],[112.4148526060001,-6.750000635999925],[112.414790002,-6.733400554999946],[112.2610436110001,-6.707571110999936],[112.261133889,-6.754662221999979],[112.1870986130001,-6.754462221999972],[112.1691174570001,-6.774826257999962],[112.1728321640001,-6.889856302999931],[112.1833198950001,-6.884061813999949],[112.1782718080001,-6.851429536999945],[112.1994953520001,-6.848923136999929],[112.2049246680001,-6.882754921999947],[112.208484792,-6.847861526999964],[112.2389389330001,-6.844265036999957],[112.244288041,-6.868875866999929],[112.2443194450001,-6.846183333999932],[112.2805777780001,-6.846183333999932],[112.286755188,-6.869680206999931],[112.2875184180001,-6.755154397999945],[112.3250015220001,-6.755154363999964],[112.325,-6.833333334999963],[112.3705914630001,-6.834372974999951],[112.364819814,-6.855346011999927],[112.3783916680001,-6.854833330999952],[112.3687189980001,-6.870393606999926],[112.3951578530001,-6.874525581999933],[112.415208612,-6.844397775999937],[112.415062185,-6.805571558999929],[112.363275,-6.805749999999932],[112.3630890000001,-6.789930999999967],[112.3503420000001,-6.789557999999943],[112.3506940000001,-6.750305999999966]]]}},{"type":"Feature","properties":{"name":"Zona Perikanan Tangkap","fillColor":"#6191c9","fillOpacity":0.55},"geometry":{"type":"Polygon","coordinates":[[[112.1705444740001,-6.708379230999981],[112.166947582,-6.691476989999956],[112.1705444740001,-6.708379230999981]]]}},{"type":"Feature","properties":{"name":"Zona Perikanan Tangkap","fillColor":"#6191c9","fillOpacity":0.55},"geometry":{"type":"Polygon","coordinates":[[[112.4172560000001,-6.805563999999947],[112.4086742730001,-6.863220259999935],[112.4194470880001,-6.85492138099994],[112.4249832390001,-6.866739863999953],[112.4172560000001,-6.805563999999947]]]}},{"type":"Feature","properties":{"name":"Zona Perikanan Tangkap","fillColor":"#6191c9","fillOpacity":0.55},"geometry":{"type":"Polygon","coordinates":[[[112.171437082,-6.72624493099994],[112.179501723,-6.717157146999966],[112.167625398,-6.717513286999974],[112.171437082,-6.72624493099994]]]}},{"type":"Feature","properties":{"name":"Zona Perikanan Tangkap","fillColor":"#6191c9","fillOpacity":0.55},"geometry":{"type":"Polygon","coordinates":[[[112.16969926,-6.757710475999943],[112.2035833330001,-6.716435001999969],[112.179030138,-6.73118162999998],[112.16969926,-6.757710475999943]]]}},{"type":"Feature","properties":{"name":"Zona Perikanan Tangkap","fillColor":"#6191c9","fillOpacity":0.55},"geometry":{"type":"Polygon","coordinates":[[[112.382514151,-6.663609993999955],[112.1666440070001,-6.679515434999928],[112.1705444740001,-6.708379230999981],[112.20180256,-6.692881235999948],[112.2306944440001,-6.697805554999945],[112.2306944440001,-6.724805556999968],[112.2117005600001,-6.724805557999957],[112.1691174570001,-6.774826257999962],[112.1870986130001,-6.754462221999972],[112.261133889,-6.754662221999979],[112.2610436110001,-6.707571110999936],[112.414790002,-6.733400554999946],[112.4166670000001,-6.749991999999963],[112.4166670000001,-6.733671999999956],[112.4374476910001,-6.734071195999945],[112.417318774,-6.662335763999977],[112.382514151,-6.663609993999955]]]}},{"type":"Feature","properties":{"name":"Zona Perikanan Tangkap","fillColor":"#6191c9","fillOpacity":0.55},"geometry":{"type":"Polygon","coordinates":[[[113.1353726200001,-6.764820904999965],[113.1602736570001,-6.710644756999955],[113.1357835270001,-6.710742179999954],[113.1353726200001,-6.764820904999965]]]}},{"type":"Feature","properties":{"name":"Zona Perikanan Tangkap","fillColor":"#6191c9","fillOpacity":0.55},"geometry":{"type":"Polygon","coordinates":[[[113.156552657,-6.689455386999953],[113.1559000000001,-6.703099999999949],[113.156552657,-6.689455386999953]]]}},{"type":"Feature","properties":{"name":"Zona Perikanan Tangkap","fillColor":"#6191c9","fillOpacity":0.55},"geometry":{"type":"Polygon","coordinates":[[[113.115119957,-7.286503674999949],[113.1390116670001,-7.265866665999965],[113.1403908190001,-7.233169269999962],[113.1009639350001,-7.233193154999981],[113.113932778,-7.244891664999955],[113.115119957,-7.286503674999949]]]}},{"type":"Feature","properties":{"name":"Zona Perikanan Tangkap","fillColor":"#6191c9","fillOpacity":0.55},"geometry":{"type":"Polygon","coordinates":[[[113.0553012260001,-7.229380205999973],[113.0824829270001,-7.237281530999951],[113.0553012260001,-7.229380205999973]]]}},{"type":"Feature","properties":{"name":"Zona Perikanan Tangkap","fillColor":"#6191c9","fillOpacity":0.55},"geometry":{"type":"Polygon","coordinates":[[[113.0027016680001,-7.395202775999962],[112.9829561,-7.427046410999935],[113.0027016680001,-7.395202775999962]]]}},{"type":"Feature","properties":{"name":"Zona Perikanan Tangkap","fillColor":"#6191c9","fillOpacity":0.55},"geometry":{"type":"Polygon","coordinates":[[[112.8963302780001,-7.331779998999934],[112.861962994,-7.331527979999976],[112.8963302780001,-7.331779998999934]]]}},{"type":"Feature","properties":{"name":"Zona Perikanan Tangkap","fillColor":"#6191c9","fillOpacity":0.55},"geometry":{"type":"Polygon","coordinates":[[[113.0333330000001,-7.392678255999954],[112.9917507280001,-7.391851822999968],[112.9864847270001,-7.412925453999947],[113.0027016680001,-7.395202775999962],[112.989624163,-7.427748311999949],[113.010807888,-7.429978178999932],[113.065247094,-7.431025085999977],[113.0939393030001,-7.393882787999928],[113.0658330000001,-7.402499999999975],[113.0500000000001,-7.425727999999935],[113.0000000000001,-7.425727999999935],[113.0000000000001,-7.416666999999961],[113.0333330000001,-7.416666999999961],[113.0333330000001,-7.392678255999954]]]}},{"type":"Feature","properties":{"name":"Zona Perikanan Tangkap","fillColor":"#6191c9","fillOpacity":0.55},"geometry":{"type":"Polygon","coordinates":[[[112.8567800540001,-7.382681675999947],[112.8325910090001,-7.383214846999977],[112.8397328110001,-7.433332999999948],[112.8636110000001,-7.433332999999948],[112.8567800540001,-7.382681675999947]]]}},{"type":"Feature","properties":{"name":"Zona Perikanan Tangkap","fillColor":"#6191c9","fillOpacity":0.55},"geometry":{"type":"Polygon","coordinates":[[[112.903957661,-7.330689231999941],[112.8416628880001,-7.332930509999926],[112.837983408,-7.35067739599998],[112.9079887610001,-7.353286384999933],[112.9116170000001,-7.369460999999944],[112.903957661,-7.330689231999941]]]}},{"type":"Feature","properties":{"name":"Zona Perikanan Tangkap","fillColor":"#6191c9","fillOpacity":0.55},"geometry":{"type":"Polygon","coordinates":[[[112.9864847270001,-7.412925453999947],[112.959004444,-7.408494164999979],[112.952382961,-7.395237437999981],[112.9333330000001,-7.399999999999977],[112.9333330000001,-7.413299532999929],[112.970225281,-7.425706324999965],[112.9829561,-7.427046410999935],[112.9864847270001,-7.412925453999947]]]}},{"type":"Feature","properties":{"name":"Zona Perikanan Tangkap","fillColor":"#6191c9","fillOpacity":0.55},"geometry":{"type":"Polygon","coordinates":[[[113.0104500000001,-7.359068999999977],[113.0104500000001,-7.332070990999966],[112.9613338910001,-7.332033889999934],[112.98816435,-7.359172349999938],[113.0104500000001,-7.359068999999977]]]}},{"type":"Feature","properties":{"name":"Zona Perikanan Tangkap","fillColor":"#6191c9","fillOpacity":0.55},"geometry":{"type":"Polygon","coordinates":[[[112.0908923870001,-6.890893399999925],[112.130652743,-6.898197793999941],[112.0908923870001,-6.890893399999925]]]}},{"type":"Feature","properties":{"name":"Zona Perikanan Tangkap","fillColor":"#6191c9","fillOpacity":0.55},"geometry":{"type":"Polygon","coordinates":[[[112.150323142,-6.889220676999969],[112.149710548,-6.871463542999948],[112.150323142,-6.889220676999969]]]}},{"type":"Feature","properties":{"name":"Zona Perikanan Tangkap","fillColor":"#6191c9","fillOpacity":0.55},"geometry":{"type":"Polygon","coordinates":[[[112.1691174570001,-6.774826257999962],[112.1646380560001,-6.89664694399994],[112.1732720790001,-6.895203226999968],[112.1691174570001,-6.774826257999962]]]}},{"type":"Feature","properties":{"name":"Zona Perikanan Tangkap","fillColor":"#6191c9","fillOpacity":0.55},"geometry":{"type":"Polygon","coordinates":[[[112.134189739,-6.714829479999935],[112.1310347220001,-6.773994998999967],[112.08929889,-6.762073887999975],[112.0907784000001,-6.881678561999934],[112.1330499760001,-6.889444291999951],[112.14819518,-6.827766231999931],[112.137586668,-6.820396388999939],[112.146249427,-6.724351076999938],[112.134189739,-6.714829479999935]]]}},{"type":"Feature","properties":{"name":"Zona Perikanan Tangkap","fillColor":"#6191c9","fillOpacity":0.55},"geometry":{"type":"Polygon","coordinates":[[[112.1669816750001,-6.692786603999934],[112.1563694460001,-6.689431111999966],[112.1622887000001,-6.70862680099998],[112.1669816750001,-6.692786603999934]]]}},{"type":"Feature","properties":{"name":"Zona Perikanan Tangkap","fillColor":"#6191c9","fillOpacity":0.55},"geometry":{"type":"Polygon","coordinates":[[[112.152242501,-6.688901664999946],[112.129845,-6.685193332999972],[112.129960094,-6.693783921999966],[112.152711389,-6.704172777999929],[112.152242501,-6.688901664999946]]]}},{"type":"Feature","properties":{"name":"Zona Perikanan Tangkap","fillColor":"#6191c9","fillOpacity":0.55},"geometry":{"type":"Polygon","coordinates":[[[112.16458101,-6.887432130999969],[112.162723056,-6.817234445999929],[112.16458101,-6.887432130999969]]]}},{"type":"Feature","properties":{"name":"Zona Perikanan Tangkap","fillColor":"#6191c9","fillOpacity":0.55},"geometry":{"type":"Polygon","coordinates":[[[112.1691174570001,-6.774826257999962],[112.1637534130001,-6.780901149999977],[112.1691174570001,-6.774826257999962]]]}},{"type":"Feature","properties":{"name":"Zona Perikanan Tangkap","fillColor":"#6191c9","fillOpacity":0.55},"geometry":{"type":"Polygon","coordinates":[[[112.1687005350001,-6.758811438999942],[112.16843844,-6.748743863999948],[112.1687005350001,-6.758811438999942]]]}},{"type":"Feature","properties":{"name":"Zona Perikanan Tangkap","fillColor":"#6191c9","fillOpacity":0.55},"geometry":{"type":"Polygon","coordinates":[[[112.1472599680001,-6.743487033999941],[112.137586668,-6.820396388999939],[112.1479308600001,-6.820152692999955],[112.1472599680001,-6.743487033999941]]]}},{"type":"Feature","properties":{"name":"Zona Perikanan Tangkap","fillColor":"#6191c9","fillOpacity":0.55},"geometry":{"type":"Polygon","coordinates":[[[112.1659435070001,-6.735747836999963],[112.1600974310001,-6.71773903199994],[112.1659435070001,-6.735747836999963]]]}},{"type":"Feature","properties":{"name":"Zona Perikanan Tangkap","fillColor":"#6191c9","fillOpacity":0.55},"geometry":{"type":"Polygon","coordinates":[[[112.166636786,-6.679538726999965],[112.129845,-6.685193332999972],[112.152242501,-6.688901664999946],[112.1511218280001,-6.714923855999928],[112.166636786,-6.679538726999965]]]}},{"type":"Feature","properties":{"name":"Zona Perikanan Tangkap","fillColor":"#6191c9","fillOpacity":0.55},"geometry":{"type":"Polygon","coordinates":[[[112.8797527790001,-7.323426667999968],[112.857073376,-7.324630684999931],[112.895395406,-7.330896382999981],[112.8797527790001,-7.323426667999968]]]}},{"type":"Feature","properties":{"name":"Zona Perikanan Tangkap","fillColor":"#6191c9","fillOpacity":0.55},"geometry":{"type":"Polygon","coordinates":[[[112.7769164380001,-7.194042453999941],[112.7673313900001,-7.189576945999931],[112.7769164380001,-7.194042453999941]]]}},{"type":"Feature","properties":{"name":"Zona Perikanan Tangkap","fillColor":"#6191c9","fillOpacity":0.55},"geometry":{"type":"Polygon","coordinates":[[[112.779181611,-7.185489698999959],[112.767238804,-7.181363856999951],[112.779181611,-7.185489698999959]]]}},{"type":"Feature","properties":{"name":"Zona Perikanan Tangkap","fillColor":"#6191c9","fillOpacity":0.55},"geometry":{"type":"Polygon","coordinates":[[[112.857073376,-7.324630684999931],[112.8370515160001,-7.326020110999934],[112.857073376,-7.324630684999931]]]}},{"type":"Feature","properties":{"name":"Zona Perikanan Tangkap","fillColor":"#6191c9","fillOpacity":0.55},"geometry":{"type":"Polygon","coordinates":[[[112.7687591120001,-7.187712440999974],[112.7483039700001,-7.181814132999932],[112.7463145280001,-7.197035482999979],[112.77842639,-7.194127499999979],[112.7687591120001,-7.187712440999974]]]}},{"type":"Feature","properties":{"name":"Zona Perikanan Tangkap","fillColor":"#6191c9","fillOpacity":0.55},"geometry":{"type":"Polygon","coordinates":[[[112.8797438050001,-7.311344194999947],[112.8251071740001,-7.240022139999951],[112.8167329280001,-7.24577863199994],[112.8496330580001,-7.28164544599997],[112.857073376,-7.324630684999931],[112.8797527790001,-7.323426667999968],[112.8797438050001,-7.311344194999947]]]}},{"type":"Feature","properties":{"name":"Zona Perikanan Tangkap","fillColor":"#6191c9","fillOpacity":0.55},"geometry":{"type":"Polygon","coordinates":[[[112.8226734450001,-7.221061366999947],[112.877864722,-7.300284166999973],[112.851370319,-7.236253488999978],[112.8226734450001,-7.221061366999947]]]}},{"type":"Feature","properties":{"name":"Zona Perikanan Tangkap","fillColor":"#6191c9","fillOpacity":0.55},"geometry":{"type":"Polygon","coordinates":[[[112.7900436110001,-7.19425055499994],[112.7793802030001,-7.200617252999962],[112.819230561,-7.232350874999952],[112.7900436110001,-7.19425055499994]]]}},{"type":"Feature","properties":{"name":"Zona Perikanan Tangkap","fillColor":"#6191c9","fillOpacity":0.55},"geometry":{"type":"Polygon","coordinates":[[[112.778785135,-7.201210637999964],[112.7788312160001,-7.191965221999965],[112.778785135,-7.201210637999964]]]}},{"type":"Feature","properties":{"name":"Zona Perikanan Tangkap","fillColor":"#6191c9","fillOpacity":0.55},"geometry":{"type":"Polygon","coordinates":[[[112.7839561090001,-7.185535538999943],[112.800497992,-7.190445801999942],[112.7839561090001,-7.185535538999943]]]}},{"type":"Feature","properties":{"name":"Zona Perikanan Tangkap","fillColor":"#6191c9","fillOpacity":0.55},"geometry":{"type":"Polygon","coordinates":[[[114.418574162,-8.09570778799997],[114.4403865380001,-8.06794522399997],[114.418493202,-8.07870782699996],[114.418574162,-8.09570778799997]]]}},{"type":"Feature","properties":{"name":"Zona Perikanan Tangkap","fillColor":"#6191c9","fillOpacity":0.55},"geometry":{"type":"Polygon","coordinates":[[[114.4576668420001,-8.046338452999976],[114.4522707560001,-8.053269653999962],[114.4576668420001,-8.046338452999976]]]}},{"type":"Feature","properties":{"name":"Zona Perikanan Tangkap","fillColor":"#6191c9","fillOpacity":0.55},"geometry":{"type":"Polygon","coordinates":[[[114.447818457,-8.027016654999954],[114.4648911070001,-7.932995282999968],[114.4236451730001,-7.936187426999936],[114.4295243780001,-8.022825857999976],[114.447818457,-8.027016654999954]]]}},{"type":"Feature","properties":{"name":"Zona Perikanan Tangkap","fillColor":"#6191c9","fillOpacity":0.55},"geometry":{"type":"Polygon","coordinates":[[[114.5121365560001,-8.042573130999926],[114.582907244,-7.963952854999945],[114.6481199680001,-7.928857277999953],[114.5084419870001,-7.995866555999953],[114.4487159700001,-8.072848679999936],[114.5121365560001,-8.042573130999926]]]}},{"type":"Feature","properties":{"name":"Zona Perikanan Tangkap","fillColor":"#6191c9","fillOpacity":0.55},"geometry":{"type":"Polygon","coordinates":[[[114.472709266,-8.027016654999954],[114.503181358,-7.988362516999928],[114.647871052,-7.918833924999944],[114.4742392430001,-7.932271802999935],[114.456860086,-8.027992579999932],[114.472709266,-8.027016654999954]]]}},{"type":"Feature","properties":{"name":"Zona Perikanan Tangkap","fillColor":"#6191c9","fillOpacity":0.55},"geometry":{"type":"Polygon","coordinates":[[[112.9364110680001,-5.926826276999975],[112.9576638960001,-5.877089634999948],[112.949214813,-5.74540327699998],[112.8599537710001,-5.840034440999943],[112.8208893620001,-5.926859888999957],[112.812624729,-5.923214283999926],[112.843323022,-5.854699222999955],[112.735319738,-5.901132600999972],[112.6402517680001,-5.880332652999925],[112.6286513550001,-6.072383619999925],[112.7304588640001,-6.071362821999969],[112.793383553,-6.053422655999952],[112.8408920640001,-6.02210817699995],[112.9364110680001,-5.926826276999975]]]}},{"type":"Feature","properties":{"name":"Zona Perikanan Tangkap","fillColor":"#6191c9","fillOpacity":0.55},"geometry":{"type":"Polygon","coordinates":[[[112.9670831620001,-5.871597077999979],[112.9792409680001,-5.802024897999956],[112.966558264,-5.732236702999955],[112.956679344,-5.738503164999941],[112.9670831620001,-5.871597077999979]]]}},{"type":"Feature","properties":{"name":"Zona Perikanan Tangkap","fillColor":"#6191c9","fillOpacity":0.55},"geometry":{"type":"Polygon","coordinates":[[[112.9464190110001,-5.735682449999956],[112.8865597150001,-5.643516704999968],[112.87921496,-5.648779055999967],[112.941435468,-5.734089203999929],[112.9126148800001,-5.75995383399993],[112.846863653,-5.671958034999932],[112.776421988,-5.722427892999974],[112.7900760750001,-5.733963243999938],[112.8673161390001,-5.733963242999948],[112.8673161390001,-5.78214732899994],[112.847110301,-5.78214732899994],[112.8648904410001,-5.820278680999934],[112.9464190110001,-5.735682449999956]]]}},{"type":"Feature","properties":{"name":"Zona Perikanan Tangkap","fillColor":"#6191c9","fillOpacity":0.55},"geometry":{"type":"Polygon","coordinates":[[[112.9625678580001,-5.724086115999967],[112.9353474090001,-5.677075498999955],[112.8940357610001,-5.638160286999948],[112.9538765000001,-5.729350557999965],[112.9625678580001,-5.724086115999967]]]}},{"type":"Feature","properties":{"name":"Zona Perikanan Tangkap","fillColor":"#6191c9","fillOpacity":0.55},"geometry":{"type":"Polygon","coordinates":[[[112.5401379450001,-5.576082468999971],[112.4762693780001,-5.583332999999925],[112.6,-5.583332999999925],[112.5401379450001,-5.576082468999971]]]}},{"type":"Feature","properties":{"name":"Zona Perikanan Tangkap","fillColor":"#6191c9","fillOpacity":0.55},"geometry":{"type":"Polygon","coordinates":[[[112.708505939,-5.572290265999925],[112.6666670000001,-5.573469991999957],[112.6666670000001,-5.617657212999973],[112.6999265210001,-5.650916730999938],[112.6515758720001,-5.698886665999964],[112.6192090850001,-5.666666999999961],[112.5000000000001,-5.666666999999961],[112.5000000000001,-5.749999999999943],[112.3769436900001,-5.75239520599996],[112.3714702420001,-5.842335197999944],[112.4915277780001,-5.801939365999942],[112.5125860090001,-5.862972541999966],[112.388184537,-5.91555165699998],[112.403985001,-5.948365004999971],[112.4585164120001,-6.007895175999977],[112.5641465590001,-6.064422547999925],[112.615005018,-6.072460047999925],[112.6297575150001,-5.879199772999925],[112.5884670180001,-5.876844799999958],[112.533168345,-5.768032047999952],[112.5331755430001,-5.728067023999927],[112.583726508,-5.728067023999927],[112.697946019,-5.701109706999944],[112.722981117,-5.677279572999964],[112.765141262,-5.712897625999972],[112.8753161660001,-5.63332332799996],[112.8010614850001,-5.585550978999947],[112.708505939,-5.572290265999925]]]}},{"type":"Feature","properties":{"name":"Zona Perikanan Tangkap","fillColor":"#6191c9","fillOpacity":0.55},"geometry":{"type":"Polygon","coordinates":[[[112.6,-5.533842092999976],[112.4982584490001,-5.567264650999959],[112.6,-5.567392130999963],[112.6,-5.533842092999976]]]}},{"type":"Feature","properties":{"name":"Zona Perikanan Tangkap","fillColor":"#6191c9","fillOpacity":0.55},"geometry":{"type":"Polygon","coordinates":[[[112.6875288130001,-5.514654554999936],[112.6666670000001,-5.515597498999966],[112.6666670000001,-5.564416802999972],[112.786581906,-5.571612698999957],[112.8830256210001,-5.628061164999963],[112.891292214,-5.622574480999958],[112.8480587070001,-5.577183810999941],[112.7815129850001,-5.538450585999954],[112.6875288130001,-5.514654554999936]]]}},{"type":"Feature","properties":{"name":"Zona Perikanan Tangkap","fillColor":"#6191c9","fillOpacity":0.55},"geometry":{"type":"Polygon","coordinates":[[[113.514749624,-7.402246265999963],[113.3931187500001,-7.399828889999981],[113.3931341120001,-7.420797274999927],[113.4594674120001,-7.449128816999973],[113.5333300000001,-7.453737351999962],[113.533329994,-7.417918999999927],[113.514719,-7.417918999999927],[113.514749624,-7.402246265999963]]]}},{"type":"Feature","properties":{"name":"Zona Perikanan Tangkap","fillColor":"#6191c9","fillOpacity":0.55},"geometry":{"type":"Polygon","coordinates":[[[113.4963821570001,-7.309505711999975],[113.4273330000001,-7.302605746999973],[113.4273330000001,-7.312974999999938],[113.393055083,-7.31292437899998],[113.3930749360001,-7.34002398399997],[113.4870000000001,-7.340060999999935],[113.486889248,-7.358506760999944],[113.6006384440001,-7.358503227999961],[113.6007821630001,-7.335168999999951],[113.5808330000001,-7.335168999999951],[113.5808330000001,-7.317944741999952],[113.4963821570001,-7.309505711999975]]]}},{"type":"Feature","properties":{"name":"Zona Perikanan Tangkap","fillColor":"#6191c9","fillOpacity":0.55},"geometry":{"type":"Polygon","coordinates":[[[113.6012125020001,-7.265298934999976],[113.6018873710001,-7.155726840999932],[113.5644300050001,-7.233121086999972],[113.508647825,-7.269153360999951],[113.465955742,-7.231149544999937],[113.4660277790001,-7.246113888999957],[113.432505557,-7.246297221999953],[113.432408674,-7.228172270999949],[113.3929906980001,-7.225041717999943],[113.392996773,-7.233332999999959],[113.4273330000001,-7.233332999999959],[113.4273330000001,-7.293518345999928],[113.5808330000001,-7.308857344999979],[113.6009826550001,-7.302616999999941],[113.6012125020001,-7.265298934999976]]]}},{"type":"Feature","properties":{"name":"Zona Perikanan Tangkap","fillColor":"#6191c9","fillOpacity":0.55},"geometry":{"type":"MultiPolygon","coordinates":[[[[113.673933637,-6.68124196399998],[113.490742819,-6.692358084999967],[113.483732582,-6.896821660999933],[113.509219743,-6.896413019999954],[113.5091534920001,-6.860196023999947],[113.618195341,-6.860196818999952],[113.618199007,-6.877943656999946],[113.640540651,-6.887917417999972],[113.673933637,-6.68124196399998]]],[[[113.486373404,-6.896438540999952],[113.4970333880001,-6.892836842999941],[113.486373404,-6.896438540999952]]]]}},{"type":"Feature","properties":{"name":"Zona Perikanan Tangkap","fillColor":"#6191c9","fillOpacity":0.55},"geometry":{"type":"Polygon","coordinates":[[[113.010532965,-7.650395892999938],[112.993736642,-7.656947899999977],[113.010532965,-7.650395892999938]]]}},{"type":"Feature","properties":{"name":"Zona Perikanan Tangkap","fillColor":"#6191c9","fillOpacity":0.55},"geometry":{"type":"Polygon","coordinates":[[[113.0499390000001,-7.65036699999996],[113.032834865,-7.65037954099995],[113.0499390000001,-7.65036699999996]]]}},{"type":"Feature","properties":{"name":"Zona Perikanan Tangkap","fillColor":"#6191c9","fillOpacity":0.55},"geometry":{"type":"Polygon","coordinates":[[[113.1009913580001,-7.653055553999934],[113.1232372440001,-7.641109999999969],[113.096221248,-7.641109999999969],[113.1009913580001,-7.653055553999934]]]}},{"type":"Feature","properties":{"name":"Zona Perikanan Tangkap","fillColor":"#6191c9","fillOpacity":0.55},"geometry":{"type":"Polygon","coordinates":[[[113.0961100000001,-7.50473599999998],[113.0961100000001,-7.474144845999945],[113.0490606420001,-7.50473599999998],[113.0961100000001,-7.50473599999998]]]}},{"type":"Feature","properties":{"name":"Zona Perikanan Tangkap","fillColor":"#6191c9","fillOpacity":0.55},"geometry":{"type":"Polygon","coordinates":[[[113.1440618600001,-7.460919314999956],[113.1217686150001,-7.462079999999958],[113.1440618600001,-7.460919314999956]]]}},{"type":"Feature","properties":{"name":"Zona Perikanan Tangkap","fillColor":"#6191c9","fillOpacity":0.55},"geometry":{"type":"Polygon","coordinates":[[[113.0747764180001,-7.459281777999934],[113.108238247,-7.443513149999944],[113.0921817090001,-7.437410414999931],[113.0608185900001,-7.456172649999928],[113.0747764180001,-7.459281777999934]]]}},{"type":"Feature","properties":{"name":"Zona Perikanan Tangkap","fillColor":"#6191c9","fillOpacity":0.55},"geometry":{"type":"Polygon","coordinates":[[[113.0807010880001,-7.433736637999971],[113.065247094,-7.431025085999977],[113.0467074410001,-7.451427101999968],[113.0807010880001,-7.433736637999971]]]}},{"type":"Feature","properties":{"name":"Zona Perikanan Tangkap","fillColor":"#6191c9","fillOpacity":0.55},"geometry":{"type":"Polygon","coordinates":[[[113.1851591990001,-7.652904048999972],[113.185831631,-7.641109999999969],[113.1232372440001,-7.641109999999969],[113.1171208860001,-7.653055553999934],[113.1851591990001,-7.652904048999972]]]}},{"type":"Feature","properties":{"name":"Zona Perikanan Tangkap","fillColor":"#6191c9","fillOpacity":0.55},"geometry":{"type":"Polygon","coordinates":[[[113.5500000000001,-7.610786791999942],[113.523111511,-7.624999999999943],[113.5263900000001,-7.65257502299994],[113.5994588140001,-7.65234180799996],[113.6000137230001,-7.624999999999943],[113.5500000000001,-7.624999999999943],[113.5500000000001,-7.610786791999942]]]}},{"type":"Feature","properties":{"name":"Zona Perikanan Tangkap","fillColor":"#6191c9","fillOpacity":0.55},"geometry":{"type":"Polygon","coordinates":[[[113.499415698,-7.624999999999943],[113.45833,-7.600828503999935],[113.45833,-7.624999999999943],[113.499415698,-7.624999999999943]]]}},{"type":"Feature","properties":{"name":"Zona Perikanan Tangkap","fillColor":"#6191c9","fillOpacity":0.55},"geometry":{"type":"Polygon","coordinates":[[[113.41554498,-7.605628700999944],[113.3074144200001,-7.58860264499998],[113.300988952,-7.624999999999943],[113.4166700000001,-7.624999999999943],[113.41554498,-7.605628700999944]]]}},{"type":"Feature","properties":{"name":"Zona Perikanan Tangkap","fillColor":"#6191c9","fillOpacity":0.55},"geometry":{"type":"Polygon","coordinates":[[[113.4166700000001,-7.595981630999972],[113.4166700000001,-7.583610999999962],[113.3338026480001,-7.583610999999962],[113.4166700000001,-7.595981630999972]]]}},{"type":"Feature","properties":{"name":"Zona Perikanan Tangkap","fillColor":"#6191c9","fillOpacity":0.55},"geometry":{"type":"Polygon","coordinates":[[[113.519456479,-7.61655769999993],[113.5500000000001,-7.601713206999932],[113.5500000000001,-7.558546294999928],[113.46115077,-7.58988358299996],[113.519456479,-7.61655769999993]]]}},{"type":"Feature","properties":{"name":"Zona Perikanan Tangkap","fillColor":"#6191c9","fillOpacity":0.55},"geometry":{"type":"Polygon","coordinates":[[[113.5500000000001,-7.548955990999957],[113.4786154290001,-7.541669999999954],[113.4786120010001,-7.57413461799996],[113.5500000000001,-7.548955990999957]]]}},{"type":"Feature","properties":{"name":"Zona Perikanan Tangkap","fillColor":"#6191c9","fillOpacity":0.55},"geometry":{"type":"Polygon","coordinates":[[[113.496427655,-7.497124706999955],[113.4229667720001,-7.507810212999971],[113.4786100000001,-7.507849993999969],[113.5314300120001,-7.499999999999943],[113.496427655,-7.497124706999955]]]}},{"type":"Feature","properties":{"name":"Zona Perikanan Tangkap","fillColor":"#6191c9","fillOpacity":0.55},"geometry":{"type":"Polygon","coordinates":[[[113.367076771,-7.50773944599996],[113.32559929,-7.485593621999953],[113.32169003,-7.507737807999945],[113.367076771,-7.50773944599996]]]}},{"type":"Feature","properties":{"name":"Zona Perikanan Tangkap","fillColor":"#6191c9","fillOpacity":0.55},"geometry":{"type":"Polygon","coordinates":[[[113.2291634010001,-7.462079999999958],[113.229161941,-7.430379339999945],[113.1875272140001,-7.462079999999958],[113.2291634010001,-7.462079999999958]]]}},{"type":"Feature","properties":{"name":"Zona Perikanan Tangkap","fillColor":"#6191c9","fillOpacity":0.55},"geometry":{"type":"Polygon","coordinates":[[[113.1743093900001,-7.460771233999935],[113.2291610670001,-7.411419314999932],[113.170473837,-7.439178489999961],[113.1743093900001,-7.460771233999935]]]}},{"type":"Feature","properties":{"name":"Zona Perikanan Tangkap","fillColor":"#6191c9","fillOpacity":0.55},"geometry":{"type":"Polygon","coordinates":[[[113.3931188140001,-7.399916341999926],[113.2705785720001,-7.39884473799998],[113.25358814,-7.41178124299995],[113.2534598660001,-7.484516553999981],[113.329985605,-7.482907399999931],[113.3846291330001,-7.432683262999944],[113.3931188140001,-7.399916341999926]]]}},{"type":"Feature","properties":{"name":"Zona Perikanan Tangkap","fillColor":"#6191c9","fillOpacity":0.55},"geometry":{"type":"Polygon","coordinates":[[[113.349535196,-7.327355605999969],[113.352619568,-7.315292219999947],[113.3186248840001,-7.331207511999935],[113.3329278990001,-7.34000027899998],[113.349535196,-7.327355605999969]]]}},{"type":"Feature","properties":{"name":"Zona Perikanan Tangkap","fillColor":"#6191c9","fillOpacity":0.55},"geometry":{"type":"Polygon","coordinates":[[[113.3930740090001,-7.338758126999949],[113.393055083,-7.31292437899998],[113.362583233,-7.312879377999934],[113.347855449,-7.340006161999952],[113.3930740090001,-7.338758126999949]]]}},{"type":"Feature","properties":{"name":"Zona Perikanan Tangkap","fillColor":"#6191c9","fillOpacity":0.55},"geometry":{"type":"Polygon","coordinates":[[[113.170553743,-7.30638778499997],[113.211064047,-7.261720770999943],[113.2094940000001,-7.233332999999959],[113.28796761,-7.232804414999976],[113.153868224,-7.233161105999955],[113.170553743,-7.30638778499997]]]}},{"type":"Feature","properties":{"name":"Zona Perikanan Tangkap","fillColor":"#6191c9","fillOpacity":0.55},"geometry":{"type":"Polygon","coordinates":[[[113.318517765,-7.233332999999959],[113.3102234050001,-7.232489869999938],[113.318517765,-7.233332999999959]]]}},{"type":"Feature","properties":{"name":"Zona Perikanan Tangkap","fillColor":"#6191c9","fillOpacity":0.55},"geometry":{"type":"Polygon","coordinates":[[[113.3929906980001,-7.225041717999943],[113.322174084,-7.232336929999974],[113.392996773,-7.233332999999959],[113.3929906980001,-7.225041717999943]]]}},{"type":"Feature","properties":{"name":"Zona Perikanan Tangkap","fillColor":"#6191c9","fillOpacity":0.55},"geometry":{"type":"Polygon","coordinates":[[[113.422813202,-6.685780056999931],[113.2218,-6.69339999999994],[113.2218,-6.710399999999936],[113.1702457910001,-6.71060508599993],[113.145348341,-6.764775399999962],[113.1838,-6.764599999999973],[113.1838,-6.748999999999967],[113.4244000000001,-6.74819999999994],[113.4247,-6.798099999999977],[113.2499,-6.798899999999946],[113.2019,-6.827699999999936],[113.127189109,-6.849047614999961],[113.1280153030001,-6.885673993999944],[113.194448596,-6.885761250999963],[113.1986244080001,-6.89742406299996],[113.2078067980001,-6.886125496999966],[113.310348652,-6.893326597999931],[113.446618499,-6.882678561999967],[113.483732582,-6.896821660999933],[113.490742819,-6.692358084999967],[113.422813202,-6.685780056999931]]]}},{"type":"Feature","properties":{"name":"Zona Perikanan Tangkap","fillColor":"#6191c9","fillOpacity":0.55},"geometry":{"type":"Polygon","coordinates":[[[113.1684141930001,-7.462079999999958],[113.170473837,-7.439178489999961],[113.1343166820001,-7.456179817999953],[113.1684141930001,-7.462079999999958]]]}},{"type":"Feature","properties":{"name":"Zona Perikanan Tangkap","fillColor":"#6191c9","fillOpacity":0.55},"geometry":{"type":"Polygon","coordinates":[[[113.1295324180001,-7.433478436999962],[113.0921817090001,-7.437410414999931],[113.1295324180001,-7.433478436999962]]]}},{"type":"Feature","properties":{"name":"Zona Perikanan Tangkap","fillColor":"#6191c9","fillOpacity":0.55},"geometry":{"type":"Polygon","coordinates":[[[113.0855726450001,-7.430822363999937],[113.0961110000001,-7.424518083999942],[113.0961110000001,-7.393925949999925],[113.065247094,-7.431025085999977],[113.0855726450001,-7.430822363999937]]]}},{"type":"Feature","properties":{"name":"Zona Perikanan Tangkap","fillColor":"#6191c9","fillOpacity":0.55},"geometry":{"type":"Polygon","coordinates":[[[114.002964622,-7.616669999999942],[113.9158316960001,-7.616669999999942],[113.915368174,-7.640421658999969],[113.9811295620001,-7.639979957999969],[114.002964622,-7.616669999999942]]]}},{"type":"Feature","properties":{"name":"Zona Perikanan Tangkap","fillColor":"#6191c9","fillOpacity":0.55},"geometry":{"type":"Polygon","coordinates":[[[114.1340537680001,-7.599936841999977],[114.0805600000001,-7.573961628999939],[114.0805600000001,-7.616669999999942],[114.0523416520001,-7.616669999999942],[114.1146859940001,-7.699022450999962],[114.1860537460001,-7.704558529999929],[114.207988461,-7.717829884999958],[114.203376584,-7.708626445999926],[114.2126289270001,-7.716337265999925],[114.2400176460001,-7.697956226999963],[114.2925821220001,-7.747224120999931],[114.323027054,-7.757597273999977],[114.373602556,-7.745257226999968],[114.451941464,-7.789009798999928],[114.476339678,-7.831396445999928],[114.472873831,-7.887571800999979],[114.42117439,-7.926863955999977],[114.4236451730001,-7.936187426999936],[114.4648911070001,-7.932995282999968],[114.4969172130001,-7.756623067999953],[114.3795134810001,-7.711526764999974],[114.36180229,-7.744516719999979],[114.252952434,-7.70613814799998],[114.251737831,-7.694162745999961],[114.1760119310001,-7.671399085999951],[114.1340537680001,-7.599936841999977]]]}},{"type":"Feature","properties":{"name":"Zona Perikanan Tangkap","fillColor":"#6191c9","fillOpacity":0.55},"geometry":{"type":"Polygon","coordinates":[[[113.8833300000001,-7.525404226999967],[113.71667,-7.535780436999971],[113.71667,-7.624999999999943],[113.6000137230001,-7.624999999999943],[113.5994588140001,-7.65234180799996],[113.8079312890001,-7.651676425999938],[113.8079312890001,-7.706920947999947],[113.8332332330001,-7.677871025999934],[113.881639487,-7.680440842999928],[113.8813722220001,-7.640649998999947],[113.9029423860001,-7.640505119999943],[113.9037246280001,-7.616669999999942],[113.9000000000001,-7.549999999999955],[113.8833300000001,-7.549999999999955],[113.8833300000001,-7.525404226999967]]]}},{"type":"Feature","properties":{"name":"Zona Perikanan Tangkap","fillColor":"#6191c9","fillOpacity":0.55},"geometry":{"type":"Polygon","coordinates":[[[113.8609984010001,-7.515913283999964],[113.8486069800001,-7.51684049499994],[113.8609984010001,-7.515913283999964]]]}},{"type":"Feature","properties":{"name":"Zona Perikanan Tangkap","fillColor":"#6191c9","fillOpacity":0.55},"geometry":{"type":"Polygon","coordinates":[[[114.21647196,-7.497772001999977],[114.2097200000001,-7.489656585999967],[114.2097200000001,-7.504169999999931],[114.0805600000001,-7.504169999999931],[114.0805600000001,-7.561159676999978],[114.1023062420001,-7.582908177999968],[114.1402039300001,-7.592803119999928],[114.1820112180001,-7.664173528999981],[114.359562091,-7.734301393999942],[114.3774934050001,-7.701505839999982],[114.5051344310001,-7.750734166999962],[114.4742392430001,-7.932271802999935],[114.647871052,-7.918833924999944],[114.6650556120001,-7.907386620999944],[114.668925854,-7.817054440999925],[114.6412013090001,-7.723846746999925],[114.6421535300001,-7.650873709999928],[114.606731541,-7.566690243999972],[114.5000823030001,-7.566681821999964],[114.4630656160001,-7.544499056999939],[114.424019,-7.544538999999929],[114.4239948530001,-7.521085358999926],[114.37827101,-7.493684705999954],[114.329776732,-7.517579366999939],[114.2739791340001,-7.499700157999939],[114.21647196,-7.497772001999977]]]}},{"type":"Feature","properties":{"name":"Zona Perikanan Tangkap","fillColor":"#6191c9","fillOpacity":0.55},"geometry":{"type":"Polygon","coordinates":[[[113.8141633230001,-7.505602683999939],[113.797398862,-7.48823673399994],[113.7327783210001,-7.508364092999955],[113.71667,-7.526712920999955],[113.819528654,-7.519016332999968],[113.8141633230001,-7.505602683999939]]]}},{"type":"Feature","properties":{"name":"Zona Perikanan Tangkap","fillColor":"#6191c9","fillOpacity":0.55},"geometry":{"type":"Polygon","coordinates":[[[113.8833300000001,-7.47198117399995],[113.8124148190001,-7.48553358099997],[113.8287782100001,-7.517750819999947],[113.8557037180001,-7.501488607999931],[113.8833300000001,-7.514242280999952],[113.8833300000001,-7.47198117399995]]]}},{"type":"Feature","properties":{"name":"Zona Perikanan Tangkap","fillColor":"#6191c9","fillOpacity":0.55},"geometry":{"type":"Polygon","coordinates":[[[113.922988462,-7.437446146999946],[113.8959453970001,-7.457779999999957],[113.9232963420001,-7.457779999999957],[113.922988462,-7.437446146999946]]]}},{"type":"Feature","properties":{"name":"Zona Perikanan Tangkap","fillColor":"#6191c9","fillOpacity":0.55},"geometry":{"type":"Polygon","coordinates":[[[113.936575239,-7.457779999999957],[113.9764775640001,-7.423950953999963],[113.9319666890001,-7.432059352999943],[113.936575239,-7.457779999999957]]]}},{"type":"Feature","properties":{"name":"Zona Perikanan Tangkap","fillColor":"#6191c9","fillOpacity":0.55},"geometry":{"type":"Polygon","coordinates":[[[114.016462657,-7.416666999999961],[113.9598323930001,-7.457779999999957],[114.034010037,-7.457779999999957],[114.0337999860001,-7.416666999999961],[114.016462657,-7.416666999999961]]]}},{"type":"Feature","properties":{"name":"Zona Perikanan Tangkap","fillColor":"#6191c9","fillOpacity":0.55},"geometry":{"type":"Polygon","coordinates":[[[114.043069541,-7.457779999999957],[114.0805600000001,-7.457779999999957],[114.0805600000001,-7.413491576999945],[114.042838412,-7.41274187199997],[114.043069541,-7.457779999999957]]]}},{"type":"Feature","properties":{"name":"Zona Perikanan Tangkap","fillColor":"#6191c9","fillOpacity":0.55},"geometry":{"type":"Polygon","coordinates":[[[113.9764775640001,-7.423950953999963],[113.9843975230001,-7.416667000999951],[113.9522641220001,-7.416666999999961],[113.9319666890001,-7.432059352999943],[113.9764775640001,-7.423950953999963]]]}},{"type":"Feature","properties":{"name":"Zona Perikanan Tangkap","fillColor":"#6191c9","fillOpacity":0.55},"geometry":{"type":"Polygon","coordinates":[[[113.8707564590001,-7.409495370999934],[113.851940653,-7.408947836999971],[113.8549589360001,-7.428061722999928],[113.9250739180001,-7.416666999999961],[113.8707564590001,-7.409495370999934]]]}},{"type":"Feature","properties":{"name":"Zona Perikanan Tangkap","fillColor":"#6191c9","fillOpacity":0.55},"geometry":{"type":"Polygon","coordinates":[[[113.8217703910001,-7.435451567999962],[113.8461878800001,-7.430591599999957],[113.8427416730001,-7.408765008999978],[113.7388110000001,-7.406699419999939],[113.7388110000001,-7.417918999999927],[113.666670047,-7.417918999999927],[113.6666700000001,-7.45312208699994],[113.8217703910001,-7.435451567999962]]]}},{"type":"Feature","properties":{"name":"Zona Perikanan Tangkap","fillColor":"#6191c9","fillOpacity":0.55},"geometry":{"type":"Polygon","coordinates":[[[114.427961502,-7.332460902999969],[114.4166670000001,-7.333332999999925],[114.427961502,-7.332460902999969]]]}},{"type":"Feature","properties":{"name":"Zona Perikanan Tangkap","fillColor":"#6191c9","fillOpacity":0.55},"geometry":{"type":"Polygon","coordinates":[[[114.3507680980001,-7.33241435399998],[114.3402478170001,-7.330828600999951],[114.3402610000001,-7.343438999999933],[114.4071110000001,-7.343388965999964],[114.4071110000001,-7.33248197599994],[114.3507680980001,-7.33241435399998]]]}},{"type":"Feature","properties":{"name":"Zona Perikanan Tangkap","fillColor":"#6191c9","fillOpacity":0.55},"geometry":{"type":"Polygon","coordinates":[[[113.778231,-7.319049999999947],[113.7172220000001,-7.30583299999995],[113.7172220000001,-7.320127999999954],[113.644444,-7.320127999999954],[113.644444,-7.335168999999951],[113.6007821630001,-7.335168999999951],[113.6006384440001,-7.358503227999961],[113.778231,-7.358497710999927],[113.778231,-7.319049999999947]]]}},{"type":"Feature","properties":{"name":"Zona Perikanan Tangkap","fillColor":"#6191c9","fillOpacity":0.55},"geometry":{"type":"Polygon","coordinates":[[[114.6009110000001,-7.247953749999965],[114.4980810000001,-7.246999999999957],[114.4979860000001,-7.286066999999946],[114.3401580000001,-7.286295006999978],[114.3402378110001,-7.321257401999958],[114.4279545270001,-7.323418652999976],[114.427939,-7.30328899999995],[114.6474000000001,-7.303030999999976],[114.647369,-7.254430999999954],[114.6009110000001,-7.247953749999965]]]}},{"type":"Feature","properties":{"name":"Zona Perikanan Tangkap","fillColor":"#6191c9","fillOpacity":0.55},"geometry":{"type":"Polygon","coordinates":[[[114.4760842620001,-7.150157959999945],[114.470454657,-7.14007530899994],[114.4705727510001,-7.155721864999975],[114.4489942070001,-7.158175485999948],[114.483318217,-7.158149999999978],[114.4760842620001,-7.150157959999945]]]}},{"type":"Feature","properties":{"name":"Zona Perikanan Tangkap","fillColor":"#6191c9","fillOpacity":0.55},"geometry":{"type":"Polygon","coordinates":[[[115.456461007,-7.145492106999939],[115.456497301,-7.124180398999954],[115.3793144000001,-7.145492106999939],[115.456461007,-7.145492106999939]]]}},{"type":"Feature","properties":{"name":"Zona Perikanan Tangkap","fillColor":"#6191c9","fillOpacity":0.55},"geometry":{"type":"Polygon","coordinates":[[[114.246060142,-7.098574255999949],[114.244447981,-7.153293910999935],[114.246060142,-7.098574255999949]]]}},{"type":"Feature","properties":{"name":"Zona Perikanan Tangkap","fillColor":"#6191c9","fillOpacity":0.55},"geometry":{"type":"Polygon","coordinates":[[[115.3453383570001,-7.145492106999939],[115.456513285,-7.114794568999969],[115.456609723,-7.058165887999962],[115.2653010590001,-7.05887972499994],[115.2661041280001,-7.145492106999939],[115.3453383570001,-7.145492106999939]]]}},{"type":"Feature","properties":{"name":"Zona Perikanan Tangkap","fillColor":"#6191c9","fillOpacity":0.55},"geometry":{"type":"Polygon","coordinates":[[[114.123500365,-6.975666149999938],[114.117709073,-6.998166265999942],[114.1624067060001,-6.992721728999925],[114.123500365,-6.975666149999938]]]}},{"type":"Feature","properties":{"name":"Zona Perikanan Tangkap","fillColor":"#6191c9","fillOpacity":0.55},"geometry":{"type":"MultiPolygon","coordinates":[[[[114.175234982,-6.949301926999965],[114.112889706,-6.953696891999925],[114.1624266260001,-6.977959122999948],[114.1624724540001,-6.96043141499996],[114.190235249,-6.95997693399994],[114.190047722,-6.998127925999938],[114.2118127780001,-6.998116388999961],[114.211533056,-7.166614999999979],[114.0826175000001,-7.166960277999976],[114.0334795880001,-7.147926164999944],[113.9509689470001,-7.240639362999957],[113.921701575,-7.212514133999946],[113.88244047,-7.223078938999947],[113.8557360000001,-7.134008999999935],[113.854818764,-7.174886715999946],[113.79316827,-7.174886715999946],[113.7938855360001,-7.124885571999926],[113.678171191,-7.109184217999939],[113.6569476640001,-7.130229112999928],[113.6357303760001,-7.127853132999974],[113.6357303780001,-7.155656714999964],[113.6018873710001,-7.155726840999932],[113.6009826550001,-7.302616999999941],[113.643128,-7.302616999999941],[113.643128,-7.283332999999971],[113.6833330000001,-7.283332999999971],[113.6833330000001,-7.260678066999958],[113.6385454910001,-7.264693909999949],[113.6384192610001,-7.228339593999976],[113.7438911280001,-7.236749646999954],[113.765113453,-7.230463698999927],[113.7407792450001,-7.220358806999968],[113.7456376800001,-7.199953384999958],[113.7963677900001,-7.201381063999975],[113.8263489980001,-7.214134974999979],[113.829394706,-7.229744237999967],[113.79817343,-7.240748459999963],[113.8132000000001,-7.246860999999967],[113.813161,-7.350610999999958],[113.8773000000001,-7.358494633999953],[113.8773000000001,-7.327346999999975],[113.95,-7.327346999999975],[113.95,-7.255032999999969],[114.0332890770001,-7.255032999999969],[114.033290092,-7.153250810999964],[114.042343242,-7.153250810999964],[114.042343726,-7.201692184999956],[114.0543194740001,-7.200787564999928],[114.0423438190001,-7.211153922999927],[114.0423442570001,-7.255032999999969],[114.118803423,-7.255032999999969],[114.2353955030001,-7.160466242999973],[114.235383048,-7.028575051999951],[114.222004778,-6.986258536999969],[114.175234982,-6.949301926999965]]],[[[113.8256140000001,-7.333371177999936],[113.8256140000001,-7.324021999999957],[113.8772220000001,-7.328249999999969],[113.8772220000001,-7.351216999999963],[113.8347970000001,-7.346030999999925],[113.8256140000001,-7.333371177999936]]]]}},{"type":"Feature","properties":{"name":"Zona Perikanan Tangkap","fillColor":"#6191c9","fillOpacity":0.55},"geometry":{"type":"Polygon","coordinates":[[[114.0306901550001,-6.682248911999977],[113.908710431,-6.662265943999955],[113.7839235140001,-6.682316728999979],[113.673933637,-6.68124196399998],[113.640540651,-6.887917417999972],[113.6708097330001,-6.883462053999949],[113.6708151730001,-6.865794911999956],[113.7078337060001,-6.865748908999933],[113.707960952,-6.832156113999929],[114.0433196920001,-6.837619055999937],[114.1318166660001,-6.879067487999976],[114.105560693,-6.940303038999957],[114.1778641310001,-6.935816303999957],[114.218381913,-6.959855421999976],[114.2483234430001,-7.02568759299993],[114.255045565,-7.097220714999935],[114.292337996,-7.05774520999995],[114.3332795150001,-7.04871634899996],[114.333333333,-6.970150362999959],[114.302305227,-6.993908674999943],[114.2991839890001,-6.956241002999946],[114.333333333,-6.929363322999961],[114.333333333,-6.787612116999981],[114.3045142440001,-6.807409187999951],[114.0306901550001,-6.682248911999977]]]}},{"type":"Feature","properties":{"name":"Zona Perikanan Tangkap","fillColor":"#6191c9","fillOpacity":0.55},"geometry":{"type":"MultiPolygon","coordinates":[[[[114.8105798380001,-5.026515612999958],[114.8062431220001,-4.99954228799993],[114.7740934230001,-5.01533735199996],[114.5755402100001,-5.031872630999942],[114.397385855,-4.999554662999969],[114.391870496,-5.124264116999939],[114.4356230640001,-5.227785999999981],[114.344813165,-5.239476991999936],[114.267946337,-5.290357705999952],[114.304223725,-5.474842728999931],[114.2953307160001,-5.476378239999974],[114.2580566940001,-5.301516702999947],[114.2190665080001,-5.375150801999951],[114.1944564250001,-5.519277344999978],[114.194798415,-5.593460061999963],[114.2138716740001,-5.655605804999936],[114.2515290140001,-5.709520552999948],[114.3084353610001,-5.755642971999976],[114.387539433,-5.788096480999968],[114.4752265880001,-5.785060966999936],[114.5465300730001,-5.755151166999951],[114.6127459070001,-5.692906597999979],[114.6473125690001,-5.622330770999952],[114.6549685870001,-5.549890991999973],[114.6316288100001,-5.391837002999978],[114.582585063,-5.304797968999935],[114.677714409,-5.287040045999959],[114.7589447510001,-5.224835046999942],[114.8061418950001,-5.124889612999937],[114.8105798380001,-5.026515612999958]]],[[[114.6780389160001,-5.031147465999936],[114.7075510980001,-5.026622928999927],[114.7075712940001,-5.060453000999928],[114.6504755110001,-5.069429441999944],[114.6504373690001,-5.035292596999966],[114.6780389160001,-5.031147465999936]]],[[[114.6095881650001,-5.043010211999956],[114.6116396650001,-5.067172666999966],[114.640665796,-5.067474019999963],[114.6397734970001,-5.106735125999933],[114.582376207,-5.11142231499997],[114.5693843500001,-5.038839236999934],[114.594225925,-5.032157708999932],[114.6095881650001,-5.043010211999956]]],[[[114.6357596460001,-5.210600238999973],[114.6735053850001,-5.177953827999943],[114.6982517800001,-5.205936288999965],[114.657896122,-5.237535531999981],[114.6357596460001,-5.210600238999973]]],[[[114.4265292380001,-5.463000655999963],[114.4011205840001,-5.439664841999956],[114.4261049250001,-5.381843940999943],[114.514186192,-5.409760406999965],[114.4847667130001,-5.470102112999939],[114.4397453900001,-5.453719689999957],[114.4265292380001,-5.463000655999963]]],[[[114.4630523280001,-5.597030344999951],[114.3828653590001,-5.596773610999946],[114.384222225,-5.536619311999971],[114.4152425430001,-5.525836058999971],[114.415067634,-5.512997138999935],[114.4421115250001,-5.513248289999979],[114.4630523280001,-5.597030344999951]]]]}},{"type":"Feature","properties":{"name":"Zona Perikanan Tangkap","fillColor":"#6191c9","fillOpacity":0.55},"geometry":{"type":"Polygon","coordinates":[[[114.5164164370001,-4.925872224999978],[114.485779813,-4.882192287999942],[114.4357093690001,-4.929761782999947],[114.400373776,-4.99090750299996],[114.575759445,-5.022795779999967],[114.772278044,-5.00641922899996],[114.8039616760001,-4.990587567999967],[114.7793420410001,-4.935652070999936],[114.738926739,-4.889325000999975],[114.6327500310001,-4.954471831999967],[114.6044960290001,-4.912747897999964],[114.5310518680001,-4.946738582999956],[114.5164164370001,-4.925872224999978]]]}},{"type":"Feature","properties":{"name":"Zona Perikanan Tangkap","fillColor":"#6191c9","fillOpacity":0.55},"geometry":{"type":"Polygon","coordinates":[[[112.0545670480001,-6.884220053999968],[112.0795405040001,-6.895023936999962],[112.0545670480001,-6.884220053999968]]]}},{"type":"Feature","properties":{"name":"Zona Perikanan Tangkap","fillColor":"#6191c9","fillOpacity":0.55},"geometry":{"type":"Polygon","coordinates":[[[112.080822836,-6.879704153999967],[112.054370778,-6.87499010099998],[112.080822836,-6.879704153999967]]]}},{"type":"Feature","properties":{"name":"Zona Perikanan Tangkap","fillColor":"#6191c9","fillOpacity":0.55},"geometry":{"type":"Polygon","coordinates":[[[111.914357323,-6.56766433599995],[111.8478274330001,-6.588071085999957],[111.7868508190001,-6.571704902999954],[111.70810148,-6.734586774999968],[111.8145825110001,-6.754262463999964],[111.8120974510001,-6.795122839999976],[111.8310764070001,-6.800268138999968],[111.914357323,-6.56766433599995]]]}},{"type":"Feature","properties":{"name":"Zona Perikanan Tangkap","fillColor":"#6191c9","fillOpacity":0.55},"geometry":{"type":"MultiPolygon","coordinates":[[[[111.9558997720001,-6.559257496999976],[111.9248152320001,-6.561355040999956],[111.8404011300001,-6.800888757999928],[111.8558518670001,-6.799910310999962],[111.8574570250001,-6.760666230999959],[111.9260622830001,-6.742289978999963],[111.9176,-6.693755555999928],[111.926457778,-6.652455833999966],[111.909562222,-6.651321941999981],[111.9093900000001,-6.634668610999938],[111.927393334,-6.634415277999949],[111.9307236370001,-6.694161903999941],[111.9341883850001,-6.634077098999967],[111.9835282320001,-6.633986584999946],[111.9834572010001,-6.650863262999962],[112.0061638290001,-6.651050896999948],[112.0058954560001,-6.634964367999942],[112.022040079,-6.634964368999931],[112.0166853330001,-6.736059540999975],[112.04639896,-6.695805906999965],[112.0638229100001,-6.696395554999981],[112.0622347970001,-6.711780550999947],[112.1200304660001,-6.656094595999946],[112.125451889,-6.673726162999969],[112.068933463,-6.718537948999938],[112.07601275,-6.725679210999942],[112.0957714540001,-6.710882915999946],[111.9998768500001,-6.810249909999925],[112.019137009,-6.79863424399997],[112.06032271,-6.851618676999976],[112.0378732950001,-6.871954795999955],[112.063925193,-6.861024546999943],[112.0907784000001,-6.881678561999934],[112.08929889,-6.762073887999975],[112.1310347220001,-6.773994998999967],[112.129845,-6.685193332999972],[112.166259198,-6.679637696999976],[112.0675994600001,-6.589482424999971],[112.0134456820001,-6.566400907999935],[111.9558997720001,-6.559257496999976]]],[[[112.103908333,-6.72813972299997],[112.1154077780001,-6.741406666999978],[112.103908333,-6.72813972299997]]]]}},{"type":"Feature","properties":{"name":"Zona Perikanan Tangkap","fillColor":"#6191c9","fillOpacity":0.55},"geometry":{"type":"Polygon","coordinates":[[[113.2277800000001,-7.653055553999934],[113.2277800000001,-7.641109999999969],[113.185831631,-7.641109999999969],[113.1851505620001,-7.653055553999934],[113.2277800000001,-7.653055553999934]]]}},{"type":"Feature","properties":{"name":"Zona Perikanan Tangkap","fillColor":"#6191c9","fillOpacity":0.55},"geometry":{"type":"Polygon","coordinates":[[[113.229168661,-7.576259290999928],[113.20833,-7.57297196899998],[113.20833,-7.624999999999943],[113.300988952,-7.624999999999943],[113.3074144200001,-7.58860264499998],[113.229168661,-7.576259290999928]]]}},{"type":"Feature","properties":{"name":"Zona Perikanan Tangkap","fillColor":"#6191c9","fillOpacity":0.55},"geometry":{"type":"Polygon","coordinates":[[[113.229167068,-7.541669999999954],[113.20833,-7.541669999999954],[113.20833,-7.563817553999968],[113.22916824,-7.567104808999943],[113.229167068,-7.541669999999954]]]}},{"type":"Feature","properties":{"name":"Zona Perikanan Tangkap","fillColor":"#6191c9","fillOpacity":0.55},"geometry":{"type":"Polygon","coordinates":[[[113.273433489,-7.506936967999934],[113.2534378160001,-7.49701973699996],[113.253419,-7.507688999999971],[113.273433489,-7.506936967999934]]]}},{"type":"Feature","properties":{"name":"Zona Perikanan Tangkap","fillColor":"#6191c9","fillOpacity":0.55},"geometry":{"type":"Polygon","coordinates":[[[113.3187988640001,-7.482931661999942],[113.2534556080001,-7.486931449999929],[113.32169003,-7.507737807999945],[113.329985605,-7.482907399999931],[113.3187988640001,-7.482931661999942]]]}},{"type":"Feature","properties":{"name":"Zona Perikanan Tangkap","fillColor":"#6191c9","fillOpacity":0.55},"geometry":{"type":"Polygon","coordinates":[[[113.284791442,-7.38802306499997],[113.2585738360001,-7.397154848999946],[113.284791442,-7.38802306499997]]]}},{"type":"Feature","properties":{"name":"Zona Perikanan Tangkap","fillColor":"#6191c9","fillOpacity":0.55},"geometry":{"type":"Polygon","coordinates":[[[113.2088318140001,-7.379308924999975],[113.2434725270001,-7.362906183999939],[113.231611668,-7.358514688999946],[113.1610535210001,-7.395216662999928],[113.2088318140001,-7.379308924999975]]]}},{"type":"Feature","properties":{"name":"Zona Perikanan Tangkap","fillColor":"#6191c9","fillOpacity":0.55},"geometry":{"type":"Polygon","coordinates":[[[113.3052873950001,-7.372417456999926],[113.323550637,-7.358511833999955],[113.292628473,-7.37068396199993],[113.292628472,-7.382055953999952],[113.3052873950001,-7.372417456999926]]]}},{"type":"Feature","properties":{"name":"Zona Perikanan Tangkap","fillColor":"#6191c9","fillOpacity":0.55},"geometry":{"type":"Polygon","coordinates":[[[113.864760722,-7.387583225999947],[113.859538905,-7.381085029999952],[113.864760722,-7.387583225999947]]]}},{"type":"Feature","properties":{"name":"Zona Perikanan Tangkap","fillColor":"#6191c9","fillOpacity":0.55},"geometry":{"type":"Polygon","coordinates":[[[114.7701306920001,-7.286538529999973],[114.7145870810001,-7.290409061999981],[114.6667850480001,-7.306173175999959],[114.666798308,-7.315691663999928],[114.716730253,-7.299221949999946],[114.8169341680001,-7.292428465999933],[114.7701306920001,-7.286538529999973]]]}},{"type":"Feature","properties":{"name":"Zona Perikanan Tangkap","fillColor":"#6191c9","fillOpacity":0.55},"geometry":{"type":"Polygon","coordinates":[[[114.2901694440001,-7.30088855899993],[114.3334297050001,-7.284117436999964],[114.333422569,-7.274560939999958],[114.274927045,-7.294586907999928],[114.2901694440001,-7.30088855899993]]]}},{"type":"Feature","properties":{"name":"Zona Perikanan Tangkap","fillColor":"#6191c9","fillOpacity":0.55},"geometry":{"type":"MultiPolygon","coordinates":[[[[114.0571184790001,-7.362080126999956],[114.1735111190001,-7.255032999999969],[114.1601447800001,-7.255033001999948],[114.0425840390001,-7.363153116999968],[114.045624373,-7.316146110999966],[114.02569972,-7.330880898999965],[114.0108425540001,-7.386416305999944],[113.941891066,-7.410735573999943],[114.0043862990001,-7.398283411999955],[113.989811301,-7.41168797499995],[114.0161086930001,-7.412210625999933],[114.033704423,-7.397962596999946],[114.0416670000001,-7.412075606999963],[114.0416670000001,-7.387499999999932],[114.070408,-7.374997436999934],[114.070408,-7.361526841999932],[114.0429835150001,-7.375080152999942],[114.0571184790001,-7.362080126999956]]],[[[114.0334768050001,-7.35341260499996],[114.0211494870001,-7.382781038999951],[114.0334768050001,-7.35341260499996]]],[[[114.0260701770001,-7.39063546899996],[114.0166218940001,-7.400152023999965],[114.0260701770001,-7.39063546899996]]],[[[114.0161159370001,-7.399790455999948],[114.0070596190001,-7.405089981999936],[114.0161159370001,-7.399790455999948]]]]}},{"type":"Feature","properties":{"name":"Zona Perikanan Tangkap","fillColor":"#6191c9","fillOpacity":0.55},"geometry":{"type":"Polygon","coordinates":[[[114.095811205,-7.356074274999969],[114.178440914,-7.278939087999959],[114.1977211540001,-7.255032999999969],[114.1860967680001,-7.255032999999969],[114.0758826700001,-7.358040345999939],[114.117061,-7.358542837999948],[114.274612045,-7.304253725999956],[114.272455625,-7.295432999999946],[114.095811205,-7.356074274999969]]]}},{"type":"Feature","properties":{"name":"Zona Perikanan Tangkap","fillColor":"#6191c9","fillOpacity":0.55},"geometry":{"type":"Polygon","coordinates":[[[114.9137936540001,-7.250905964999959],[114.891517979,-7.266873913999973],[114.8505229880001,-7.26784392999997],[114.8505698160001,-7.276886058999935],[114.8698862790001,-7.276773580999929],[114.8506384740001,-7.290143428999954],[114.921860216,-7.27304079299995],[114.9345079230001,-7.258930300999964],[114.9137936540001,-7.250905964999959]]]}},{"type":"Feature","properties":{"name":"Zona Perikanan Tangkap","fillColor":"#6191c9","fillOpacity":0.55},"geometry":{"type":"Polygon","coordinates":[[[114.7967147210001,-7.187838171999942],[114.7966972950001,-7.178207875999931],[114.735064768,-7.200891379999973],[114.5515202140001,-7.199989766999977],[114.4412609300001,-7.237642430999927],[114.5528541850001,-7.20899723399998],[114.7266371840001,-7.209890449999932],[114.7368208910001,-7.250156533999927],[114.7701068020001,-7.269365896999943],[114.740336981,-7.238855537999939],[114.7356913420001,-7.209936986999935],[114.7967147210001,-7.187838171999942]]]}},{"type":"Feature","properties":{"name":"Zona Perikanan Tangkap","fillColor":"#6191c9","fillOpacity":0.55},"geometry":{"type":"Polygon","coordinates":[[[114.9726200550001,-7.123713176999956],[115.0416670000001,-7.098455248999926],[115.0416670000001,-7.088825712999949],[114.942778081,-7.124999999999943],[114.9726200550001,-7.123713176999956]]]}},{"type":"Feature","properties":{"name":"Zona Perikanan Tangkap","fillColor":"#6191c9","fillOpacity":0.55},"geometry":{"type":"Polygon","coordinates":[[[115.7245442940001,-7.092217454999968],[115.6988440380001,-7.109340109999948],[115.616667,-7.107450981999932],[115.616667,-7.116495678999968],[115.7019294630001,-7.118324847999929],[115.7245442940001,-7.092217454999968]]]}},{"type":"Feature","properties":{"name":"Zona Perikanan Tangkap","fillColor":"#6191c9","fillOpacity":0.55},"geometry":{"type":"Polygon","coordinates":[[[115.9283076680001,-6.966463388999955],[115.9151994680001,-6.990222360999951],[115.9283076680001,-6.966463388999955]]]}},{"type":"Feature","properties":{"name":"Zona Perikanan Tangkap","fillColor":"#6191c9","fillOpacity":0.55},"geometry":{"type":"Polygon","coordinates":[[[113.1298619840001,-7.347239326999954],[113.1020007310001,-7.329029544999969],[113.0608312740001,-7.334175727999934],[113.0086163890001,-7.37985916599996],[112.98816435,-7.359172349999938],[112.916687936,-7.359485999999947],[112.916721508,-7.407713127999955],[112.9222136130001,-7.364082500999928],[112.952382961,-7.395237437999981],[113.0000000000001,-7.383332999999936],[113.0913731380001,-7.393831785999964],[113.1298619840001,-7.347239326999954]]]}},{"type":"Feature","properties":{"name":"Zona Perikanan Tangkap","fillColor":"#6191c9","fillOpacity":0.55},"geometry":{"type":"Polygon","coordinates":[[[113.012656426,-7.32823789899993],[113.038535354,-7.33209220699996],[113.012656426,-7.32823789899993]]]}},{"type":"Feature","properties":{"name":"Zona Perikanan Tangkap","fillColor":"#6191c9","fillOpacity":0.55},"geometry":{"type":"Polygon","coordinates":[[[113.2609010440001,-7.359671826999943],[113.17557088,-7.395505191999973],[113.208715696,-7.396163933999958],[113.2608022840001,-7.371726639999963],[113.2609010440001,-7.359671826999943]]]}},{"type":"Feature","properties":{"name":"Zona Perikanan Tangkap","fillColor":"#6191c9","fillOpacity":0.55},"geometry":{"type":"Polygon","coordinates":[[[113.3008798870001,-7.364401397999927],[113.3086145300001,-7.358512296999947],[113.292628472,-7.358512793999978],[113.292628473,-7.37068396199993],[113.3008798870001,-7.364401397999927]]]}},{"type":"Feature","properties":{"name":"Zona Perikanan Tangkap","fillColor":"#6191c9","fillOpacity":0.55},"geometry":{"type":"Polygon","coordinates":[[[113.3930948460001,-7.36720027399997],[113.3930884790001,-7.358509673999947],[113.323550637,-7.358511833999955],[113.2724361750001,-7.397430358999941],[113.393118165,-7.399030624999966],[113.3930948460001,-7.36720027399997]]]}},{"type":"Feature","properties":{"name":"Zona Perikanan Tangkap","fillColor":"#6191c9","fillOpacity":0.55},"geometry":{"type":"Polygon","coordinates":[[[113.1746998630001,-7.355685896999944],[113.1671173970001,-7.310176728999977],[113.138375566,-7.341867721999961],[113.150541735,-7.346161663999965],[113.1605286250001,-7.392769330999954],[113.231611668,-7.358514688999946],[113.1746998630001,-7.355685896999944]]]}},{"type":"Feature","properties":{"name":"Zona Perikanan Tangkap","fillColor":"#6191c9","fillOpacity":0.55},"geometry":{"type":"Polygon","coordinates":[[[114.587986061,-7.544392237999944],[114.512528468,-7.495526163999955],[114.423956739,-7.484064588999956],[114.4239948530001,-7.521085358999926],[114.4630656160001,-7.544499056999939],[114.5002690000001,-7.544460999999956],[114.499989,-7.561918999999932],[114.603168747,-7.561918999999932],[114.587986061,-7.544392237999944]]]}},{"type":"Feature","properties":{"name":"Zona Perikanan Tangkap","fillColor":"#6191c9","fillOpacity":0.55},"geometry":{"type":"Polygon","coordinates":[[[114.1029054850001,-7.413932304999946],[114.0805600000001,-7.40788575199997],[114.1029054850001,-7.413932304999946]]]}},{"type":"Feature","properties":{"name":"Zona Perikanan Tangkap","fillColor":"#6191c9","fillOpacity":0.55},"geometry":{"type":"Polygon","coordinates":[[[114.0043862990001,-7.398283411999955],[113.967630803,-7.411247142999969],[114.0043862990001,-7.398283411999955]]]}},{"type":"Feature","properties":{"name":"Zona Perikanan Tangkap","fillColor":"#6191c9","fillOpacity":0.55},"geometry":{"type":"Polygon","coordinates":[[[114.033704423,-7.397962596999946],[114.0161086930001,-7.412210625999933],[114.0337790120001,-7.412561817999972],[114.033704423,-7.397962596999946]]]}},{"type":"Feature","properties":{"name":"Zona Perikanan Tangkap","fillColor":"#6191c9","fillOpacity":0.55},"geometry":{"type":"Polygon","coordinates":[[[114.0301529120001,-7.389195480999945],[114.0166218940001,-7.400152023999965],[114.0301529120001,-7.389195480999945]]]}},{"type":"Feature","properties":{"name":"Zona Perikanan Tangkap","fillColor":"#6191c9","fillOpacity":0.55},"geometry":{"type":"Polygon","coordinates":[[[114.080579252,-7.404456247999974],[114.133485175,-7.387499999999932],[114.0805600000001,-7.387499999999932],[114.080579252,-7.404456247999974]]]}},{"type":"Feature","properties":{"name":"Zona Perikanan Tangkap","fillColor":"#6191c9","fillOpacity":0.55},"geometry":{"type":"Polygon","coordinates":[[[114.0648759970001,-7.387499999999932],[114.070408,-7.374997436999934],[114.048218826,-7.387499999999932],[114.0648759970001,-7.387499999999932]]]}},{"type":"Feature","properties":{"name":"Zona Perikanan Tangkap","fillColor":"#6191c9","fillOpacity":0.55},"geometry":{"type":"Polygon","coordinates":[[[114.0213000010001,-7.382727952999971],[114.0335689340001,-7.371444269999927],[114.0333909860001,-7.336616106999941],[114.0213000010001,-7.382727952999971]]]}},{"type":"Feature","properties":{"name":"Zona Perikanan Tangkap","fillColor":"#6191c9","fillOpacity":0.55},"geometry":{"type":"Polygon","coordinates":[[[114.0108425540001,-7.386416305999944],[114.02569972,-7.330880898999965],[113.991808074,-7.35849107699994],[113.930553667,-7.372646664999934],[113.930554945,-7.390622500999939],[113.898852278,-7.390621388999932],[113.898852278,-7.358973608999975],[113.9387557430001,-7.358492726999941],[113.8773000000001,-7.358494633999953],[113.8772,-7.369710999999938],[113.8533610000001,-7.369668999999931],[113.8533727690001,-7.35849537699994],[113.778231,-7.358497710999927],[113.778231,-7.367138999999952],[113.687981,-7.367068999999958],[113.687981,-7.397118999999975],[113.6003585450001,-7.403947717999927],[113.7388110000001,-7.406699419999939],[113.7388110000001,-7.387499999999932],[113.827844722,-7.38767293799998],[113.827844722,-7.369919685999946],[113.8595391670001,-7.369919685999946],[113.864890636,-7.387744895999958],[113.8882830000001,-7.391227999999956],[113.8883359250001,-7.409671180999965],[113.941891066,-7.410735573999943],[114.0108425540001,-7.386416305999944]]]}},{"type":"Feature","properties":{"name":"Zona Perikanan Tangkap","fillColor":"#6191c9","fillOpacity":0.55},"geometry":{"type":"Polygon","coordinates":[[[114.2901555560001,-7.313675408999927],[114.274633866,-7.304246255999942],[114.1791774860001,-7.329288492999979],[114.117061,-7.365618999999981],[114.1690750930001,-7.365628105999974],[114.205282438,-7.329660400999956],[114.3334998170001,-7.378014433999965],[114.3334627850001,-7.32842011799994],[114.321849967,-7.32375335699993],[114.2901555560001,-7.323388807999947],[114.2720866670001,-7.330527566999933],[114.2720866670001,-7.347643433999963],[114.2403922240001,-7.347643431999927],[114.2403922240001,-7.315994891999935],[114.2901555560001,-7.313675408999927]]]}},{"type":"Feature","properties":{"name":"Zona Perikanan Tangkap","fillColor":"#6191c9","fillOpacity":0.55},"geometry":{"type":"Polygon","coordinates":[[[114.3334383590001,-7.295707986999957],[114.3334297050001,-7.284117436999964],[114.2961002320001,-7.296897222999974],[114.32185,-7.296897222999974],[114.32185,-7.313983478999944],[114.3334555680001,-7.318755418999956],[114.3334383590001,-7.295707986999957]]]}},{"type":"Feature","properties":{"name":"Zona Perikanan Tangkap","fillColor":"#6191c9","fillOpacity":0.55},"geometry":{"type":"Polygon","coordinates":[[[114.8554766190001,-7.280752364999955],[114.8698862790001,-7.276773580999929],[114.8554766190001,-7.280752364999955]]]}},{"type":"Feature","properties":{"name":"Zona Perikanan Tangkap","fillColor":"#6191c9","fillOpacity":0.55},"geometry":{"type":"Polygon","coordinates":[[[114.667114907,-7.371017097999982],[114.8389766360001,-7.324733378999952],[114.8387789410001,-7.304990979999957],[114.8819697810001,-7.304911448999974],[114.921860216,-7.27304079299995],[114.8506500000001,-7.292368999999951],[114.716730253,-7.299221949999946],[114.666798308,-7.315691663999928],[114.667114907,-7.371017097999982]]]}},{"type":"Feature","properties":{"name":"Zona Perikanan Tangkap","fillColor":"#6191c9","fillOpacity":0.55},"geometry":{"type":"Polygon","coordinates":[[[114.042584077,-7.363153079999961],[114.1601447800001,-7.255033001999948],[114.118803423,-7.255032999999969],[114.048210593,-7.312542180999969],[114.042584077,-7.363153079999961]]]}},{"type":"Feature","properties":{"name":"Zona Perikanan Tangkap","fillColor":"#6191c9","fillOpacity":0.55},"geometry":{"type":"Polygon","coordinates":[[[114.1860967680001,-7.255032999999969],[114.1735111190001,-7.255032999999969],[114.0429835150001,-7.375080152999942],[114.0922435250001,-7.347621079999954],[114.1860967680001,-7.255032999999969]]]}},{"type":"Feature","properties":{"name":"Zona Perikanan Tangkap","fillColor":"#6191c9","fillOpacity":0.55},"geometry":{"type":"Polygon","coordinates":[[[114.2237985530001,-7.255032999999969],[114.1977211540001,-7.255032999999969],[114.0944967630001,-7.356911371999956],[114.333422569,-7.274560939999958],[114.231986344,-7.304468716999963],[114.2237985530001,-7.255032999999969]]]}},{"type":"Feature","properties":{"name":"Zona Perikanan Tangkap","fillColor":"#6191c9","fillOpacity":0.55},"geometry":{"type":"Polygon","coordinates":[[[114.9000000000001,-7.23685975799998],[114.872419,-7.236388999999974],[114.872469,-7.261238999999932],[114.8505229880001,-7.26784392999997],[114.891517979,-7.266873913999973],[114.9137936540001,-7.250905964999959],[114.9345079230001,-7.258930300999964],[114.9472722820001,-7.24166699999995],[114.9000000000001,-7.23685975799998]]]}},{"type":"Feature","properties":{"name":"Zona Perikanan Tangkap","fillColor":"#6191c9","fillOpacity":0.55},"geometry":{"type":"Polygon","coordinates":[[[115.1750000000001,-7.233332999999959],[115.083333,-7.233332999999959],[115.083333,-7.260461611999972],[115.1392722290001,-7.286058933999925],[115.2,-7.293737054999951],[115.2,-7.249999999999943],[115.1750000000001,-7.249999999999943],[115.1750000000001,-7.233332999999959]]]}},{"type":"Feature","properties":{"name":"Zona Perikanan Tangkap","fillColor":"#6191c9","fillOpacity":0.55},"geometry":{"type":"Polygon","coordinates":[[[114.7287904240001,-7.234444541999949],[114.7266371840001,-7.209890449999932],[114.5528541850001,-7.20899723399998],[114.4692112700001,-7.237632473999952],[114.6666894700001,-7.237562128999969],[114.6667850480001,-7.306173175999959],[114.7701306920001,-7.286538529999973],[114.7701068020001,-7.269365896999943],[114.7287904240001,-7.234444541999949]]]}},{"type":"Feature","properties":{"name":"Zona Perikanan Tangkap","fillColor":"#6191c9","fillOpacity":0.55},"geometry":{"type":"Polygon","coordinates":[[[114.7967147210001,-7.187838171999942],[114.7356913420001,-7.209936986999935],[114.740336981,-7.238855537999939],[114.7578047870001,-7.256142130999933],[114.7968390000001,-7.256518999999969],[114.7967147210001,-7.187838171999942]]]}},{"type":"Feature","properties":{"name":"Zona Perikanan Tangkap","fillColor":"#6191c9","fillOpacity":0.55},"geometry":{"type":"Polygon","coordinates":[[[114.7966972950001,-7.178207875999931],[114.7966610000001,-7.158149999999978],[114.6897029530001,-7.158149999999978],[114.670667264,-7.178483491999941],[114.601097771,-7.178513236999947],[114.525668859,-7.160667279999927],[114.4503300020001,-7.167670554999972],[114.4489942070001,-7.158175485999948],[114.3964214700001,-7.158243268999968],[114.4070104650001,-7.167706088999978],[114.390684996,-7.193314510999926],[114.3234853480001,-7.182875413999966],[114.3235144080001,-7.229371620999927],[114.4412609300001,-7.237642430999927],[114.551324999,-7.200019772999951],[114.735064768,-7.200891379999973],[114.7966972950001,-7.178207875999931]]]}},{"type":"Feature","properties":{"name":"Zona Perikanan Tangkap","fillColor":"#6191c9","fillOpacity":0.55},"geometry":{"type":"Polygon","coordinates":[[[114.2839610000001,-7.143925121999928],[114.275568934,-7.128636595999978],[114.256267276,-7.143929413999956],[114.2839610000001,-7.143925121999928]]]}},{"type":"Feature","properties":{"name":"Zona Perikanan Tangkap","fillColor":"#6191c9","fillOpacity":0.55},"geometry":{"type":"Polygon","coordinates":[[[116.2527058590001,-7.151104519999933],[116.310939112,-7.142796700999952],[116.3525000000001,-7.105555999999979],[116.243056,-7.105555999999979],[116.243056,-7.15102484199997],[116.2527058590001,-7.151104519999933]]]}},{"type":"Feature","properties":{"name":"Zona Perikanan Tangkap","fillColor":"#6191c9","fillOpacity":0.55},"geometry":{"type":"Polygon","coordinates":[[[115.0250000000001,-7.124999999999943],[115.0250000000001,-7.108332999999959],[115.0416670000001,-7.108332999999959],[115.0416670000001,-7.098455248999926],[114.9691022980001,-7.125000000999933],[115.0250000000001,-7.124999999999943]]]}},{"type":"Feature","properties":{"name":"Zona Perikanan Tangkap","fillColor":"#6191c9","fillOpacity":0.55},"geometry":{"type":"Polygon","coordinates":[[[114.3826610000001,-7.096960999999965],[114.374419063,-7.096977772999935],[114.3821749210001,-7.122696679999933],[114.3826610000001,-7.096960999999965]]]}},{"type":"Feature","properties":{"name":"Zona Perikanan Tangkap","fillColor":"#6191c9","fillOpacity":0.55},"geometry":{"type":"Polygon","coordinates":[[[115.726679674,-7.107705725999949],[115.7245442940001,-7.092217454999968],[115.702310871,-7.118222762999949],[115.616667,-7.116495678999968],[115.616667,-7.124999999999943],[115.6666670000001,-7.124999999999943],[115.6666690000001,-7.174999999999955],[115.7246364790001,-7.174999999999955],[115.726679674,-7.107705725999949]]]}},{"type":"Feature","properties":{"name":"Zona Perikanan Tangkap","fillColor":"#6191c9","fillOpacity":0.55},"geometry":{"type":"Polygon","coordinates":[[[115.591667,-7.061348758999941],[115.6,-7.099999999999966],[115.616667,-7.107450981999932],[115.6988440380001,-7.109340109999948],[115.7156803050001,-7.088762638999981],[115.591667,-7.061348758999941]]]}},{"type":"Feature","properties":{"name":"Zona Perikanan Tangkap","fillColor":"#6191c9","fillOpacity":0.55},"geometry":{"type":"Polygon","coordinates":[[[114.9926002400001,-7.062254817999928],[114.9807305400001,-7.024999999999977],[114.9166670000001,-7.024999999999977],[114.9166670000001,-7.049999999999955],[114.9000000000001,-7.049999999999955],[114.9000000000001,-7.124999999999943],[114.942778081,-7.124999999999943],[115.0416670000001,-7.088825712999949],[115.0416670000001,-7.033332999999971],[115.0000000000001,-7.029532900999925],[114.9926002400001,-7.062254817999928]]]}},{"type":"Feature","properties":{"name":"Zona Perikanan Tangkap","fillColor":"#6191c9","fillOpacity":0.55},"geometry":{"type":"Polygon","coordinates":[[[115.35,-6.999999999999943],[115.3417099500001,-6.993855865999933],[115.35,-6.999999999999943]]]}},{"type":"Feature","properties":{"name":"Zona Perikanan Tangkap","fillColor":"#6191c9","fillOpacity":0.55},"geometry":{"type":"Polygon","coordinates":[[[115.449980706,-6.931752206999931],[115.4406437010001,-6.948374523999973],[115.431304316,-6.950307836999968],[115.427954135,-6.932561657999941],[115.4201970930001,-6.940271110999959],[115.4201902900001,-6.966666999999973],[115.4667440090001,-6.966666999999973],[115.4686484580001,-6.933486531999961],[115.449980706,-6.931752206999931]]]}},{"type":"Feature","properties":{"name":"Zona Perikanan Tangkap","fillColor":"#6191c9","fillOpacity":0.55},"geometry":{"type":"MultiPolygon","coordinates":[[[[115.3930161610001,-6.916872176999959],[115.3743613,-6.933309220999945],[115.3494920590001,-6.933685493999974],[115.4077492980001,-6.966666999999973],[115.3930161610001,-6.916872176999959]]],[[[115.3808373000001,-6.930130259999942],[115.391814799,-6.941712971999948],[115.3808373000001,-6.930130259999942]]]]}},{"type":"Feature","properties":{"name":"Zona Perikanan Tangkap","fillColor":"#6191c9","fillOpacity":0.55},"geometry":{"type":"Polygon","coordinates":[[[115.737996175,-6.910942086999967],[115.7423346390001,-6.899999999999977],[115.567868319,-6.899999999999977],[115.6136566250001,-6.935433642999953],[115.641711244,-6.914767024999946],[115.731750269,-6.93176138299998],[115.737996175,-6.910942086999967]]]}},{"type":"Feature","properties":{"name":"Zona Perikanan Tangkap","fillColor":"#6191c9","fillOpacity":0.55},"geometry":{"type":"Polygon","coordinates":[[[116.4083330000001,-7.008888999999954],[116.4083330000001,-6.938888999999961],[116.4714289130001,-6.938888999999961],[116.4616763080001,-6.877777999999978],[116.358333,-6.877777999999978],[116.358333,-7.008888999999954],[116.4083330000001,-7.008888999999954]]]}},{"type":"Feature","properties":{"name":"Zona Perikanan Tangkap","fillColor":"#6191c9","fillOpacity":0.55},"geometry":{"type":"Polygon","coordinates":[[[115.5333330000001,-6.867343183999935],[115.5333330000001,-6.849999999999966],[115.478008229,-6.849999999999966],[115.5666670000001,-6.899155490999931],[115.5666670000001,-6.874999999999943],[115.5333330000001,-6.867343183999935]]]}},{"type":"Feature","properties":{"name":"Zona Perikanan Tangkap","fillColor":"#6191c9","fillOpacity":0.55},"geometry":{"type":"Polygon","coordinates":[[[115.466667,-6.835663290999946],[115.4324906100001,-6.833332999999925],[115.466667,-6.845358059999967],[115.466667,-6.835663290999946]]]}},{"type":"Feature","properties":{"name":"Zona Perikanan Tangkap","fillColor":"#6191c9","fillOpacity":0.55},"geometry":{"type":"Polygon","coordinates":[[[115.2500000000001,-6.812731837999934],[115.2500000000001,-6.799999999999955],[115.0500000000001,-6.799999999999955],[115.0500000000001,-6.974999999999966],[115.216667,-6.974999999999966],[115.216667,-6.999999999999943],[115.257554237,-6.999999999999943],[115.226970764,-6.953531306999935],[115.1892587950001,-6.928991550999967],[115.1698780080001,-6.92900171499997],[115.1697478540001,-6.961921483999959],[115.0890891820001,-6.961852657999941],[115.2014843300001,-6.868731453999942],[115.2346045930001,-6.857407425999952],[115.234441263,-6.842287345999978],[115.23056667,-6.85062222199997],[115.2272459410001,-6.839052774999971],[115.212675577,-6.84031273599993],[115.220904954,-6.826756590999935],[115.3093870610001,-6.817749231999926],[115.4000000000001,-6.825290736999932],[115.4000000000001,-6.816666999999939],[115.2500000000001,-6.812731837999934]]]}},{"type":"Feature","properties":{"name":"Zona Perikanan Tangkap","fillColor":"#6191c9","fillOpacity":0.55},"geometry":{"type":"Polygon","coordinates":[[[115.9757970000001,-6.791777999999965],[115.9416670000001,-6.791777999999965],[115.9416670000001,-6.808332999999948],[115.9000000000001,-6.816666999999939],[115.9000000000001,-6.899999999999977],[115.8717055500001,-6.899999999999977],[115.871269822,-6.926307125999926],[115.953886011,-6.939515171999972],[115.952532805,-6.962140903999966],[115.9312840010001,-6.961378999999965],[115.9151994680001,-6.990222360999951],[115.9154521930001,-7.174999999999955],[115.9210459120001,-7.11345529099998],[116.0370371160001,-7.113681393999968],[116.0368824220001,-7.174999999999955],[116.101065639,-7.174999999999955],[116.108200406,-7.101839328999972],[116.1897220000001,-7.143048731999954],[116.1897220000001,-7.070277999999973],[116.1750000000001,-7.070277999999973],[116.1750000000001,-7.021666999999979],[116.144444,-7.021666999999979],[116.144444,-6.983332999999959],[116.0666670000001,-6.983332999999959],[116.0666670000001,-6.938888999999961],[116.0166670000001,-6.938888999999961],[116.0166670000001,-6.861110999999937],[115.9757970000001,-6.861110999999937],[115.9757970000001,-6.791777999999965]]]}},{"type":"Feature","properties":{"name":"Zona Perikanan Tangkap","fillColor":"#6191c9","fillOpacity":0.55},"geometry":{"type":"Polygon","coordinates":[[[116.1117282880001,-6.905555999999933],[116.1944440000001,-6.905555999999933],[116.1944440000001,-6.861110999999937],[116.2666670000001,-6.861110999999937],[116.2666670000001,-6.813332999999943],[116.4185465740001,-6.802777999999932],[116.366667,-6.75966210699994],[116.2666670000001,-6.766666999999927],[116.2666670000001,-6.783332999999971],[116.233333,-6.783332999999971],[116.233333,-6.816666999999939],[116.1777780000001,-6.816666999999939],[116.1777780000001,-6.860946999999953],[116.1111110000001,-6.861110999999937],[116.1117282880001,-6.905555999999933]]]}},{"type":"Feature","properties":{"name":"Zona Perikanan Tangkap","fillColor":"#6191c9","fillOpacity":0.55},"geometry":{"type":"Polygon","coordinates":[[[114.6247361290001,-8.91117614899997],[114.638012308,-8.904661548999968],[114.623413525,-8.90174570399995],[114.608406295,-8.907970359999979],[114.6247361290001,-8.91117614899997]]]}},{"type":"Feature","properties":{"name":"Zona Perikanan Tangkap","fillColor":"#6191c9","fillOpacity":0.55},"geometry":{"type":"Polygon","coordinates":[[[114.267044596,-8.785354780999967],[114.2565665500001,-8.774375569999961],[114.267044596,-8.785354780999967]]]}},{"type":"Feature","properties":{"name":"Zona Perikanan Tangkap","fillColor":"#6191c9","fillOpacity":0.55},"geometry":{"type":"Polygon","coordinates":[[[114.0994458770001,-8.75638095499994],[114.019362394,-8.731762577999973],[114.0994458770001,-8.75638095499994]]]}},{"type":"Feature","properties":{"name":"Zona Perikanan Tangkap","fillColor":"#6191c9","fillOpacity":0.55},"geometry":{"type":"Polygon","coordinates":[[[113.523632184,-8.508537192999938],[113.5069275940001,-8.511197774999971],[113.523632184,-8.508537192999938]]]}},{"type":"Feature","properties":{"name":"Zona Perikanan Tangkap","fillColor":"#6191c9","fillOpacity":0.55},"geometry":{"type":"Polygon","coordinates":[[[113.4537386200001,-8.435587597999927],[113.4441795360001,-8.422870244999956],[113.4537386200001,-8.435587597999927]]]}},{"type":"Feature","properties":{"name":"Zona Perikanan Tangkap","fillColor":"#6191c9","fillOpacity":0.55},"geometry":{"type":"Polygon","coordinates":[[[114.365896796,-8.911707681999928],[114.2047000790001,-8.88765338099995],[114.218249332,-8.899377253999944],[114.463946121,-8.93761216799993],[114.5723070360001,-8.932063601999971],[114.624646435,-8.911214037999969],[114.4642190870001,-8.92855082799997],[114.365896796,-8.911707681999928]]]}},{"type":"Feature","properties":{"name":"Zona Perikanan Tangkap","fillColor":"#6191c9","fillOpacity":0.55},"geometry":{"type":"Polygon","coordinates":[[[114.2576959500001,-8.783742527999948],[114.2565665500001,-8.774375569999961],[114.0621286710001,-8.74031875199995],[114.2576959500001,-8.783742527999948]]]}},{"type":"Feature","properties":{"name":"Zona Perikanan Tangkap","fillColor":"#6191c9","fillOpacity":0.55},"geometry":{"type":"Polygon","coordinates":[[[114.059355663,-8.748976684999946],[113.8268199490001,-8.678313640999932],[113.8261182780001,-8.687407509999957],[114.059355663,-8.748976684999946]]]}},{"type":"Feature","properties":{"name":"Zona Perikanan Tangkap","fillColor":"#6191c9","fillOpacity":0.55},"geometry":{"type":"Polygon","coordinates":[[[113.9285632330001,-8.597783757999935],[113.9514214220001,-8.571448185999941],[113.908133065,-8.597132691999946],[113.8337791180001,-8.588120654999955],[113.8330787210001,-8.597198018999961],[113.899533657,-8.60704820799998],[113.9285632330001,-8.597783757999935]]]}},{"type":"Feature","properties":{"name":"Zona Perikanan Tangkap","fillColor":"#6191c9","fillOpacity":0.55},"geometry":{"type":"Polygon","coordinates":[[[114.714789576,-8.850276546999964],[114.7426708940001,-8.78877102399997],[114.7506651570001,-8.699395798999944],[114.727225016,-8.649428528999977],[114.6702640730001,-8.580475974999956],[114.612555507,-8.536656017999974],[114.7196031950001,-8.654432628999928],[114.7418538830001,-8.70189741799993],[114.733837482,-8.786637336999945],[114.7211780240001,-8.830186364999975],[114.7021399720001,-8.850519672999951],[114.26591509,-8.775988798999947],[114.267044713,-8.785355753999966],[114.6947349730001,-8.858428471999957],[114.623413525,-8.90174570399995],[114.638012308,-8.904661548999968],[114.70544399,-8.860258150999925],[114.7596229550001,-8.869514865999975],[114.764659206,-8.86120134999993],[114.714789576,-8.850276546999964]]]}},{"type":"Feature","properties":{"name":"Zona Perikanan Tangkap","fillColor":"#6191c9","fillOpacity":0.55},"geometry":{"type":"Polygon","coordinates":[[[114.5226552800001,-8.495629924999946],[114.5142986860001,-8.482678280999949],[114.512729117,-8.553915158999928],[114.580939886,-8.529885626999942],[114.540211385,-8.527547831999925],[114.5200639550001,-8.540987453999946],[114.5226552800001,-8.495629924999946]]]}},{"type":"Feature","properties":{"name":"Zona Perikanan Tangkap","fillColor":"#6191c9","fillOpacity":0.55},"geometry":{"type":"Polygon","coordinates":[[[114.4191000020001,-8.155052258999945],[114.418233274,-8.127889496999956],[114.4191000020001,-8.155052258999945]]]}},{"type":"Feature","properties":{"name":"Zona Perikanan Tangkap","fillColor":"#6191c9","fillOpacity":0.55},"geometry":{"type":"Polygon","coordinates":[[[114.4185735870001,-8.119382368999936],[114.4255945640001,-8.095364699999948],[114.4185735870001,-8.119382368999936]]]}},{"type":"Feature","properties":{"name":"Zona Perikanan Tangkap","fillColor":"#6191c9","fillOpacity":0.55},"geometry":{"type":"Polygon","coordinates":[[[112.0803641580001,-8.502309164999929],[112.08509326,-8.493255505999969],[112.0453662130001,-8.493355625999925],[112.046209888,-8.502395239999942],[112.0803641580001,-8.502309164999929]]]}},{"type":"Feature","properties":{"name":"Zona Perikanan Tangkap","fillColor":"#6191c9","fillOpacity":0.55},"geometry":{"type":"Polygon","coordinates":[[[112.35789634,-8.479409076999957],[112.041550442,-8.452471324999976],[112.042403184,-8.461608073999969],[112.3579458360001,-8.488489521999952],[112.35789634,-8.479409076999957]]]}},{"type":"Feature","properties":{"name":"Zona Perikanan Tangkap","fillColor":"#6191c9","fillOpacity":0.55},"geometry":{"type":"Polygon","coordinates":[[[112.357637927,-8.432001193999952],[112.035563528,-8.388324159999968],[112.0403474530001,-8.398469313999954],[112.288370899,-8.433411383999953],[112.3576874930001,-8.441094445999966],[112.357637927,-8.432001193999952]]]}},{"type":"Feature","properties":{"name":"Zona Perikanan Tangkap","fillColor":"#6191c9","fillOpacity":0.55},"geometry":{"type":"Polygon","coordinates":[[[113.6812905830001,-8.611189648999925],[113.5007275040001,-8.58951540499993],[113.5017245370001,-8.59879901499994],[113.5421041420001,-8.604687708999961],[113.7217454930001,-8.62117560799993],[113.762429867,-8.66079183599993],[113.8261182780001,-8.687407509999957],[113.8268199490001,-8.678313640999932],[113.767503042,-8.65326622799995],[113.734045311,-8.61737678399993],[113.6812905830001,-8.611189648999925]]]}},{"type":"Feature","properties":{"name":"Zona Perikanan Tangkap","fillColor":"#6191c9","fillOpacity":0.55},"geometry":{"type":"Polygon","coordinates":[[[113.497186894,-8.531879585999945],[113.516130308,-8.515158853999935],[113.49358154,-8.522977740999977],[113.497186894,-8.531879585999945]]]}},{"type":"Feature","properties":{"name":"Zona Perikanan Tangkap","fillColor":"#6191c9","fillOpacity":0.55},"geometry":{"type":"Polygon","coordinates":[[[113.553995263,-8.468543237999938],[113.4531930610001,-8.42585179799994],[113.453740905,-8.435590785999977],[113.5475831590001,-8.475312919999965],[113.5144295270001,-8.504576153999949],[113.523632184,-8.508537192999938],[113.555834157,-8.480113561999929],[113.6707285750001,-8.548041103999935],[113.8330787210001,-8.597198018999961],[113.8337791180001,-8.588120654999955],[113.6632484630001,-8.534890498999971],[113.5629435300001,-8.473838351999973],[113.6022035640001,-8.436106202999952],[113.553995263,-8.468543237999938]]]}},{"type":"Feature","properties":{"name":"Zona Perikanan Tangkap","fillColor":"#6191c9","fillOpacity":0.55},"geometry":{"type":"Polygon","coordinates":[[[113.354005518,-8.398904198999958],[113.2817321660001,-8.38693761999997],[113.2795220950001,-8.395725887999959],[113.4439596140001,-8.432314019999978],[113.4441795360001,-8.422870244999956],[113.3790545380001,-8.404729457999963],[113.38526072,-8.395307911999964],[113.354005518,-8.398904198999958]]]}},{"type":"Feature","properties":{"name":"Zona Perikanan Tangkap","fillColor":"#6191c9","fillOpacity":0.55},"geometry":{"type":"Polygon","coordinates":[[[113.0432469140001,-8.556203773999925],[113.0544622960001,-8.548296308999966],[112.9741384130001,-8.540189002999966],[112.974775376,-8.549341339999955],[113.0432469140001,-8.556203773999925]]]}},{"type":"Feature","properties":{"name":"Zona Perikanan Tangkap","fillColor":"#6191c9","fillOpacity":0.55},"geometry":{"type":"Polygon","coordinates":[[[113.210496624,-8.37424048899993],[113.1245741130001,-8.36560131999994],[113.0320428540001,-8.379155707999928],[112.980718785,-8.403463329999965],[112.967859994,-8.449976318999973],[112.9925015890001,-8.405047589999981],[113.0673605330001,-8.37997121799998],[113.1534132840001,-8.375187173999961],[113.2795220950001,-8.395725887999959],[113.2817321660001,-8.38693761999997],[113.210496624,-8.37424048899993]]]}},{"type":"Feature","properties":{"name":"Zona Perikanan Tangkap","fillColor":"#6191c9","fillOpacity":0.55},"geometry":{"type":"Polygon","coordinates":[[[111.368816839,-8.45450213199996],[110.8541409870001,-8.366341918999979],[110.8514774480001,-8.37507057099998],[111.368816839,-8.45450213199996]]]}},{"type":"Feature","properties":{"name":"Zona Perikanan Tangkap","fillColor":"#6191c9","fillOpacity":0.55},"geometry":{"type":"MultiPolygon","coordinates":[[[[110.8747876740001,-8.319966693999959],[110.865072001,-8.330509586999938],[111.0036189460001,-8.360089666999954],[111.4031753290001,-8.39850079799993],[111.4032017660001,-8.389384175999965],[111.3320779840001,-8.380040680999969],[111.4032111240001,-8.386156956999969],[111.4032374240001,-8.37708767099997],[110.8747876740001,-8.319966693999959]]],[[[111.111833446,-8.360332134999965],[110.9220801860001,-8.335299584999973],[111.111833446,-8.360332134999965]]]]}},{"type":"Feature","properties":{"name":"Zona Perikanan Tangkap","fillColor":"#6191c9","fillOpacity":0.55},"geometry":{"type":"Polygon","coordinates":[[[115.0893705860001,-7.225551262999943],[115.05261694,-7.235699663999981],[115.0893705860001,-7.225551262999943]]]}},{"type":"Feature","properties":{"name":"Zona Perikanan Tangkap","fillColor":"#6191c9","fillOpacity":0.55},"geometry":{"type":"Polygon","coordinates":[[[115.1214413380001,-7.207314384999961],[115.0863556730001,-7.217002212999944],[115.1214413380001,-7.207314384999961]]]}},{"type":"Feature","properties":{"name":"Zona Perikanan Tangkap","fillColor":"#6191c9","fillOpacity":0.55},"geometry":{"type":"Polygon","coordinates":[[[115.541448079,-7.184988952999959],[115.1926385190001,-7.197185159999947],[115.12329449,-7.216184209999938],[115.4753250230001,-7.188703670999928],[115.742433642,-7.236355550999974],[115.7443055230001,-7.227508625999974],[115.541448079,-7.184988952999959]]]}},{"type":"Feature","properties":{"name":"Zona Perikanan Tangkap","fillColor":"#6191c9","fillOpacity":0.55},"geometry":{"type":"Polygon","coordinates":[[[111.7766267160001,-8.492566182999951],[111.7779710490001,-8.501713398999925],[111.855941107,-8.502866720999975],[111.8532237040001,-8.493830835999972],[111.7766267160001,-8.492566182999951]]]}},{"type":"Feature","properties":{"name":"Zona Perikanan Tangkap","fillColor":"#6191c9","fillOpacity":0.55},"geometry":{"type":"Polygon","coordinates":[[[111.8132910770001,-8.432352163999951],[111.8257771870001,-8.402565913999979],[111.79314829,-8.431964032999929],[111.747719804,-8.41608027999996],[111.755855603,-8.439110537999966],[111.786727592,-8.45021391499995],[111.790574479,-8.441836401999979],[111.8387240590001,-8.445616739999934],[111.8132910770001,-8.432352163999951]]]}},{"type":"Feature","properties":{"name":"Zona Perikanan Tangkap","fillColor":"#6191c9","fillOpacity":0.55},"geometry":{"type":"Polygon","coordinates":[[[111.4230840110001,-8.396556153999938],[111.4032017660001,-8.389384175999965],[111.4031753290001,-8.39850079799993],[111.4230840110001,-8.396556153999938]]]}},{"type":"Feature","properties":{"name":"Zona Perikanan Tangkap","fillColor":"#6191c9","fillOpacity":0.55},"geometry":{"type":"Polygon","coordinates":[[[111.4238685600001,-8.377860790999932],[111.4032374240001,-8.37708767099997],[111.4032111240001,-8.386156956999969],[111.4321446910001,-8.386881243999937],[111.4406899430001,-8.377756703999978],[111.4238685600001,-8.377860790999932]]]}},{"type":"Feature","properties":{"name":"Zona Perikanan Tangkap","fillColor":"#6191c9","fillOpacity":0.55},"geometry":{"type":"Polygon","coordinates":[[[111.7227331720001,-8.317633076999925],[111.7134275370001,-8.308244191999961],[111.7150044030001,-8.337970767999934],[111.7369801840001,-8.39802064099996],[111.7227331720001,-8.317633076999925]]]}},{"type":"Feature","properties":{"name":"Zona Perikanan Tangkap","fillColor":"#6191c9","fillOpacity":0.55},"geometry":{"type":"Polygon","coordinates":[[[111.8638938720001,-8.502849610999931],[112.046209888,-8.502395239999942],[112.0453662130001,-8.493355625999925],[111.8532237040001,-8.493830835999972],[111.8638938720001,-8.502849610999931]]]}},{"type":"Feature","properties":{"name":"Zona Perikanan Tangkap","fillColor":"#6191c9","fillOpacity":0.55},"geometry":{"type":"Polygon","coordinates":[[[112.041550442,-8.452471324999976],[111.8359304960001,-8.436327607999942],[111.8387240590001,-8.445616739999934],[112.042403184,-8.461608073999969],[112.041550442,-8.452471324999976]]]}},{"type":"Feature","properties":{"name":"Zona Perikanan Tangkap","fillColor":"#6191c9","fillOpacity":0.55},"geometry":{"type":"Polygon","coordinates":[[[111.9900454090001,-8.376316681999981],[111.8980125350001,-8.369787211999949],[111.8257771870001,-8.402565913999979],[111.8289772860001,-8.413206853999952],[111.8639934180001,-8.38853994599998],[111.9237920620001,-8.376543053999967],[112.036441886,-8.39773538299994],[112.035563528,-8.388324159999968],[111.9900454090001,-8.376316681999981]]]}},{"type":"Feature","properties":{"name":"Zona Perikanan Tangkap","fillColor":"#6191c9","fillOpacity":0.55},"geometry":{"type":"Polygon","coordinates":[[[114.705110708,-8.926928460999932],[114.7148421070001,-8.919498208999926],[114.624646435,-8.911214037999969],[114.705110708,-8.926928460999932]]]}},{"type":"Feature","properties":{"name":"Zona Perikanan Tangkap","fillColor":"#6191c9","fillOpacity":0.55},"geometry":{"type":"Polygon","coordinates":[[[114.2176995240001,-8.807280104999961],[114.0994643810001,-8.75638891899996],[114.05937624,-8.748985541999957],[114.2670926080001,-8.838349079999944],[114.608406295,-8.907970359999979],[114.623413525,-8.90174570399995],[114.2724564470001,-8.830230382999957],[114.267044713,-8.785355753999966],[114.257696621,-8.783748102999937],[114.2628786080001,-8.826726244999975],[114.2176995240001,-8.807280104999961]]]}},{"type":"Feature","properties":{"name":"Zona Perikanan Tangkap","fillColor":"#6191c9","fillOpacity":0.55},"geometry":{"type":"Polygon","coordinates":[[[114.0517156750001,-8.735836752999944],[113.8297531200001,-8.64029884699994],[113.829017451,-8.649833335999972],[114.019362394,-8.731762577999973],[114.0517156750001,-8.735836752999944]]]}},{"type":"Feature","properties":{"name":"Zona Perikanan Tangkap","fillColor":"#6191c9","fillOpacity":0.55},"geometry":{"type":"Polygon","coordinates":[[[114.0651673140001,-8.626582860999974],[114.068639768,-8.693568699999958],[114.0777276660001,-8.694389970999964],[114.0651673140001,-8.626582860999974]]]}},{"type":"Feature","properties":{"name":"Zona Perikanan Tangkap","fillColor":"#6191c9","fillOpacity":0.55},"geometry":{"type":"Polygon","coordinates":[[[114.2385760230001,-8.615081209999971],[114.2251178560001,-8.612213852999957],[114.2565665500001,-8.774375569999961],[114.26591509,-8.775988798999947],[114.2385760230001,-8.615081209999971]]]}},{"type":"Feature","properties":{"name":"Zona Perikanan Tangkap","fillColor":"#6191c9","fillOpacity":0.55},"geometry":{"type":"Polygon","coordinates":[[[114.443374015,-8.38843501699995],[114.4438001010001,-8.377622680999934],[114.374873415,-8.418986530999973],[114.347230059,-8.417937324999968],[114.3472276130001,-8.426985543999933],[114.3777930470001,-8.427732293999952],[114.443374015,-8.38843501699995]]]}},{"type":"Feature","properties":{"name":"Zona Perikanan Tangkap","fillColor":"#6191c9","fillOpacity":0.55},"geometry":{"type":"Polygon","coordinates":[[[114.402841082,-8.173144134999973],[114.387281838,-8.18942063999998],[114.414822433,-8.207090273999938],[114.412845338,-8.177411129999939],[114.402841082,-8.173144134999973]]]}},{"type":"Feature","properties":{"name":"Zona Perikanan Tangkap","fillColor":"#6191c9","fillOpacity":0.55},"geometry":{"type":"Polygon","coordinates":[[[114.4091731300001,-8.155562656999962],[114.3971037990001,-8.15726680299997],[114.4140067730001,-8.166313869999954],[114.4091731300001,-8.155562656999962]]]}},{"type":"Feature","properties":{"name":"Zona Perikanan Tangkap","fillColor":"#6191c9","fillOpacity":0.55},"geometry":{"type":"Polygon","coordinates":[[[113.8297531200001,-8.64029884699994],[113.523632184,-8.508537192999938],[113.516130308,-8.515158853999935],[113.829017451,-8.649833335999972],[113.8297531200001,-8.64029884699994]]]}},{"type":"Feature","properties":{"name":"Zona Perikanan Tangkap","fillColor":"#6191c9","fillOpacity":0.55},"geometry":{"type":"Polygon","coordinates":[[[113.5144295270001,-8.504576153999949],[113.489565423,-8.485582775999944],[113.492429946,-8.504808847999925],[113.5144295270001,-8.504576153999949]]]}},{"type":"Feature","properties":{"name":"Zona Perikanan Tangkap","fillColor":"#6191c9","fillOpacity":0.55},"geometry":{"type":"Polygon","coordinates":[[[113.4578714050001,-8.441354768999929],[113.4439596140001,-8.432314019999978],[113.4578714050001,-8.441354768999929]]]}},{"type":"Feature","properties":{"name":"Zona Perikanan Tangkap","fillColor":"#6191c9","fillOpacity":0.55},"geometry":{"type":"Polygon","coordinates":[[[113.453399063,-8.416996894999954],[113.469946,-8.38247406399995],[113.4450520480001,-8.40181159499997],[113.4441795360001,-8.422870244999956],[113.453399063,-8.416996894999954]]]}},{"type":"Feature","properties":{"name":"Zona Perikanan Tangkap","fillColor":"#6191c9","fillOpacity":0.55},"geometry":{"type":"Polygon","coordinates":[[[113.864890636,-7.387744895999958],[113.8595391670001,-7.395535937999966],[113.8787355090001,-7.409480375999976],[113.864890636,-7.387744895999958]]]}},{"type":"Feature","properties":{"name":"Zona Perikanan Tangkap","fillColor":"#6191c9","fillOpacity":0.55},"geometry":{"type":"Polygon","coordinates":[[[114.0428339040001,-7.411863035999943],[114.048218826,-7.387499999999932],[114.0428339040001,-7.411863035999943]]]}},{"type":"Feature","properties":{"name":"Zona Perikanan Tangkap","fillColor":"#6191c9","fillOpacity":0.55},"geometry":{"type":"Polygon","coordinates":[[[114.0722281230001,-7.374355475999948],[114.117061,-7.358049999999935],[114.0758826700001,-7.358040345999939],[114.0722281230001,-7.374355475999948]]]}},{"type":"Feature","properties":{"name":"Zona Perikanan Tangkap","fillColor":"#6191c9","fillOpacity":0.55},"geometry":{"type":"Polygon","coordinates":[[[114.8169341680001,-7.292428465999933],[114.8506384740001,-7.290143428999954],[114.8505915540001,-7.281083555999942],[114.7701306920001,-7.286538529999973],[114.8169341680001,-7.292428465999933]]]}},{"type":"Feature","properties":{"name":"Zona Perikanan Tangkap","fillColor":"#6191c9","fillOpacity":0.55},"geometry":{"type":"Polygon","coordinates":[[[114.787489508,-7.26343206599995],[114.7700939270001,-7.260110667999925],[114.7701068020001,-7.269365896999943],[114.8505698160001,-7.276886058999935],[114.8505229880001,-7.26784392999997],[114.787489508,-7.26343206599995]]]}},{"type":"Feature","properties":{"name":"Zona Perikanan Tangkap","fillColor":"#6191c9","fillOpacity":0.55},"geometry":{"type":"Polygon","coordinates":[[[115.0513704000001,-7.232082830999957],[115.0863556730001,-7.217002212999944],[115.0513704000001,-7.232082830999957]]]}},{"type":"Feature","properties":{"name":"Zona Perikanan Tangkap","fillColor":"#6191c9","fillOpacity":0.55},"geometry":{"type":"Polygon","coordinates":[[[115.12329449,-7.216184209999938],[115.0893705860001,-7.225551262999943],[115.12329449,-7.216184209999938]]]}},{"type":"Feature","properties":{"name":"Zona Perikanan Tangkap","fillColor":"#6191c9","fillOpacity":0.55},"geometry":{"type":"Polygon","coordinates":[[[115.191609294,-7.197321156999976],[115.3793144000001,-7.145492106999939],[115.1214413380001,-7.207314384999961],[115.191609294,-7.197321156999976]]]}},{"type":"Feature","properties":{"name":"Zona Perikanan Tangkap","fillColor":"#6191c9","fillOpacity":0.55},"geometry":{"type":"Polygon","coordinates":[[[114.255650528,-7.153448985999944],[114.25564393,-7.144423293999978],[114.2353955030001,-7.160466242999973],[114.2353978970001,-7.185823030999927],[114.1601447800001,-7.255033001999948],[114.2221780250001,-7.210273707999932],[114.1860967680001,-7.255032999999969],[114.1977211540001,-7.255032999999969],[114.247654053,-7.192272926999976],[114.255650528,-7.153448985999944]]]}},{"type":"Feature","properties":{"name":"Zona Perikanan Tangkap","fillColor":"#6191c9","fillOpacity":0.55},"geometry":{"type":"Polygon","coordinates":[[[114.889014531,-7.154296750999947],[114.9691022980001,-7.125000000999933],[114.942778081,-7.124999999999943],[114.8845191790001,-7.146351750999941],[114.8589137,-7.169694750999952],[114.8236739920001,-7.168279292999955],[114.7967147210001,-7.187838171999942],[114.862131598,-7.178554033999944],[114.889014531,-7.154296750999947]]]}},{"type":"Feature","properties":{"name":"Zona Perikanan Tangkap","fillColor":"#6191c9","fillOpacity":0.55},"geometry":{"type":"Polygon","coordinates":[[[115.616667,-7.107450981999932],[115.4934439580001,-7.104657663999944],[115.456513285,-7.114794568999969],[115.456497301,-7.124180398999954],[115.494499559,-7.113687231999961],[115.616667,-7.116495678999968],[115.616667,-7.107450981999932]]]}},{"type":"Feature","properties":{"name":"Zona Perikanan Tangkap","fillColor":"#6191c9","fillOpacity":0.55},"geometry":{"type":"Polygon","coordinates":[[[115.5900200560001,-7.034006016999967],[115.2067573260001,-7.040255706999972],[115.1060354480001,-7.065279274999966],[115.0416670000001,-7.088825712999949],[115.0416670000001,-7.098455248999926],[115.207796979,-7.049273064999966],[115.555947403,-7.050461304999942],[115.5900200560001,-7.034006016999967]]]}},{"type":"Feature","properties":{"name":"Zona Perikanan Tangkap","fillColor":"#6191c9","fillOpacity":0.55},"geometry":{"type":"Polygon","coordinates":[[[112.9928390000001,-7.314677999999958],[113.0114860000001,-7.295852999999966],[113.0371017450001,-7.295743073999972],[113.0399969170001,-7.22700090099994],[112.909811364,-7.201572392999935],[112.914031138,-7.21964823999997],[112.956000001,-7.241839527999957],[112.955997224,-7.327252777999945],[112.928469444,-7.329331030999981],[112.9928390000001,-7.325286367999979],[112.9928390000001,-7.314677999999958]]]}},{"type":"Feature","properties":{"name":"Zona Perikanan Tangkap","fillColor":"#6191c9","fillOpacity":0.55},"geometry":{"type":"Polygon","coordinates":[[[112.814177499,-7.191838185999927],[112.800497992,-7.190445801999942],[112.8134166680001,-7.201611273999958],[112.814177499,-7.191838185999927]]]}},{"type":"Feature","properties":{"name":"Zona Perikanan Tangkap","fillColor":"#6191c9","fillOpacity":0.55},"geometry":{"type":"Polygon","coordinates":[[[112.907871192,-7.186738633999937],[112.781618908,-7.166775469999948],[112.792645597,-7.18750115499995],[112.9838259650001,-7.209106055999939],[112.907871192,-7.186738633999937]]]}},{"type":"Feature","properties":{"name":"Zona Perikanan Tangkap","fillColor":"#6191c9","fillOpacity":0.55},"geometry":{"type":"Polygon","coordinates":[[[113.0333330000001,-7.387068383999974],[112.952382961,-7.395237437999981],[112.959004444,-7.408494164999979],[112.9864847270001,-7.412925453999947],[112.9917507280001,-7.391851822999968],[113.0333330000001,-7.387068383999974]]]}},{"type":"Feature","properties":{"name":"Zona Perikanan Tangkap","fillColor":"#6191c9","fillOpacity":0.55},"geometry":{"type":"Polygon","coordinates":[[[113.130911532,-7.350097630999926],[113.1298221220001,-7.338848859999928],[113.130911532,-7.350097630999926]]]}},{"type":"Feature","properties":{"name":"Zona Perikanan Tangkap","fillColor":"#6191c9","fillOpacity":0.55},"geometry":{"type":"Polygon","coordinates":[[[112.9928390000001,-7.325286367999979],[112.903957661,-7.330689231999941],[112.916687936,-7.359485999999947],[112.98816435,-7.359172349999938],[112.9613338910001,-7.332033889999934],[113.0104500000001,-7.332070990999966],[112.9928390000001,-7.325286367999979]]]}},{"type":"Feature","properties":{"name":"Zona Perikanan Tangkap","fillColor":"#6191c9","fillOpacity":0.55},"geometry":{"type":"Polygon","coordinates":[[[112.91338665,-7.330461110999977],[112.903853236,-7.330461109999931],[112.91338665,-7.330461110999977]]]}},{"type":"Feature","properties":{"name":"Zona Perikanan Tangkap","fillColor":"#6191c9","fillOpacity":0.55},"geometry":{"type":"Polygon","coordinates":[[[112.9135474190001,-7.33045722199995],[112.9284389390001,-7.329333332999965],[112.9135474190001,-7.33045722199995]]]}},{"type":"Feature","properties":{"name":"Zona Perikanan Tangkap","fillColor":"#6191c9","fillOpacity":0.55},"geometry":{"type":"Polygon","coordinates":[[[112.857073376,-7.324630684999931],[112.848069613,-7.311929977999966],[112.8384180580001,-7.32511792899993],[112.857073376,-7.324630684999931]]]}},{"type":"Feature","properties":{"name":"Zona Perikanan Tangkap","fillColor":"#6191c9","fillOpacity":0.55},"geometry":{"type":"Polygon","coordinates":[[[112.801851553,-7.190953387999969],[112.7798002440001,-7.194243546999928],[112.8797438050001,-7.311344194999947],[112.879743315,-7.263148083999965],[112.851370319,-7.236253488999978],[112.877864722,-7.300284166999973],[112.801851553,-7.190953387999969]]]}},{"type":"Feature","properties":{"name":"Zona Perikanan Tangkap","fillColor":"#6191c9","fillOpacity":0.55},"geometry":{"type":"Polygon","coordinates":[[[112.792645597,-7.18750115499995],[112.784033171,-7.184271494999962],[112.792645597,-7.18750115499995]]]}},{"type":"Feature","properties":{"name":"Zona Perikanan Tangkap","fillColor":"#6191c9","fillOpacity":0.55},"geometry":{"type":"Polygon","coordinates":[[[114.463849254,-8.937611140999934],[114.218249332,-8.899377253999944],[114.3176872290001,-8.944774723999956],[114.5272679320001,-8.981215556999928],[114.625779265,-8.965387706999934],[114.7050684190001,-8.926958765999927],[114.624646435,-8.911214037999969],[114.5723070360001,-8.932063601999971],[114.463849254,-8.937611140999934]]]}},{"type":"Feature","properties":{"name":"Zona Perikanan Tangkap","fillColor":"#6191c9","fillOpacity":0.55},"geometry":{"type":"Polygon","coordinates":[[[114.714950486,-8.91941163699994],[114.7596229550001,-8.869514865999975],[114.70544399,-8.860258150999925],[114.638012308,-8.904661548999968],[114.714950486,-8.91941163699994]]]}},{"type":"Feature","properties":{"name":"Zona Perikanan Tangkap","fillColor":"#6191c9","fillOpacity":0.55},"geometry":{"type":"Polygon","coordinates":[[[114.635138598,-8.895989044999965],[114.6947349730001,-8.858428471999957],[114.267044713,-8.785355753999966],[114.2724564470001,-8.830230382999957],[114.635138598,-8.895989044999965]]]}},{"type":"Feature","properties":{"name":"Zona Perikanan Tangkap","fillColor":"#6191c9","fillOpacity":0.55},"geometry":{"type":"Polygon","coordinates":[[[114.2618539020001,-8.81822757599997],[114.257696621,-8.783748102999937],[114.0994643810001,-8.75638891899996],[114.2618539020001,-8.81822757599997]]]}},{"type":"Feature","properties":{"name":"Zona Perikanan Tangkap","fillColor":"#6191c9","fillOpacity":0.55},"geometry":{"type":"Polygon","coordinates":[[[114.1626352290001,-8.793430802999978],[114.05937624,-8.748985541999957],[113.8261182780001,-8.687407509999957],[113.8197030870001,-8.77055037699995],[113.974179391,-8.846360026999946],[114.0386759730001,-8.852328177999937],[114.1150223720001,-8.836929432999966],[114.177103319,-8.855599526999981],[114.2047000790001,-8.88765338099995],[114.4642190870001,-8.92855082799997],[114.5705253210001,-8.923135392999939],[114.608406295,-8.907970359999979],[114.2672520740001,-8.838390991999972],[114.1626352290001,-8.793430802999978]]]}},{"type":"Feature","properties":{"name":"Zona Perikanan Tangkap","fillColor":"#6191c9","fillOpacity":0.55},"geometry":{"type":"Polygon","coordinates":[[[113.829017451,-8.649833335999972],[113.8268199490001,-8.678313640999932],[114.019362394,-8.731762577999973],[113.829017451,-8.649833335999972]]]}},{"type":"Feature","properties":{"name":"Zona Perikanan Tangkap","fillColor":"#6191c9","fillOpacity":0.55},"geometry":{"type":"Polygon","coordinates":[[[113.9095925680001,-8.589554800999963],[113.8351191480001,-8.570753460999981],[113.8337791180001,-8.588120654999955],[113.899099491,-8.59800125399994],[113.9248673500001,-8.589222245999963],[113.9095925680001,-8.589554800999963]]]}},{"type":"Feature","properties":{"name":"Zona Perikanan Tangkap","fillColor":"#6191c9","fillOpacity":0.55},"geometry":{"type":"Polygon","coordinates":[[[113.9596807840001,-8.570081670999969],[113.9100540650001,-8.605969949999974],[113.8330787210001,-8.597198018999961],[113.8297531200001,-8.64029884699994],[114.0621286710001,-8.74031875199995],[114.2565665500001,-8.774375569999961],[114.2290163870001,-8.618217130999938],[114.225718216,-8.649306027999955],[114.122280294,-8.618000370999937],[114.0646057260001,-8.624890526999934],[114.0777276660001,-8.694389970999964],[114.116745881,-8.694389487999956],[114.1164427030001,-8.733918979999942],[114.0450432650001,-8.732295041999976],[114.046649859,-8.694390355999928],[114.0731155760001,-8.694390028999976],[114.0621573540001,-8.648279497999965],[114.0327461820001,-8.633079825999971],[114.0309562130001,-8.60775524099995],[114.0152363520001,-8.59248695599996],[113.996891634,-8.607643935999931],[113.956486562,-8.613509972999964],[113.9474872280001,-8.599411545999942],[113.96897835,-8.586960871999963],[113.9596807840001,-8.570081670999969]]]}},{"type":"Feature","properties":{"name":"Zona Perikanan Tangkap","fillColor":"#6191c9","fillOpacity":0.55},"geometry":{"type":"Polygon","coordinates":[[[114.7646823030001,-8.861160612999981],[114.8060739270001,-8.74021176499997],[114.7903926390001,-8.635306747999948],[114.7148786770001,-8.567835915999979],[114.6282997410001,-8.54050588299998],[114.7270518560001,-8.64918806299994],[114.7505294350001,-8.699024833999943],[114.7426399670001,-8.788897728999927],[114.7128488660001,-8.85234933199996],[114.7646823030001,-8.861160612999981]]]}},{"type":"Feature","properties":{"name":"Zona Perikanan Tangkap","fillColor":"#6191c9","fillOpacity":0.55},"geometry":{"type":"Polygon","coordinates":[[[114.5384068200001,-8.528288603999954],[114.5661315210001,-8.52530829099993],[114.522661382,-8.49552312399993],[114.5200639550001,-8.540987453999946],[114.5384068200001,-8.528288603999954]]]}},{"type":"Feature","properties":{"name":"Zona Perikanan Tangkap","fillColor":"#6191c9","fillOpacity":0.55},"geometry":{"type":"MultiPolygon","coordinates":[[[[114.483448444,-8.421838566999952],[114.450095624,-8.384401258999958],[114.3777930470001,-8.427732293999952],[114.3472276130001,-8.426985543999933],[114.373155597,-8.475670284999978],[114.3555380670001,-8.528294444999972],[114.372270436,-8.531835082999976],[114.3819215300001,-8.504480797999975],[114.3831199660001,-8.44730501999993],[114.4031522710001,-8.457642298999929],[114.4086976100001,-8.517244734999963],[114.4486294330001,-8.617692380999927],[114.4809956250001,-8.617908805999946],[114.5617440010001,-8.655821997999965],[114.599058847,-8.694014268999979],[114.60912397,-8.723210251999944],[114.5910638620001,-8.766468852999935],[114.529031311,-8.785266596999975],[114.4979490090001,-8.772491288999959],[114.5666761110001,-8.773106918999929],[114.5965138680001,-8.745002898999928],[114.5857132890001,-8.764545640999927],[114.532811334,-8.780221099999949],[114.446073164,-8.752647458999945],[114.344632627,-8.742355372999953],[114.365738329,-8.698360709999974],[114.3604559260001,-8.676231722999944],[114.312200457,-8.632687583999939],[114.232003565,-8.60829793299996],[114.253527639,-8.673423002999925],[114.26591509,-8.775988798999947],[114.7021399720001,-8.850519672999951],[114.7211780240001,-8.830186364999975],[114.744394993,-8.740490244999933],[114.7418538830001,-8.70189741799993],[114.7196031950001,-8.654432628999928],[114.612555507,-8.536656017999974],[114.580939886,-8.529885626999942],[114.511788493,-8.553196706999927],[114.5142986860001,-8.482678280999949],[114.483448444,-8.421838566999952]]],[[[114.3691666670001,-8.52249999999998],[114.380277778,-8.504166666999936],[114.3691666670001,-8.52249999999998]]]]}},{"type":"Feature","properties":{"name":"Zona Perikanan Tangkap","fillColor":"#6191c9","fillOpacity":0.55},"geometry":{"type":"Polygon","coordinates":[[[114.417310357,-8.216499651999925],[114.385206196,-8.186932401999968],[114.393279364,-8.23484337399998],[114.363896475,-8.295463108999968],[114.366265866,-8.338451526999961],[114.347230059,-8.417937324999968],[114.374873415,-8.418986530999973],[114.4438001010001,-8.377622680999934],[114.417310357,-8.216499651999925]]]}},{"type":"Feature","properties":{"name":"Zona Perikanan Tangkap","fillColor":"#6191c9","fillOpacity":0.55},"geometry":{"type":"Polygon","coordinates":[[[114.4130471730001,-8.17269878999997],[114.3971037990001,-8.15726680299997],[114.3929786030001,-8.173239963999947],[114.4130471730001,-8.17269878999997]]]}},{"type":"Feature","properties":{"name":"Zona Perikanan Tangkap","fillColor":"#6191c9","fillOpacity":0.55},"geometry":{"type":"Polygon","coordinates":[[[114.419138426,-8.104845472999955],[114.4132338840001,-8.095968770999946],[114.4076051070001,-8.109561243999963],[114.4091731300001,-8.155562656999962],[114.419138426,-8.104845472999955]]]}},{"type":"Feature","properties":{"name":"Zona Perikanan Tangkap","fillColor":"#6191c9","fillOpacity":0.55},"geometry":{"type":"Polygon","coordinates":[[[112.3579458360001,-8.488489521999952],[112.042403184,-8.461608073999969],[112.0453662130001,-8.493355625999925],[112.08509326,-8.493255505999969],[112.085118681,-8.50229718199995],[112.046209888,-8.502395239999942],[112.0480959280001,-8.522603326999956],[112.2698395870001,-8.551430362999952],[112.358457193,-8.582302050999942],[112.3579458360001,-8.488489521999952]]]}},{"type":"Feature","properties":{"name":"Zona Perikanan Tangkap","fillColor":"#6191c9","fillOpacity":0.55},"geometry":{"type":"Polygon","coordinates":[[[112.3576874930001,-8.441094445999966],[112.036441886,-8.39773538299994],[112.041550442,-8.452471324999976],[112.35789634,-8.479409076999957],[112.3576874930001,-8.441094445999966]]]}},{"type":"Feature","properties":{"name":"Zona Perikanan Tangkap","fillColor":"#6191c9","fillOpacity":0.55},"geometry":{"type":"Polygon","coordinates":[[[112.115005383,-8.31640413499997],[112.0287361630001,-8.315171942999939],[112.035563528,-8.388324159999968],[112.357637927,-8.432001193999952],[112.357182681,-8.348482588999957],[112.347675682,-8.341148503999932],[112.286603255,-8.331801707999944],[112.2634639620001,-8.350295982999967],[112.220854979,-8.342465855999933],[112.2165565020001,-8.325940651999929],[112.1555276590001,-8.328618079999956],[112.1453192270001,-8.316645196999957],[112.129840701,-8.325506252999958],[112.115005383,-8.31640413499997]]]}},{"type":"Feature","properties":{"name":"Zona Perikanan Tangkap","fillColor":"#6191c9","fillOpacity":0.55},"geometry":{"type":"Polygon","coordinates":[[[113.7022751920001,-8.621712507999973],[113.5017245370001,-8.59879901499994],[113.508045601,-8.667431184999941],[113.521523932,-8.675382964999926],[113.681298143,-8.738136925999981],[113.8197030870001,-8.77055037699995],[113.8261182780001,-8.687407509999957],[113.762429867,-8.66079183599993],[113.7287085050001,-8.624802186999943],[113.7022751920001,-8.621712507999973]]]}},{"type":"Feature","properties":{"name":"Zona Perikanan Tangkap","fillColor":"#6191c9","fillOpacity":0.55},"geometry":{"type":"Polygon","coordinates":[[[113.516130308,-8.515158853999935],[113.4947669740001,-8.53401557099994],[113.5007275040001,-8.58951540499993],[113.723977643,-8.612256577999972],[113.767503042,-8.65326622799995],[113.8268199490001,-8.678313640999932],[113.829017451,-8.649833335999972],[113.516130308,-8.515158853999935]]]}},{"type":"Feature","properties":{"name":"Zona Perikanan Tangkap","fillColor":"#6191c9","fillOpacity":0.55},"geometry":{"type":"Polygon","coordinates":[[[113.5069275940001,-8.511197774999971],[113.491531977,-8.503893790999939],[113.49358154,-8.522977740999977],[113.5069275940001,-8.511197774999971]]]}},{"type":"Feature","properties":{"name":"Zona Perikanan Tangkap","fillColor":"#6191c9","fillOpacity":0.55},"geometry":{"type":"Polygon","coordinates":[[[113.8330787210001,-8.597198018999961],[113.6707285750001,-8.548041103999935],[113.555834157,-8.480113561999929],[113.523632184,-8.508537192999938],[113.8297531200001,-8.64029884699994],[113.8330787210001,-8.597198018999961]]]}},{"type":"Feature","properties":{"name":"Zona Perikanan Tangkap","fillColor":"#6191c9","fillOpacity":0.55},"geometry":{"type":"Polygon","coordinates":[[[113.6104645950001,-8.439092267999968],[113.5942043570001,-8.439062014999934],[113.5629435300001,-8.473838351999973],[113.6032387290001,-8.501485894999973],[113.7016322930001,-8.55058633599998],[113.8337791180001,-8.588120654999955],[113.8351191480001,-8.570753460999981],[113.6320261020001,-8.506786664999936],[113.6140339000001,-8.467749997999931],[113.627610642,-8.450401537999937],[113.6104645950001,-8.439092267999968]]]}},{"type":"Feature","properties":{"name":"Zona Perikanan Tangkap","fillColor":"#6191c9","fillOpacity":0.55},"geometry":{"type":"Polygon","coordinates":[[[113.5475831590001,-8.475312919999965],[113.453740905,-8.435590785999977],[113.5144295270001,-8.504576153999949],[113.5475831590001,-8.475312919999965]]]}},{"type":"Feature","properties":{"name":"Zona Perikanan Tangkap","fillColor":"#6191c9","fillOpacity":0.55},"geometry":{"type":"Polygon","coordinates":[[[113.4447206090001,-8.438570209999966],[113.2795220950001,-8.395725887999959],[113.4447206090001,-8.438570209999966]]]}},{"type":"Feature","properties":{"name":"Zona Perikanan Tangkap","fillColor":"#6191c9","fillOpacity":0.55},"geometry":{"type":"Polygon","coordinates":[[[113.3744756090001,-8.396574082999962],[113.3842639970001,-8.393516990999956],[113.3744756090001,-8.396574082999962]]]}},{"type":"Feature","properties":{"name":"Zona Perikanan Tangkap","fillColor":"#6191c9","fillOpacity":0.55},"geometry":{"type":"Polygon","coordinates":[[[113.4744922570001,-8.38691152299998],[113.453673155,-8.405215188999932],[113.4531930610001,-8.42585179799994],[113.5547569690001,-8.468980917999943],[113.58247826,-8.443572076999942],[113.5626279380001,-8.42479074299996],[113.5532082420001,-8.436223846999951],[113.4858246770001,-8.415649801999962],[113.4744922570001,-8.38691152299998]]]}},{"type":"Feature","properties":{"name":"Zona Perikanan Tangkap","fillColor":"#6191c9","fillOpacity":0.55},"geometry":{"type":"Polygon","coordinates":[[[113.460795423,-8.37968479999995],[113.424929012,-8.38065632599995],[113.3790545380001,-8.404729457999963],[113.4441795360001,-8.422870244999956],[113.460795423,-8.37968479999995]]]}},{"type":"Feature","properties":{"name":"Zona Perikanan Tangkap","fillColor":"#6191c9","fillOpacity":0.55},"geometry":{"type":"Polygon","coordinates":[[[113.313203691,-8.312137599999971],[113.301993279,-8.306370054999945],[113.2817321660001,-8.38693761999997],[113.3660950990001,-8.398163813999929],[113.3586527780001,-8.381802777999951],[113.3719515920001,-8.368005274999973],[113.313203691,-8.312137599999971]]]}},{"type":"Feature","properties":{"name":"Zona Perikanan Tangkap","fillColor":"#6191c9","fillOpacity":0.55},"geometry":{"type":"Polygon","coordinates":[[[112.977633566,-8.589553244999934],[113.0431825500001,-8.556245855999975],[112.974775376,-8.549341339999955],[112.977633566,-8.589553244999934]]]}},{"type":"Feature","properties":{"name":"Zona Perikanan Tangkap","fillColor":"#6191c9","fillOpacity":0.55},"geometry":{"type":"Polygon","coordinates":[[[113.2698354710001,-8.39396000399995],[113.1267310090001,-8.37459387499996],[113.000692017,-8.40025315899993],[112.967859994,-8.449976318999973],[112.9741384130001,-8.540189002999966],[113.0544622960001,-8.548296308999966],[113.109744585,-8.453111501999956],[113.1382645240001,-8.427883260999977],[113.2008314530001,-8.39872194399993],[113.2698354710001,-8.39396000399995]]]}},{"type":"Feature","properties":{"name":"Zona Perikanan Tangkap","fillColor":"#6191c9","fillOpacity":0.55},"geometry":{"type":"Polygon","coordinates":[[[113.176965577,-8.282923465999943],[113.159871004,-8.283695756999975],[113.1656305570001,-8.300291666999954],[113.152501409,-8.303940835999981],[113.146267424,-8.285892133999937],[113.111974905,-8.295091903999946],[113.0795396430001,-8.287144722999926],[112.9787876810001,-8.329512471999976],[112.9908174030001,-8.340930514999968],[112.9696877890001,-8.362131508999937],[112.9612228860001,-8.35460973399995],[112.9664018860001,-8.429025199999955],[112.9942419830001,-8.393393428999957],[113.0788421630001,-8.369057913999939],[113.158139493,-8.366498470999943],[113.2817321660001,-8.38693761999997],[113.301993279,-8.306370054999945],[113.2454443360001,-8.286467522999942],[113.176965577,-8.282923465999943]]]}},{"type":"Feature","properties":{"name":"Zona Perikanan Tangkap","fillColor":"#6191c9","fillOpacity":0.55},"geometry":{"type":"Polygon","coordinates":[[[112.9359525950001,-8.601111941999932],[112.9775753030001,-8.589572647999944],[112.974775376,-8.549341339999955],[112.3579458360001,-8.488489521999952],[112.358457193,-8.582302050999942],[112.505776811,-8.60629644599993],[112.6338291770001,-8.656921625999928],[112.7422705990001,-8.66167586499995],[112.7979884360001,-8.643144335999978],[112.8464126050001,-8.609192977999953],[112.9359525950001,-8.601111941999932]]]}},{"type":"Feature","properties":{"name":"Zona Perikanan Tangkap","fillColor":"#6191c9","fillOpacity":0.55},"geometry":{"type":"Polygon","coordinates":[[[112.967859994,-8.449976318999973],[112.9284709560001,-8.485240892999968],[112.823856985,-8.490603434999969],[112.725834049,-8.515126972999951],[112.9741384130001,-8.540189002999966],[112.967859994,-8.449976318999973]]]}},{"type":"Feature","properties":{"name":"Zona Perikanan Tangkap","fillColor":"#6191c9","fillOpacity":0.55},"geometry":{"type":"Polygon","coordinates":[[[112.5816969460001,-8.500377078999975],[112.477610657,-8.459917298999926],[112.3576874930001,-8.441094445999966],[112.35789634,-8.479409076999957],[112.5816969460001,-8.500377078999975]]]}},{"type":"Feature","properties":{"name":"Zona Perikanan Tangkap","fillColor":"#6191c9","fillOpacity":0.55},"geometry":{"type":"Polygon","coordinates":[[[112.372543862,-8.37255696799997],[112.357182681,-8.348482588999957],[112.357637927,-8.432001193999952],[112.474096558,-8.44967965799998],[112.6562566920001,-8.50596169399995],[112.9243380950001,-8.47696978099998],[112.949993766,-8.462904045999949],[112.9664018860001,-8.429025199999955],[112.957014199,-8.35145229699998],[112.9322112450001,-8.38824219999998],[112.9112473790001,-8.399130947999936],[112.8968806050001,-8.381224409999959],[112.8984619900001,-8.401812031999953],[112.8767085930001,-8.40887636499997],[112.8632132140001,-8.394222689999935],[112.847449585,-8.40543646499998],[112.8481621550001,-8.377531405999946],[112.8394248960001,-8.385832540999957],[112.8287563710001,-8.370791275999977],[112.8126181050001,-8.401376475999939],[112.7925589280001,-8.40318082899995],[112.77010024,-8.38697567099996],[112.7569278330001,-8.420808926999939],[112.7227397090001,-8.418093443999965],[112.7352323810001,-8.434403766999935],[112.711901988,-8.446753470999965],[112.70640086,-8.46378167399996],[112.688261491,-8.450869960999967],[112.6750937060001,-8.460792069999968],[112.63365677,-8.429983339999978],[112.6158798490001,-8.433806654999955],[112.6107013650001,-8.421184017999963],[112.5604821270001,-8.403176002999942],[112.555842394,-8.423092248999978],[112.4785575010001,-8.411575658999936],[112.4796426070001,-8.394462931999954],[112.443309278,-8.398206598999934],[112.372543862,-8.37255696799997]]]}},{"type":"Feature","properties":{"name":"Zona Perikanan Tangkap","fillColor":"#6191c9","fillOpacity":0.55},"geometry":{"type":"Polygon","coordinates":[[[111.4032111240001,-8.386156956999969],[111.3320779840001,-8.380040680999969],[111.4032111240001,-8.386156956999969]]]}},{"type":"Feature","properties":{"name":"Zona Perikanan Tangkap","fillColor":"#6191c9","fillOpacity":0.55},"geometry":{"type":"Polygon","coordinates":[[[111.313811103,-8.450150189999931],[110.8514774480001,-8.37507057099998],[110.8412555720001,-8.40856858799998],[110.942314186,-8.450248194999972],[111.0460351420001,-8.45706445999997],[111.135555749,-8.484928796999952],[111.250143532,-8.471283728999936],[111.305003475,-8.475591316999953],[111.330417852,-8.495485593999945],[111.36509334,-8.458478050999929],[111.313811103,-8.450150189999931]]]}},{"type":"Feature","properties":{"name":"Zona Perikanan Tangkap","fillColor":"#6191c9","fillOpacity":0.55},"geometry":{"type":"Polygon","coordinates":[[[111.0662409720001,-8.354237911999974],[110.9220801860001,-8.335299584999973],[111.0662409720001,-8.354237911999974]]]}},{"type":"Feature","properties":{"name":"Zona Perikanan Tangkap","fillColor":"#6191c9","fillOpacity":0.55},"geometry":{"type":"Polygon","coordinates":[[[111.3725417150001,-8.450524745999928],[111.4031191490001,-8.417874446999974],[111.4031753290001,-8.39850079799993],[111.0191820740001,-8.362202588999935],[110.865072001,-8.330509586999938],[110.8541409870001,-8.366341918999979],[111.3725417150001,-8.450524745999928]]]}},{"type":"Feature","properties":{"name":"Zona Perikanan Tangkap","fillColor":"#6191c9","fillOpacity":0.55},"geometry":{"type":"Polygon","coordinates":[[[110.9061651900001,-8.210311230999935],[110.8685384620001,-8.319145737999975],[111.4032374240001,-8.37708767099997],[111.388572905,-8.29570506899995],[111.403473481,-8.29568377299995],[111.4035470510001,-8.270313228999953],[111.3870739610001,-8.277700726999967],[111.3674415570001,-8.260414362999938],[111.357778565,-8.270292693999977],[111.3370747180001,-8.261951115999977],[111.3266672940001,-8.276430405999974],[111.3021165360001,-8.256944932999943],[111.2916883490001,-8.274171777999982],[111.2610953060001,-8.24747117399994],[111.1535973270001,-8.284655414999975],[111.1331503800001,-8.272674589999951],[111.1372792210001,-8.26167196299997],[111.1013072750001,-8.253307476999964],[111.1002486830001,-8.23521814399993],[111.076586358,-8.22268300299993],[111.0847165090001,-8.246708635999937],[110.9988537620001,-8.25469674599998],[110.9061651900001,-8.210311230999935]]]}},{"type":"Feature","properties":{"name":"Zona Perikanan Tangkap","fillColor":"#6191c9","fillOpacity":0.55},"geometry":{"type":"Polygon","coordinates":[[[113.5147645760001,-7.394594317999974],[113.5147810000001,-7.386188999999945],[113.3986610000001,-7.386060999999927],[113.3931187500001,-7.399828889999981],[113.5147645760001,-7.394594317999974]]]}},{"type":"Feature","properties":{"name":"Zona Perikanan Tangkap","fillColor":"#6191c9","fillOpacity":0.55},"geometry":{"type":"Polygon","coordinates":[[[113.600633827,-7.359252718999926],[113.486889248,-7.358506760999944],[113.4868110000001,-7.371538999999927],[113.5334110000001,-7.371588999999972],[113.5334310000001,-7.385268999999937],[113.5797500000001,-7.385268999999937],[113.5797000000001,-7.397060999999951],[113.600400893,-7.397072087999959],[113.600633827,-7.359252718999926]]]}},{"type":"Feature","properties":{"name":"Zona Perikanan Tangkap","fillColor":"#6191c9","fillOpacity":0.55},"geometry":{"type":"Polygon","coordinates":[[[113.393118165,-7.399030624999966],[113.349635055,-7.398964663999948],[113.393118165,-7.399030624999966]]]}},{"type":"Feature","properties":{"name":"Zona Perikanan Tangkap","fillColor":"#6191c9","fillOpacity":0.55},"geometry":{"type":"Polygon","coordinates":[[[113.1388278750001,-7.341369001999965],[113.1671173970001,-7.310176728999977],[113.153868224,-7.233161105999955],[113.1403908190001,-7.233169269999962],[113.1306367190001,-7.301596482999969],[113.1388278750001,-7.341369001999965]]]}},{"type":"Feature","properties":{"name":"Zona Perikanan Tangkap","fillColor":"#6191c9","fillOpacity":0.55},"geometry":{"type":"Polygon","coordinates":[[[113.132438329,-7.348414171999934],[113.1308498500001,-7.339211586999966],[113.132438329,-7.348414171999934]]]}},{"type":"Feature","properties":{"name":"Zona Perikanan Tangkap","fillColor":"#6191c9","fillOpacity":0.55},"geometry":{"type":"Polygon","coordinates":[[[114.5002690000001,-7.544460999999956],[114.4630656160001,-7.544499056999939],[114.5000823030001,-7.566681821999964],[114.606731541,-7.566690243999972],[114.499989,-7.561918999999932],[114.5002690000001,-7.544460999999956]]]}},{"type":"Feature","properties":{"name":"Zona Perikanan Tangkap","fillColor":"#6191c9","fillOpacity":0.55},"geometry":{"type":"Polygon","coordinates":[[[114.423956739,-7.484064588999956],[114.37827101,-7.493684705999954],[114.4239948530001,-7.521085358999926],[114.423956739,-7.484064588999956]]]}},{"type":"Feature","properties":{"name":"Zona Perikanan Tangkap","fillColor":"#6191c9","fillOpacity":0.55},"geometry":{"type":"Polygon","coordinates":[[[114.0805600000001,-7.40788575199997],[114.042838412,-7.41274187199997],[114.0805600000001,-7.40788575199997]]]}},{"type":"Feature","properties":{"name":"Zona Perikanan Tangkap","fillColor":"#6191c9","fillOpacity":0.55},"geometry":{"type":"Polygon","coordinates":[[[113.8595391670001,-7.395535937999966],[113.851940653,-7.408947836999971],[113.8706147160001,-7.409318977999931],[113.8595391670001,-7.395535937999966]]]}},{"type":"Feature","properties":{"name":"Zona Perikanan Tangkap","fillColor":"#6191c9","fillOpacity":0.55},"geometry":{"type":"Polygon","coordinates":[[[113.8773000000001,-7.387768999999935],[113.864890636,-7.387744895999958],[113.8883359250001,-7.409671180999965],[113.8882830000001,-7.391227999999956],[113.8773000000001,-7.387768999999935]]]}},{"type":"Feature","properties":{"name":"Zona Perikanan Tangkap","fillColor":"#6191c9","fillOpacity":0.55},"geometry":{"type":"Polygon","coordinates":[[[113.827844722,-7.387684225999976],[113.7388110000001,-7.387499999999932],[113.7388110000001,-7.406699419999939],[113.842738509,-7.408764945999962],[113.827844722,-7.401571974999968],[113.827844722,-7.387684225999976]]]}},{"type":"Feature","properties":{"name":"Zona Perikanan Tangkap","fillColor":"#6191c9","fillOpacity":0.55},"geometry":{"type":"Polygon","coordinates":[[[114.042833973,-7.411863023999956],[114.0805600000001,-7.404459576999955],[114.0805600000001,-7.387499999999932],[114.133485175,-7.387499999999932],[114.1690750930001,-7.365628105999974],[114.117061,-7.358542837999948],[114.070408,-7.374997436999934],[114.070408,-7.387499999999932],[114.0427287030001,-7.391354798999942],[114.042833973,-7.411863023999956]]]}},{"type":"Feature","properties":{"name":"Zona Perikanan Tangkap","fillColor":"#6191c9","fillOpacity":0.55},"geometry":{"type":"Polygon","coordinates":[[[113.778231,-7.365564245999963],[113.6006384440001,-7.358503227999961],[113.600400893,-7.397072087999959],[113.687981,-7.397118999999975],[113.687981,-7.367068999999958],[113.778231,-7.365564245999963]]]}},{"type":"Feature","properties":{"name":"Zona Perikanan Tangkap","fillColor":"#6191c9","fillOpacity":0.55},"geometry":{"type":"Polygon","coordinates":[[[113.8773000000001,-7.369710220999934],[113.8773000000001,-7.358494633999953],[113.8533727690001,-7.35849537699994],[113.8533610000001,-7.369668999999931],[113.8773000000001,-7.369710220999934]]]}},{"type":"Feature","properties":{"name":"Zona Perikanan Tangkap","fillColor":"#6191c9","fillOpacity":0.55},"geometry":{"type":"Polygon","coordinates":[[[114.839181465,-7.324666672999967],[114.8819697810001,-7.304911448999974],[114.8387789410001,-7.304990979999957],[114.839181465,-7.324666672999967]]]}},{"type":"Feature","properties":{"name":"Zona Perikanan Tangkap","fillColor":"#6191c9","fillOpacity":0.55},"geometry":{"type":"Polygon","coordinates":[[[114.8506500000001,-7.292368999999951],[114.8169341680001,-7.292428465999933],[114.8506500000001,-7.292368999999951]]]}},{"type":"Feature","properties":{"name":"Zona Perikanan Tangkap","fillColor":"#6191c9","fillOpacity":0.55},"geometry":{"type":"Polygon","coordinates":[[[114.816073853,-7.276959470999941],[114.7701068020001,-7.269365896999943],[114.7701306920001,-7.286538529999973],[114.8505915540001,-7.281083555999942],[114.816073853,-7.276959470999941]]]}},{"type":"Feature","properties":{"name":"Zona Perikanan Tangkap","fillColor":"#6191c9","fillOpacity":0.55},"geometry":{"type":"Polygon","coordinates":[[[114.2237985530001,-7.255032999999969],[114.219353819,-7.228196871999955],[114.1977211540001,-7.255032999999969],[114.2237985530001,-7.255032999999969]]]}},{"type":"Feature","properties":{"name":"Zona Perikanan Tangkap","fillColor":"#6191c9","fillOpacity":0.55},"geometry":{"type":"Polygon","coordinates":[[[114.1860967680001,-7.255032999999969],[114.2221780250001,-7.210273707999932],[114.1735111190001,-7.255032999999969],[114.1860967680001,-7.255032999999969]]]}},{"type":"Feature","properties":{"name":"Zona Perikanan Tangkap","fillColor":"#6191c9","fillOpacity":0.55},"geometry":{"type":"Polygon","coordinates":[[[114.161998139,-7.253328475999979],[114.2353978970001,-7.185823030999927],[114.2353955030001,-7.160466242999973],[114.118803423,-7.255032999999969],[114.161998139,-7.253328475999979]]]}},{"type":"Feature","properties":{"name":"Zona Perikanan Tangkap","fillColor":"#6191c9","fillOpacity":0.55},"geometry":{"type":"Polygon","coordinates":[[[114.2466796330001,-7.152144169999929],[114.2444491240001,-7.163313690999928],[114.2466796330001,-7.152144169999929]]]}},{"type":"Feature","properties":{"name":"Zona Perikanan Tangkap","fillColor":"#6191c9","fillOpacity":0.55},"geometry":{"type":"Polygon","coordinates":[[[114.3235053830001,-7.214932321999981],[114.3172894530001,-7.171802477999961],[114.2839610000001,-7.143925121999928],[114.25564393,-7.144423293999978],[114.2479527470001,-7.191650987999935],[114.226612022,-7.219192799999973],[114.3235144080001,-7.229371620999927],[114.3235053830001,-7.214932321999981]]]}},{"type":"Feature","properties":{"name":"Zona Perikanan Tangkap","fillColor":"#6191c9","fillOpacity":0.55},"geometry":{"type":"Polygon","coordinates":[[[115.616667,-7.116495678999968],[115.494499559,-7.113687231999961],[115.456497301,-7.124180398999954],[115.456461007,-7.145492106999939],[115.3793144000001,-7.145492106999939],[115.191609294,-7.197321156999976],[115.475690115,-7.179661325999973],[115.5983344030001,-7.193389149999973],[115.7443055230001,-7.227508625999974],[115.742433642,-7.236355550999974],[115.4753250230001,-7.188703670999928],[115.1934068720001,-7.206198895999933],[115.056729911,-7.23962126899994],[115.083333,-7.260461611999972],[115.083333,-7.233332999999959],[115.1750000000001,-7.233332999999959],[115.1750000000001,-7.249999999999943],[115.2,-7.249999999999943],[115.2,-7.293737054999951],[115.2217516440001,-7.292052824999928],[115.2976905,-7.266292653999926],[115.3684936860001,-7.199143994999929],[115.388445656,-7.196182834999945],[115.5691145530001,-7.258986797999967],[115.6373144920001,-7.335096979999946],[115.75663521,-7.394024287999969],[115.8290271220001,-7.407708888999935],[115.9227267450001,-7.398515543999963],[115.992325121,-7.370368839999969],[116.0509786250001,-7.317710253999962],[116.0854424030001,-7.25411928099993],[116.101065639,-7.174999999999955],[116.0368824220001,-7.174999999999955],[116.0367557650001,-7.225205220999953],[115.9210459130001,-7.225260506999973],[115.9210459130001,-7.174999999999955],[115.9154521930001,-7.220525382999938],[115.8240808930001,-7.220525382999938],[115.7246364790001,-7.174999999999955],[115.6666690000001,-7.174999999999955],[115.6666670000001,-7.124999999999943],[115.616667,-7.124999999999943],[115.616667,-7.116495678999968]]]}},{"type":"Feature","properties":{"name":"Zona Perikanan Tangkap","fillColor":"#6191c9","fillOpacity":0.55},"geometry":{"type":"MultiPolygon","coordinates":[[[[115.590019213,-7.034612748999962],[115.555947403,-7.050461304999942],[115.207796979,-7.049273064999966],[115.1089117160001,-7.073856589999934],[115.0250000000001,-7.108332999999959],[115.0250000000001,-7.124999999999943],[114.9691022980001,-7.125000000999933],[114.889014531,-7.154296750999947],[114.862131598,-7.178554033999944],[114.7967147210001,-7.187838171999942],[114.7968390000001,-7.256518999999969],[114.7700939270001,-7.260110667999925],[114.8505229880001,-7.26784392999997],[114.872469,-7.261238999999932],[114.872419,-7.236388999999974],[114.9472722820001,-7.24166699999995],[114.9797540280001,-7.187988657999938],[114.995440635,-7.130591116999938],[115.0454471950001,-7.228297830999963],[115.3453383570001,-7.145492106999939],[115.2661041280001,-7.145492106999939],[115.2653010590001,-7.05887972499994],[115.456609723,-7.058165887999962],[115.456513285,-7.114794568999969],[115.4937392740001,-7.104635094999935],[115.616667,-7.107450981999932],[115.6,-7.099999999999966],[115.590019213,-7.034612748999962]]],[[[115.171554428,-7.069649918999971],[115.2272430810001,-7.060388154999941],[115.230266934,-7.112581854999974],[115.175480115,-7.115539829999932],[115.171554428,-7.069649918999971]]]]}},{"type":"Feature","properties":{"name":"Zona Perikanan Tangkap","fillColor":"#6191c9","fillOpacity":0.55},"geometry":{"type":"MultiPolygon","coordinates":[[[[114.7604616470001,-6.905636705999939],[114.6590802540001,-6.872590413999944],[114.598978306,-6.815092795999931],[114.4979430520001,-6.772363417999941],[114.4331468290001,-6.761497829999939],[114.3685412840001,-6.771931303999963],[114.333333333,-6.787612116999981],[114.333333333,-6.929363322999961],[114.362460959,-6.906438053999977],[114.366129567,-6.945038190999981],[114.333333333,-6.970150362999959],[114.3332795150001,-7.04871634899996],[114.3826610000001,-7.096960999999965],[114.3964214700001,-7.158243268999968],[114.4489942070001,-7.158175485999948],[114.426823334,-7.000580832999958],[114.4988733340001,-7.000656942999967],[114.4991994440001,-7.106193126999926],[114.5704803420001,-7.051556282999968],[114.5914363510001,-7.06060204399995],[114.6155583750001,-7.112162868999974],[114.6897029530001,-7.143535160999932],[114.6897029530001,-7.158149999999978],[114.7966610000001,-7.158149999999978],[114.7966972950001,-7.178207875999931],[114.8589137,-7.169694750999952],[114.8845191790001,-7.146351750999941],[114.942778081,-7.124999999999943],[114.9000000000001,-7.124999999999943],[114.9000000000001,-7.049999999999955],[114.9166670000001,-7.049999999999955],[114.9166670000001,-7.024999999999977],[114.9807305400001,-7.024999999999977],[114.9444620080001,-6.968739333999963],[114.8915486930001,-6.927333149999981],[114.82874126,-6.905728916999976],[114.7604616470001,-6.905636705999939]]],[[[114.4320318430001,-6.980708936999974],[114.432708,-6.962592997999934],[114.4320318430001,-6.980708936999974]]],[[[114.4856365810001,-6.999813814999925],[114.4923660000001,-6.985639999999933],[114.4856365810001,-6.999813814999925]]],[[[114.6335996620001,-7.080020202999947],[114.644735542,-7.059080945999938],[114.6607255170001,-7.088776616999951],[114.6479994670001,-7.096762146999936],[114.6335996620001,-7.080020202999947]]],[[[114.8843168840001,-7.06085625999998],[114.8702688930001,-7.144909869999935],[114.8181201770001,-7.163957507999953],[114.8312470120001,-7.07878526899998],[114.8843168840001,-7.06085625999998]]],[[[114.7809374300001,-7.090607123999973],[114.806404401,-7.100489989999971],[114.7854354010001,-7.142725423999934],[114.7677381620001,-7.149268942999981],[114.727138606,-7.123243585999944],[114.7208925210001,-7.105397627999935],[114.7332359750001,-7.073869772999956],[114.7809374300001,-7.090607123999973]]],[[[114.6892029070001,-7.083617947999926],[114.710332523,-7.100845246999938],[114.7042411000001,-7.115122008999947],[114.6689630120001,-7.100335890999929],[114.6782753230001,-7.079864196999949],[114.6892029070001,-7.083617947999926]]]]}},{"type":"Feature","properties":{"name":"Zona Perikanan Tangkap","fillColor":"#6191c9","fillOpacity":0.55},"geometry":{"type":"MultiPolygon","coordinates":[[[[115.911831471,-6.364194693999934],[115.8312815100001,-6.299807449999946],[115.7312927590001,-6.282644870999945],[115.649735455,-6.307754829999965],[115.5860507960001,-6.364270758999965],[115.4955029670001,-6.366424113999926],[115.4154674020001,-6.407166335999932],[115.3304824590001,-6.52078628299995],[115.3126143950001,-6.629735067999945],[115.2286766410001,-6.626712795999936],[115.1659690450001,-6.64259005699995],[115.090532896,-6.684066574999974],[115.0398641080001,-6.746248252999976],[114.9962830850001,-6.922076424999943],[115.0114658770001,-6.999977860999934],[115.0000000000001,-7.033332999999971],[115.0416670000001,-7.033332999999971],[115.0416670000001,-7.088825712999949],[115.071474724,-7.07792182999998],[115.0872189250001,-7.001791642999933],[115.208571438,-7.001791642999933],[115.20874859,-7.040233945999944],[115.5546964570001,-7.041419641999937],[115.585583356,-7.026111100999969],[115.5714841280001,-7.004569228999969],[115.5330039400001,-7.03659820699994],[115.5159490000001,-7.01710199799993],[115.4954354230001,-7.018590446999951],[115.5176063450001,-6.990368522999972],[115.5068686930001,-6.973277892999931],[115.470658057,-6.987497550999933],[115.4812585540001,-7.006687905999968],[115.4432277660001,-7.006059194999978],[115.4256283410001,-6.983508986999936],[115.4667440090001,-6.966666999999973],[115.4201902900001,-6.966666999999973],[115.4201823400001,-6.987841708999952],[115.4078026540001,-6.987849184999959],[115.4077492980001,-6.966666999999973],[115.3909859910001,-6.967544718999932],[115.385197208,-6.977225277999935],[115.4034189140001,-6.988872733999926],[115.2938819990001,-7.01641204799995],[115.257554237,-6.999999999999943],[115.216667,-6.999999999999943],[115.216667,-6.974999999999966],[115.0500000000001,-6.974999999999966],[115.0500000000001,-6.799999999999955],[115.2500000000001,-6.799999999999955],[115.2500000000001,-6.816666999999939],[115.4000000000001,-6.816666999999939],[115.4000000000001,-6.825290736999932],[115.466667,-6.833332999999925],[115.478008229,-6.849999999999966],[115.5333330000001,-6.849999999999966],[115.5333330000001,-6.874999999999943],[115.5666670000001,-6.874999999999943],[115.567868319,-6.899999999999977],[115.7423346390001,-6.899999999999977],[115.774588103,-6.784548638999979],[115.8366920340001,-6.784667610999975],[115.8717890840001,-6.849210490999951],[115.8717055500001,-6.899999999999977],[115.9000000000001,-6.899999999999977],[115.9000000000001,-6.816666999999939],[115.9416670000001,-6.808332999999948],[115.9416670000001,-6.791777999999965],[115.9757970000001,-6.791777999999965],[115.9757970000001,-6.861110999999937],[116.0166670000001,-6.861110999999937],[116.0166670000001,-6.938888999999961],[116.0666670000001,-6.938888999999961],[116.0666670000001,-6.983332999999959],[116.144444,-6.983332999999959],[116.144444,-7.021666999999979],[116.1750000000001,-7.021666999999979],[116.1750000000001,-7.070277999999973],[116.1897220000001,-7.070277999999973],[116.1897220000001,-7.143048731999954],[116.243056,-7.15102484199997],[116.243056,-7.105555999999979],[116.3525000000001,-7.105555999999979],[116.310939112,-7.142796700999952],[116.3937782620001,-7.099652093999964],[116.4512969980001,-7.027598676999958],[116.4714289130001,-6.938888999999961],[116.4083330000001,-6.938888999999961],[116.4083330000001,-7.008888999999954],[116.358333,-7.008888999999954],[116.358333,-6.877777999999978],[116.4616763080001,-6.877777999999978],[116.4378497820001,-6.827719952999928],[116.4185465740001,-6.802777999999932],[116.2666670000001,-6.813332999999943],[116.2666670000001,-6.861110999999937],[116.1944440000001,-6.861110999999937],[116.1944440000001,-6.905555999999933],[116.1111110000001,-6.905555999999933],[116.1111110000001,-6.861110999999937],[116.1777780000001,-6.860946999999953],[116.1777780000001,-6.816666999999939],[116.233333,-6.816666999999939],[116.233333,-6.783332999999971],[116.2666670000001,-6.783332999999971],[116.2666670000001,-6.766666999999927],[116.366667,-6.75966210699994],[116.2920143250001,-6.730866418999938],[116.2145753350001,-6.730836815999965],[116.131799019,-6.766050577999977],[116.0768157220001,-6.815440425999952],[115.9980949600001,-6.764462167999966],[115.9779355290001,-6.702221519999966],[115.9385880960001,-6.649462312999958],[115.926325686,-6.583883215999947],[115.9477564270001,-6.526805191999927],[115.9512120490001,-6.466254739999954],[115.911831471,-6.364194693999934]]],[[[115.6456903210001,-6.444716437999944],[115.7873417610001,-6.445668713999964],[115.787978659,-6.763664107999944],[115.618921384,-6.763664107999944],[115.618921384,-6.681549588999928],[115.6456903200001,-6.681585918999929],[115.6456903210001,-6.444716437999944]]],[[[115.490153939,-6.504783756999927],[115.5650710240001,-6.554983949999951],[115.502253254,-6.640644546999965],[115.41372243,-6.584742350999932],[115.4725490210001,-6.492987108999955],[115.490153939,-6.504783756999927]]],[[[116.1985905270001,-6.91721542099998],[116.273067274,-6.917534071999967],[116.273067273,-6.960531383999978],[116.1985905270001,-6.960531383999978],[116.1985905270001,-6.91721542099998]]]]}},{"type":"Feature","properties":{"name":"Zona Perikanan Tangkap","fillColor":"#6191c9","fillOpacity":0.55},"geometry":{"type":"Polygon","coordinates":[[[111.7978123700001,-8.502989111999966],[111.7779710490001,-8.501713398999925],[111.807118297,-8.584208857999954],[111.8721392090001,-8.55672851099996],[111.855941107,-8.502866720999975],[111.7978123700001,-8.502989111999966]]]}},{"type":"Feature","properties":{"name":"Zona Perikanan Tangkap","fillColor":"#6191c9","fillOpacity":0.55},"geometry":{"type":"Polygon","coordinates":[[[111.7854984460001,-8.449336893999941],[111.755855603,-8.439110537999966],[111.7746957100001,-8.49244179599998],[111.8532237040001,-8.493830835999972],[111.8387240590001,-8.445616739999934],[111.7854984460001,-8.449336893999941]]]}},{"type":"Feature","properties":{"name":"Zona Perikanan Tangkap","fillColor":"#6191c9","fillOpacity":0.55},"geometry":{"type":"Polygon","coordinates":[[[111.8289772860001,-8.413206853999952],[111.810778483,-8.434352862999958],[111.8359304960001,-8.436327607999942],[111.8289772860001,-8.413206853999952]]]}},{"type":"Feature","properties":{"name":"Zona Perikanan Tangkap","fillColor":"#6191c9","fillOpacity":0.55},"geometry":{"type":"Polygon","coordinates":[[[111.4192716620001,-8.400626944999942],[111.4031753290001,-8.39850079799993],[111.4031191490001,-8.417874446999974],[111.4192716620001,-8.400626944999942]]]}},{"type":"Feature","properties":{"name":"Zona Perikanan Tangkap","fillColor":"#6191c9","fillOpacity":0.55},"geometry":{"type":"Polygon","coordinates":[[[111.4262093930001,-8.386907494999946],[111.4032017660001,-8.389384175999965],[111.4262093930001,-8.386907494999946]]]}},{"type":"Feature","properties":{"name":"Zona Perikanan Tangkap","fillColor":"#6191c9","fillOpacity":0.55},"geometry":{"type":"Polygon","coordinates":[[[111.6379362750001,-8.347435365999957],[111.6172269840001,-8.358059326999978],[111.6197139880001,-8.376117138999973],[111.5859386870001,-8.379930478999938],[111.6070158160001,-8.393981895999957],[111.727084952,-8.392134781999971],[111.726459246,-8.370943264999937],[111.7037098440001,-8.367065784999966],[111.7018774190001,-8.383143669999981],[111.667305974,-8.355804158999945],[111.6520822030001,-8.366305990999933],[111.6379362750001,-8.347435365999957]]]}},{"type":"Feature","properties":{"name":"Zona Perikanan Tangkap","fillColor":"#6191c9","fillOpacity":0.55},"geometry":{"type":"Polygon","coordinates":[[[111.713795141,-8.320687429999964],[111.695386591,-8.321802889999958],[111.6884300760001,-8.335315915999956],[111.6968377190001,-8.331503521999934],[111.7250923480001,-8.367344939999953],[111.713795141,-8.320687429999964]]]}},{"type":"Feature","properties":{"name":"Zona Perikanan Tangkap","fillColor":"#6191c9","fillOpacity":0.55},"geometry":{"type":"MultiPolygon","coordinates":[[[[111.735716122,-8.316299966999964],[111.7200700500001,-8.305159053999944],[111.747719804,-8.41608027999996],[111.7752115790001,-8.431560418999936],[111.8040938140001,-8.427942453999947],[111.8257771870001,-8.402565913999979],[111.810021201,-8.350174244999948],[111.7903478630001,-8.32722201599995],[111.7482926230001,-8.35647925099994],[111.735716122,-8.316299966999964]]],[[[111.7800388540001,-8.380147818999944],[111.767927398,-8.367763809999929],[111.7920318800001,-8.343659327999944],[111.807093325,-8.358787293999967],[111.7800388540001,-8.380147818999944]]]]}},{"type":"Feature","properties":{"name":"Zona Perikanan Tangkap","fillColor":"#6191c9","fillOpacity":0.55},"geometry":{"type":"Polygon","coordinates":[[[111.7775915860001,-8.289684680999926],[111.768731211,-8.313774036999973],[111.779622627,-8.324259580999978],[111.7775915860001,-8.289684680999926]]]}},{"type":"Feature","properties":{"name":"Zona Perikanan Tangkap","fillColor":"#6191c9","fillOpacity":0.55},"geometry":{"type":"Polygon","coordinates":[[[111.4036146280001,-8.270476936999955],[111.403473481,-8.29568377299995],[111.4202316340001,-8.295727343999943],[111.4202316370001,-8.334865050999952],[111.403359707,-8.334918587999937],[111.4032374240001,-8.37708767099997],[111.4406899430001,-8.377756703999978],[111.4835776070001,-8.349245491999966],[111.4748715470001,-8.33031785299994],[111.4834307930001,-8.309165156999939],[111.4553732110001,-8.32003382399995],[111.447235198,-8.298772887999974],[111.4036146280001,-8.270476936999955]]]}},{"type":"Feature","properties":{"name":"Zona Perikanan Tangkap","fillColor":"#6191c9","fillOpacity":0.55},"geometry":{"type":"Polygon","coordinates":[[[112.046209888,-8.502395239999942],[111.855941107,-8.502866720999975],[111.8721392090001,-8.55672851099996],[111.9340122730001,-8.508537805999936],[112.0480959280001,-8.522603326999956],[112.046209888,-8.502395239999942]]]}},{"type":"Feature","properties":{"name":"Zona Perikanan Tangkap","fillColor":"#6191c9","fillOpacity":0.55},"geometry":{"type":"Polygon","coordinates":[[[111.8643476330001,-8.49380690199996],[112.0453662130001,-8.493355625999925],[112.042403184,-8.461608073999969],[111.8387240590001,-8.445616739999934],[111.8532237040001,-8.493830835999972],[111.8643476330001,-8.49380690199996]]]}},{"type":"Feature","properties":{"name":"Zona Perikanan Tangkap","fillColor":"#6191c9","fillOpacity":0.55},"geometry":{"type":"Polygon","coordinates":[[[111.9278786710001,-8.37649545499994],[111.8435217850001,-8.39868813399994],[111.8289772860001,-8.413206853999952],[111.8359304960001,-8.436327607999942],[112.041550442,-8.452471324999976],[112.036441886,-8.39773538299994],[111.9278786710001,-8.37649545499994]]]}},{"type":"Feature","properties":{"name":"Zona Perikanan Tangkap","fillColor":"#6191c9","fillOpacity":0.55},"geometry":{"type":"Polygon","coordinates":[[[111.7921394470001,-8.255513580999946],[111.7727595490001,-8.262112610999964],[111.7787156130001,-8.27722840399997],[111.7688197100001,-8.286264489999951],[111.7843230220001,-8.320193037999957],[111.8174635230001,-8.287239630999977],[111.8305866210001,-8.300588991999973],[111.7914654420001,-8.328026631999933],[111.8257771870001,-8.402565913999979],[111.8600084440001,-8.38038324799993],[111.9144358710001,-8.367918930999963],[112.035563528,-8.388324159999968],[112.0203679040001,-8.303864161999968],[111.9480409430001,-8.277137635999964],[111.936967532,-8.306436779999956],[111.911526005,-8.296745357999953],[111.8992148980001,-8.304223500999967],[111.8403449310001,-8.258630478999976],[111.8424937350001,-8.281877514999962],[111.7940253980001,-8.266917595999928],[111.7921394470001,-8.255513580999946]]]}},{"type":"Feature","properties":{"name":"Zona Pertambangan Mineral dan Batu Bara","fillColor":"#f2f2f2","fillOpacity":0.55},"geometry":{"type":"Polygon","coordinates":[[[112.5020263890001,-6.84201638899998],[112.499518144,-6.850484746999939],[112.5020263890001,-6.84201638899998]]]}},{"type":"Feature","properties":{"name":"Zona Pertambangan Mineral dan Batu Bara","fillColor":"#f2f2f2","fillOpacity":0.55},"geometry":{"type":"Polygon","coordinates":[[[112.499280116,-6.840906807999943],[112.500590588,-6.807628736999959],[112.499280116,-6.840906807999943]]]}},{"type":"Feature","properties":{"name":"Zona Pertambangan Mineral dan Batu Bara","fillColor":"#f2f2f2","fillOpacity":0.55},"geometry":{"type":"Polygon","coordinates":[[[112.524209292,-6.803405550999969],[112.5150155570001,-6.809188333999941],[112.5369256020001,-6.816695033999963],[112.524209292,-6.803405550999969]]]}},{"type":"Feature","properties":{"name":"Zona Pertambangan Mineral dan Batu Bara","fillColor":"#f2f2f2","fillOpacity":0.55},"geometry":{"type":"Polygon","coordinates":[[[112.4994253030001,-6.77319754499996],[112.4998683340001,-6.786287999999956],[112.4994253030001,-6.77319754499996]]]}},{"type":"Feature","properties":{"name":"Zona Pertambangan Mineral dan Batu Bara","fillColor":"#f2f2f2","fillOpacity":0.55},"geometry":{"type":"Polygon","coordinates":[[[112.543527937,-6.818657285999961],[112.5528013300001,-6.812020922999977],[112.52412971,-6.803322382999966],[112.543527937,-6.818657285999961]]]}},{"type":"Feature","properties":{"name":"Zona Pertambangan Mineral dan Batu Bara","fillColor":"#f2f2f2","fillOpacity":0.55},"geometry":{"type":"Polygon","coordinates":[[[112.501909981,-6.77319771599997],[112.4992043840001,-6.843089217999932],[112.512498723,-6.850504778999948],[112.5135677420001,-6.809636352999973],[112.5256747240001,-6.808775555999944],[112.5150155570001,-6.809188333999941],[112.5147873610001,-6.773198337999929],[112.501909981,-6.77319771599997]]]}},{"type":"Feature","properties":{"name":"Zona Pertambangan Mineral dan Batu Bara","fillColor":"#f2f2f2","fillOpacity":0.55},"geometry":{"type":"Polygon","coordinates":[[[112.4994473830001,-6.847637413999962],[112.4800000020001,-6.850390057999959],[112.48,-6.861999999999966],[112.4994473830001,-6.847637413999962]]]}},{"type":"Feature","properties":{"name":"Zona Pertambangan Mineral dan Batu Bara","fillColor":"#f2f2f2","fillOpacity":0.55},"geometry":{"type":"Polygon","coordinates":[[[112.4937842050001,-6.843000002999929],[112.4800000030001,-6.84824991499994],[112.4937842050001,-6.843000002999929]]]}},{"type":"Feature","properties":{"name":"Zona Pertambangan Mineral dan Batu Bara","fillColor":"#f2f2f2","fillOpacity":0.55},"geometry":{"type":"Polygon","coordinates":[[[112.515989996,-6.840806335999957],[112.5138149110001,-6.850506809999956],[112.515989996,-6.840806335999957]]]}},{"type":"Feature","properties":{"name":"Zona Pertambangan Mineral dan Batu Bara","fillColor":"#f2f2f2","fillOpacity":0.55},"geometry":{"type":"Polygon","coordinates":[[[112.5369256020001,-6.816695033999963],[112.514787778,-6.81848999999994],[112.5141725010001,-6.838888056999963],[112.515989995,-6.818642126999976],[112.5369256020001,-6.816695033999963]]]}},{"type":"Feature","properties":{"name":"Zona Pertambangan Mineral dan Batu Bara","fillColor":"#f2f2f2","fillOpacity":0.55},"geometry":{"type":"Polygon","coordinates":[[[112.4990916190001,-6.840978599999971],[112.497459724,-6.810434547999932],[112.4990916190001,-6.840978599999971]]]}},{"type":"Feature","properties":{"name":"Zona Pertambangan Mineral dan Batu Bara","fillColor":"#f2f2f2","fillOpacity":0.55},"geometry":{"type":"Polygon","coordinates":[[[112.5156336110001,-6.794443332999947],[112.52412971,-6.803322382999966],[112.5156336110001,-6.794443332999947]]]}},{"type":"Feature","properties":{"name":"Zona Pertambangan Mineral dan Batu Bara","fillColor":"#f2f2f2","fillOpacity":0.55},"geometry":{"type":"Polygon","coordinates":[[[112.4956491250001,-6.77319728599997],[112.496045543,-6.78341398799995],[112.4956491250001,-6.77319728599997]]]}},{"type":"Feature","properties":{"name":"Zona Pertambangan Mineral dan Batu Bara","fillColor":"#f2f2f2","fillOpacity":0.55},"geometry":{"type":"Polygon","coordinates":[[[112.5690931510001,-6.773196757999926],[112.5162338250001,-6.773198306999973],[112.5159288890001,-6.783771110999965],[112.5692275,-6.783934164999948],[112.5690931510001,-6.773196757999926]]]}},{"type":"Feature","properties":{"name":"Zona Pertambangan Mineral dan Batu Bara","fillColor":"#f2f2f2","fillOpacity":0.55},"geometry":{"type":"Polygon","coordinates":[[[112.4990916190001,-6.840978599999971],[112.4800000020001,-6.850390057999959],[112.4990916190001,-6.840978599999971]]]}},{"type":"Feature","properties":{"name":"Zona Pertambangan Mineral dan Batu Bara","fillColor":"#f2f2f2","fillOpacity":0.55},"geometry":{"type":"Polygon","coordinates":[[[112.515989996,-6.839567187999933],[112.514787778,-6.81848999999994],[112.525819948,-6.81333893599998],[112.5135677420001,-6.809636352999973],[112.515989996,-6.839567187999933]]]}},{"type":"Feature","properties":{"name":"Zona Pertambangan Mineral dan Batu Bara","fillColor":"#f2f2f2","fillOpacity":0.55},"geometry":{"type":"Polygon","coordinates":[[[112.570134486,-6.773194331999946],[112.5692275,-6.783934164999948],[112.5159288890001,-6.783771110999965],[112.5147873610001,-6.773198337999929],[112.513968094,-6.800239501999954],[112.5528013300001,-6.812020922999977],[112.570134486,-6.773194331999946]]]}},{"type":"Feature","properties":{"name":"Zona Pertambangan Mineral dan Batu Bara","fillColor":"#f2f2f2","fillOpacity":0.55},"geometry":{"type":"Polygon","coordinates":[[[112.8495072220001,-7.231750833999968],[112.828803955,-7.215791277999926],[112.8495072220001,-7.231750833999968]]]}},{"type":"Feature","properties":{"name":"Zona Pertambangan Mineral dan Batu Bara","fillColor":"#f2f2f2","fillOpacity":0.55},"geometry":{"type":"Polygon","coordinates":[[[112.9140313280001,-7.219649054999934],[112.821433187,-7.197026511999979],[112.9330950000001,-7.30131027799996],[112.9140313280001,-7.219649054999934]]]}},{"type":"Feature","properties":{"name":"Zona Pertambangan Mineral dan Batu Bara","fillColor":"#f2f2f2","fillOpacity":0.55},"geometry":{"type":"Polygon","coordinates":[[[112.883496389,-7.316242776999957],[112.8797527790001,-7.323426667999968],[112.883496389,-7.316242776999957]]]}},{"type":"Feature","properties":{"name":"Zona Pertambangan Mineral dan Batu Bara","fillColor":"#f2f2f2","fillOpacity":0.55},"geometry":{"type":"Polygon","coordinates":[[[112.8322883930001,-7.218960491999951],[112.8134166680001,-7.203929659999972],[112.8226734450001,-7.221061366999947],[112.851370319,-7.236253488999978],[112.8322883930001,-7.218960491999951]]]}},{"type":"Feature","properties":{"name":"Zona Pertambangan Mineral dan Batu Bara","fillColor":"#f2f2f2","fillOpacity":0.55},"geometry":{"type":"Polygon","coordinates":[[[112.956000001,-7.280277776999981],[112.956000001,-7.241839527999957],[112.914031138,-7.21964823999997],[112.9330950000001,-7.30131027799996],[112.906448325,-7.273734935999926],[112.9284665130001,-7.329331251999974],[112.955997224,-7.327252777999945],[112.956000001,-7.280277776999981]]]}},{"type":"Feature","properties":{"name":"Zona Pertambangan Mineral dan Batu Bara","fillColor":"#f2f2f2","fillOpacity":0.55},"geometry":{"type":"Polygon","coordinates":[[[112.8269376430001,-7.200962580999942],[112.8134166680001,-7.201611273999958],[112.867623823,-7.250983223999981],[112.8992508570001,-7.266286627999932],[112.8269376430001,-7.200962580999942]]]}},{"type":"Feature","properties":{"name":"Zona Pertambangan Mineral dan Batu Bara","fillColor":"#f2f2f2","fillOpacity":0.55},"geometry":{"type":"Polygon","coordinates":[[[112.916359884,-7.298761812999942],[112.8992508570001,-7.266286627999932],[112.867623823,-7.250983223999981],[112.879743315,-7.263148083999965],[112.884692778,-7.320780554999942],[112.9284665130001,-7.329331251999974],[112.916359884,-7.298761812999942]]]}},{"type":"Feature","properties":{"name":"Zona Pertambangan Mineral dan Batu Bara","fillColor":"#f2f2f2","fillOpacity":0.55},"geometry":{"type":"Polygon","coordinates":[[[112.8213888890001,-7.208958056999961],[112.8134166680001,-7.201611273999958],[112.8213888890001,-7.208958056999961]]]}},{"type":"Feature","properties":{"name":"Zona Pertambangan Minyak dan Gas Bumi","fillColor":"#b3b399","fillOpacity":0.55},"geometry":{"type":"Polygon","coordinates":[[[112.6114769180001,-6.834399774999952],[112.5951888640001,-6.84354133599993],[112.6204986180001,-6.858336249999979],[112.6114769180001,-6.834399774999952]]]}},{"type":"Feature","properties":{"name":"Zona Pertambangan Minyak dan Gas Bumi","fillColor":"#b3b399","fillOpacity":0.55},"geometry":{"type":"Polygon","coordinates":[[[112.572200951,-6.811612858999979],[112.5885191360001,-6.797658979999937],[112.570364884,-6.798307929999964],[112.570261164,-6.827486922999981],[112.58364724,-6.831379984999955],[112.5825011000001,-6.809076884999968],[112.59661356,-6.805399828999953],[112.572200951,-6.811612858999979]]]}},{"type":"Feature","properties":{"name":"Zona Pertambangan Minyak dan Gas Bumi","fillColor":"#b3b399","fillOpacity":0.55},"geometry":{"type":"Polygon","coordinates":[[[112.886698238,-7.596680522999975],[112.883488197,-7.605964352999933],[112.886698238,-7.596680522999975]]]}},{"type":"Feature","properties":{"name":"Zona Pertambangan Minyak dan Gas Bumi","fillColor":"#b3b399","fillOpacity":0.55},"geometry":{"type":"Polygon","coordinates":[[[113.0333330000001,-7.495917452999947],[112.995059641,-7.522799470999928],[112.9939690350001,-7.539084531999947],[113.0365188940001,-7.50473599999998],[113.0333330000001,-7.495917452999947]]]}},{"type":"Feature","properties":{"name":"Zona Pertambangan Minyak dan Gas Bumi","fillColor":"#b3b399","fillOpacity":0.55},"geometry":{"type":"Polygon","coordinates":[[[112.611252807,-6.861601697999959],[112.6204986180001,-6.858336249999979],[112.5951888640001,-6.84354133599993],[112.611252807,-6.861601697999959]]]}},{"type":"Feature","properties":{"name":"Zona Pertambangan Minyak dan Gas Bumi","fillColor":"#b3b399","fillOpacity":0.55},"geometry":{"type":"Polygon","coordinates":[[[112.6258257760001,-6.850948874999972],[112.6099455570001,-6.829985259999944],[112.6258257760001,-6.850948874999972]]]}},{"type":"Feature","properties":{"name":"Zona Pertambangan Minyak dan Gas Bumi","fillColor":"#b3b399","fillOpacity":0.55},"geometry":{"type":"Polygon","coordinates":[[[112.5704449430001,-6.837679736999974],[112.58364724,-6.831379984999955],[112.570261164,-6.827486922999981],[112.5704449430001,-6.837679736999974]]]}},{"type":"Feature","properties":{"name":"Zona Pertambangan Minyak dan Gas Bumi","fillColor":"#b3b399","fillOpacity":0.55},"geometry":{"type":"Polygon","coordinates":[[[112.5869300000001,-6.822511001999942],[112.5843668010001,-6.813044902999934],[112.5778935860001,-6.820273618999977],[112.5869300000001,-6.822511001999942]]]}},{"type":"Feature","properties":{"name":"Zona Pertambangan Minyak dan Gas Bumi","fillColor":"#b3b399","fillOpacity":0.55},"geometry":{"type":"Polygon","coordinates":[[[112.6013434490001,-6.789697279999928],[112.5763609400001,-6.781103682999969],[112.570364884,-6.798307929999964],[112.5885191360001,-6.797658979999937],[112.5722279500001,-6.811832591999973],[112.59661356,-6.805399828999953],[112.6013434490001,-6.789697279999928]]]}},{"type":"Feature","properties":{"name":"Zona Pertambangan Minyak dan Gas Bumi","fillColor":"#b3b399","fillOpacity":0.55},"geometry":{"type":"Polygon","coordinates":[[[113.0282431170001,-7.519268274999945],[113.0490183620001,-7.50473599999998],[113.0365188940001,-7.50473599999998],[112.9994246810001,-7.530792494999957],[113.0282431170001,-7.519268274999945]]]}},{"type":"Feature","properties":{"name":"Zona Pertambangan Minyak dan Gas Bumi","fillColor":"#b3b399","fillOpacity":0.55},"geometry":{"type":"Polygon","coordinates":[[[112.9979402270001,-7.520770318999951],[113.0333330000001,-7.48799840199996],[112.9979402270001,-7.520770318999951]]]}},{"type":"Feature","properties":{"name":"Zona Pertambangan Minyak dan Gas Bumi","fillColor":"#b3b399","fillOpacity":0.55},"geometry":{"type":"Polygon","coordinates":[[[112.9596022950001,-7.567241725999963],[112.9939690350001,-7.539084531999947],[112.9596022950001,-7.567241725999963]]]}},{"type":"Feature","properties":{"name":"Zona Pertambangan Minyak dan Gas Bumi","fillColor":"#b3b399","fillOpacity":0.55},"geometry":{"type":"Polygon","coordinates":[[[112.9608829490001,-7.546789738999962],[112.975932045,-7.536231407999935],[112.9608829490001,-7.546789738999962]]]}},{"type":"Feature","properties":{"name":"Zona Pertambangan Minyak dan Gas Bumi","fillColor":"#b3b399","fillOpacity":0.55},"geometry":{"type":"Polygon","coordinates":[[[112.9905400130001,-7.525983201999964],[112.9956412020001,-7.514115484999934],[112.9769128840001,-7.527231537999967],[112.9905400130001,-7.525983201999964]]]}},{"type":"Feature","properties":{"name":"Zona Pertambangan Minyak dan Gas Bumi","fillColor":"#b3b399","fillOpacity":0.55},"geometry":{"type":"Polygon","coordinates":[[[113.0365188940001,-7.50473599999998],[113.064109571,-7.474300739999933],[113.0333330000001,-7.495917452999947],[113.0365188940001,-7.50473599999998]]]}},{"type":"Feature","properties":{"name":"Zona Pertambangan Minyak dan Gas Bumi","fillColor":"#b3b399","fillOpacity":0.55},"geometry":{"type":"Polygon","coordinates":[[[113.0490183620001,-7.50473599999998],[113.055729991,-7.491247772999941],[113.0365188940001,-7.50473599999998],[113.0490183620001,-7.50473599999998]]]}},{"type":"Feature","properties":{"name":"Zona Pertambangan Minyak dan Gas Bumi","fillColor":"#b3b399","fillOpacity":0.55},"geometry":{"type":"Polygon","coordinates":[[[113.0350043540001,-7.494744126999933],[113.0698468620001,-7.462697524999953],[113.0350043540001,-7.494744126999933]]]}},{"type":"Feature","properties":{"name":"Zona Pertambangan Minyak dan Gas Bumi","fillColor":"#b3b399","fillOpacity":0.55},"geometry":{"type":"Polygon","coordinates":[[[112.5702181150001,-6.80903683899993],[112.564936233,-6.801547194999955],[112.554195043,-6.818641603999936],[112.570240491,-6.818626345999974],[112.5702181150001,-6.80903683899993]]]}},{"type":"Feature","properties":{"name":"Zona Pertambangan Minyak dan Gas Bumi","fillColor":"#b3b399","fillOpacity":0.55},"geometry":{"type":"Polygon","coordinates":[[[112.500746584,-6.807444420999957],[112.4998683340001,-6.786287999999956],[112.500746584,-6.807444420999957]]]}},{"type":"Feature","properties":{"name":"Zona Pertambangan Minyak dan Gas Bumi","fillColor":"#b3b399","fillOpacity":0.55},"geometry":{"type":"Polygon","coordinates":[[[112.9526820770001,-6.849571434999973],[112.9426234870001,-6.843416684999966],[112.945121887,-6.862235428999952],[112.9723933160001,-6.86194809999995],[112.9526820770001,-6.849571434999973]]]}},{"type":"Feature","properties":{"name":"Zona Pertambangan Minyak dan Gas Bumi","fillColor":"#b3b399","fillOpacity":0.55},"geometry":{"type":"Polygon","coordinates":[[[113.0489080970001,-6.846321493999938],[113.03838997,-6.823419027999932],[113.030716738,-6.82823071699994],[113.0489080970001,-6.846321493999938]]]}},{"type":"Feature","properties":{"name":"Zona Pertambangan Minyak dan Gas Bumi","fillColor":"#b3b399","fillOpacity":0.55},"geometry":{"type":"Polygon","coordinates":[[[112.749673516,-6.74853219299996],[112.764570529,-6.736199836999958],[112.7389643350001,-6.739251888999945],[112.749673516,-6.74853219299996]]]}},{"type":"Feature","properties":{"name":"Zona Pertambangan Minyak dan Gas Bumi","fillColor":"#b3b399","fillOpacity":0.55},"geometry":{"type":"Polygon","coordinates":[[[112.8242320490001,-6.724840918999973],[112.826736285,-6.71427224699994],[112.7975869610001,-6.725058655999931],[112.813725728,-6.738263309999979],[112.8277949650001,-6.728543015999946],[112.807975732,-6.73085641299997],[112.8242320490001,-6.724840918999973]]]}},{"type":"Feature","properties":{"name":"Zona Pertambangan Minyak dan Gas Bumi","fillColor":"#b3b399","fillOpacity":0.55},"geometry":{"type":"Polygon","coordinates":[[[112.9187345130001,-6.689440308999963],[112.871412414,-6.705015995999929],[112.887494938,-6.704977980999956],[112.880343193,-6.717018094999958],[112.892652115,-6.728185936999978],[112.928136695,-6.719870972999956],[112.8893970710001,-6.719486698999958],[112.9187345130001,-6.689440308999963]]]}},{"type":"Feature","properties":{"name":"Zona Pertambangan Minyak dan Gas Bumi","fillColor":"#b3b399","fillOpacity":0.55},"geometry":{"type":"Polygon","coordinates":[[[112.5702595150001,-6.826780247999977],[112.554195043,-6.818641603999936],[112.556855733,-6.831135139999958],[112.5702595150001,-6.826780247999977]]]}},{"type":"Feature","properties":{"name":"Zona Pertambangan Minyak dan Gas Bumi","fillColor":"#b3b399","fillOpacity":0.55},"geometry":{"type":"Polygon","coordinates":[[[112.7389643350001,-6.739251888999945],[112.7288861330001,-6.740453116999959],[112.7389643350001,-6.739251888999945]]]}},{"type":"Feature","properties":{"name":"Zona Pertambangan Minyak dan Gas Bumi","fillColor":"#b3b399","fillOpacity":0.55},"geometry":{"type":"Polygon","coordinates":[[[113.1708688690001,-7.431408812999962],[113.170906517,-7.421404885999948],[113.1708688690001,-7.431408812999962]]]}},{"type":"Feature","properties":{"name":"Zona Pertambangan Minyak dan Gas Bumi","fillColor":"#b3b399","fillOpacity":0.55},"geometry":{"type":"Polygon","coordinates":[[[113.2176488250001,-7.409463421999931],[113.2444819680001,-7.396874778999972],[113.2199946830001,-7.398368605999963],[113.1954295710001,-7.409896678999928],[113.2176488250001,-7.409463421999931]]]}},{"type":"Feature","properties":{"name":"Zona Pertambangan Minyak dan Gas Bumi","fillColor":"#b3b399","fillOpacity":0.55},"geometry":{"type":"Polygon","coordinates":[[[113.2527482490001,-7.35851403199996],[113.239586722,-7.35473843099993],[113.2527482490001,-7.35851403199996]]]}},{"type":"Feature","properties":{"name":"Zona Pertambangan Minyak dan Gas Bumi","fillColor":"#b3b399","fillOpacity":0.55},"geometry":{"type":"Polygon","coordinates":[[[113.367860391,-7.288943148999977],[113.358806275,-7.296187782999937],[113.367860391,-7.288943148999977]]]}},{"type":"Feature","properties":{"name":"Zona Pertambangan Minyak dan Gas Bumi","fillColor":"#b3b399","fillOpacity":0.55},"geometry":{"type":"Polygon","coordinates":[[[114.4166670000001,-7.332461920999947],[114.4071110000001,-7.32378099999994],[114.4166670000001,-7.332461920999947]]]}},{"type":"Feature","properties":{"name":"Zona Pertambangan Minyak dan Gas Bumi","fillColor":"#b3b399","fillOpacity":0.55},"geometry":{"type":"Polygon","coordinates":[[[114.340247812,-7.33082385199998],[114.3334555680001,-7.318755418999956],[114.340247812,-7.33082385199998]]]}},{"type":"Feature","properties":{"name":"Zona Pertambangan Minyak dan Gas Bumi","fillColor":"#b3b399","fillOpacity":0.55},"geometry":{"type":"Polygon","coordinates":[[[114.5495468190001,-7.320066420999979],[114.4279545270001,-7.323418652999976],[114.427961502,-7.332460902999969],[114.5473903820001,-7.328848574999938],[114.5495468190001,-7.320066420999979]]]}},{"type":"Feature","properties":{"name":"Zona Pertambangan Minyak dan Gas Bumi","fillColor":"#b3b399","fillOpacity":0.55},"geometry":{"type":"Polygon","coordinates":[[[114.0437867500001,-7.316146110999966],[114.0391560740001,-7.307103887999972],[114.0437867500001,-7.316146110999966]]]}},{"type":"Feature","properties":{"name":"Zona Pertambangan Minyak dan Gas Bumi","fillColor":"#b3b399","fillOpacity":0.55},"geometry":{"type":"MultiPolygon","coordinates":[[[[112.9385804340001,-6.83507007999998],[112.9166670000001,-6.83524939199998],[112.9166670000001,-6.864758764999976],[112.9423294430001,-6.875248460999956],[112.971904941,-6.876665030999959],[112.9983579670001,-6.854991277999943],[112.988580435,-6.83507007999998],[112.968923817,-6.843448644999967],[112.9385804340001,-6.83507007999998]]],[[[112.9474538200001,-6.862942416999942],[112.9426234870001,-6.843416684999966],[112.951567799,-6.842057046999969],[112.9723933160001,-6.86194809999995],[112.9474538200001,-6.862942416999942]]]]}},{"type":"Feature","properties":{"name":"Zona Pertambangan Minyak dan Gas Bumi","fillColor":"#b3b399","fillOpacity":0.55},"geometry":{"type":"Polygon","coordinates":[[[113.0560706590001,-6.848625291999952],[113.0484599280001,-6.822866758999965],[113.03838997,-6.823419027999932],[113.0526128990001,-6.843728913999939],[113.0452016810001,-6.848915202999933],[113.030716738,-6.82823071699994],[113.0218713480001,-6.838246034999941],[113.0316490030001,-6.863515134999943],[113.0560706590001,-6.848625291999952]]]}},{"type":"Feature","properties":{"name":"Zona Pertambangan Minyak dan Gas Bumi","fillColor":"#b3b399","fillOpacity":0.55},"geometry":{"type":"Polygon","coordinates":[[[112.8222590830001,-6.729189190999932],[112.807975732,-6.73085641299997],[112.8222590830001,-6.729189190999932]]]}},{"type":"Feature","properties":{"name":"Zona Pertambangan Minyak dan Gas Bumi","fillColor":"#b3b399","fillOpacity":0.55},"geometry":{"type":"Polygon","coordinates":[[[112.929614213,-6.721064997999974],[112.8925462730001,-6.73600176399998],[112.9401085980001,-6.749999999999943],[112.9458091570001,-6.731596696999929],[112.929614213,-6.721064997999974]]]}},{"type":"Feature","properties":{"name":"Zona Pertambangan Minyak dan Gas Bumi","fillColor":"#b3b399","fillOpacity":0.55},"geometry":{"type":"Polygon","coordinates":[[[112.763106437,-6.72527196599998],[112.760681047,-6.715441249999969],[112.7398210440001,-6.72545114899998],[112.7389643350001,-6.739251888999945],[112.764570529,-6.736199836999958],[112.763106437,-6.72527196599998]]]}},{"type":"Feature","properties":{"name":"Zona Pertambangan Minyak dan Gas Bumi","fillColor":"#b3b399","fillOpacity":0.55},"geometry":{"type":"Polygon","coordinates":[[[112.801933617,-6.723450225999954],[112.826736285,-6.71427224699994],[112.807945388,-6.707518056999959],[112.801933617,-6.723450225999954]]]}},{"type":"Feature","properties":{"name":"Zona Pertambangan Minyak dan Gas Bumi","fillColor":"#b3b399","fillOpacity":0.55},"geometry":{"type":"Polygon","coordinates":[[[112.778867933,-6.723870818999956],[112.7933552500001,-6.703098370999953],[112.7637566950001,-6.714022028999977],[112.778867933,-6.723870818999956]]]}},{"type":"Feature","properties":{"name":"Zona Pertambangan Minyak dan Gas Bumi","fillColor":"#b3b399","fillOpacity":0.55},"geometry":{"type":"Polygon","coordinates":[[[112.8826672490001,-6.713107916999945],[112.884454848,-6.702556050999931],[112.8726430920001,-6.706926877999933],[112.8826672490001,-6.713107916999945]]]}},{"type":"Feature","properties":{"name":"Zona Pertambangan Minyak dan Gas Bumi","fillColor":"#b3b399","fillOpacity":0.55},"geometry":{"type":"Polygon","coordinates":[[[112.8477945760001,-6.700639445999968],[112.8619881070001,-6.690602245999969],[112.83382423,-6.693171463999931],[112.8477945760001,-6.700639445999968]]]}},{"type":"Feature","properties":{"name":"Zona Pertambangan Minyak dan Gas Bumi","fillColor":"#b3b399","fillOpacity":0.55},"geometry":{"type":"Polygon","coordinates":[[[112.892579479,-6.689703415999929],[112.8798722600001,-6.694609838999952],[112.892579479,-6.689703415999929]]]}},{"type":"Feature","properties":{"name":"Zona Pertambangan Minyak dan Gas Bumi","fillColor":"#b3b399","fillOpacity":0.55},"geometry":{"type":"Polygon","coordinates":[[[112.9257707950001,-6.692889628999978],[112.8893970710001,-6.719486698999958],[112.9257707950001,-6.692889628999978]]]}},{"type":"Feature","properties":{"name":"Zona Pertambangan Minyak dan Gas Bumi","fillColor":"#b3b399","fillOpacity":0.55},"geometry":{"type":"Polygon","coordinates":[[[112.569910057,-6.837696975999961],[112.570261164,-6.827486922999981],[112.556855733,-6.831135139999958],[112.569910057,-6.837696975999961]]]}},{"type":"Feature","properties":{"name":"Zona Pertambangan Minyak dan Gas Bumi","fillColor":"#b3b399","fillOpacity":0.55},"geometry":{"type":"Polygon","coordinates":[[[112.730558275,-6.740253811999935],[112.7398210440001,-6.72545114899998],[112.724603287,-6.713355915999955],[112.7192994230001,-6.728727075999927],[112.730558275,-6.740253811999935]]]}},{"type":"Feature","properties":{"name":"Zona Pertambangan Minyak dan Gas Bumi","fillColor":"#b3b399","fillOpacity":0.55},"geometry":{"type":"Polygon","coordinates":[[[112.6860901350001,-6.704426387999945],[112.7012706310001,-6.692252639999936],[112.676955011,-6.675626032999958],[112.6705359170001,-6.693602427999963],[112.6860901350001,-6.704426387999945]]]}},{"type":"Feature","properties":{"name":"Zona Pertambangan Minyak dan Gas Bumi","fillColor":"#b3b399","fillOpacity":0.55},"geometry":{"type":"Polygon","coordinates":[[[113.2566132500001,-7.398105685999951],[113.216640243,-7.409937124999942],[113.2566132500001,-7.398105685999951]]]}},{"type":"Feature","properties":{"name":"Zona Pertambangan Minyak dan Gas Bumi","fillColor":"#b3b399","fillOpacity":0.55},"geometry":{"type":"Polygon","coordinates":[[[113.196126649,-7.409569975999943],[113.2240485310001,-7.396468668999944],[113.196126649,-7.409569975999943]]]}},{"type":"Feature","properties":{"name":"Zona Pertambangan Minyak dan Gas Bumi","fillColor":"#b3b399","fillOpacity":0.55},"geometry":{"type":"Polygon","coordinates":[[[113.2614213290001,-7.350216834999969],[113.2428137840001,-7.346473657999979],[113.2527482490001,-7.35851403199996],[113.292628472,-7.358512793999978],[113.2614213290001,-7.350216834999969]]]}},{"type":"Feature","properties":{"name":"Zona Pertambangan Minyak dan Gas Bumi","fillColor":"#b3b399","fillOpacity":0.55},"geometry":{"type":"Polygon","coordinates":[[[113.367860391,-7.287145549999934],[113.358806275,-7.291095191999943],[113.367860391,-7.287145549999934]]]}},{"type":"Feature","properties":{"name":"Zona Pertambangan Minyak dan Gas Bumi","fillColor":"#b3b399","fillOpacity":0.55},"geometry":{"type":"Polygon","coordinates":[[[113.3068821400001,-7.26953055499996],[113.2841712080001,-7.279284057999973],[113.268643642,-7.270796898999947],[113.2646351550001,-7.288802919999966],[113.283628407,-7.285162234999973],[113.3229268890001,-7.312349999999981],[113.350998168,-7.315704721999964],[113.3147813630001,-7.293411109999965],[113.330460956,-7.280333753999969],[113.3068821400001,-7.26953055499996]]]}},{"type":"Feature","properties":{"name":"Zona Pertambangan Minyak dan Gas Bumi","fillColor":"#b3b399","fillOpacity":0.55},"geometry":{"type":"Polygon","coordinates":[[[113.1461901780001,-7.432999906999953],[113.165609105,-7.416477578999945],[113.1295324180001,-7.433478436999962],[113.1461901780001,-7.432999906999953]]]}},{"type":"Feature","properties":{"name":"Zona Pertambangan Minyak dan Gas Bumi","fillColor":"#b3b399","fillOpacity":0.55},"geometry":{"type":"Polygon","coordinates":[[[114.4709583330001,-7.332364641999959],[114.4392638940001,-7.332447817999935],[114.43926389,-7.34456871499998],[114.4709583330001,-7.34456871499998],[114.4709583330001,-7.332364641999959]]]}},{"type":"Feature","properties":{"name":"Zona Pertambangan Minyak dan Gas Bumi","fillColor":"#b3b399","fillOpacity":0.55},"geometry":{"type":"Polygon","coordinates":[[[113.9592399480001,-7.35849208999997],[114.0271568060001,-7.323844444999963],[114.0280841670001,-7.31304777899993],[113.9387557430001,-7.358492726999941],[113.9592399480001,-7.35849208999997]]]}},{"type":"Feature","properties":{"name":"Zona Pertambangan Minyak dan Gas Bumi","fillColor":"#b3b399","fillOpacity":0.55},"geometry":{"type":"Polygon","coordinates":[[[114.4709583330001,-7.323194845999978],[114.4709583330001,-7.312920172999952],[114.43926389,-7.312920172999952],[114.4392685610001,-7.323405600999934],[114.4709583330001,-7.323194845999978]]]}},{"type":"Feature","properties":{"name":"Zona Pertambangan Minyak dan Gas Bumi","fillColor":"#b3b399","fillOpacity":0.55},"geometry":{"type":"Polygon","coordinates":[[[114.5643111110001,-7.308633332999932],[114.5326138890001,-7.308633332999932],[114.5495468190001,-7.320066420999979],[114.5326138890001,-7.325666448999925],[114.5326138890001,-7.340280554999936],[114.5643111110001,-7.339973450999935],[114.5643111110001,-7.308633332999932]]]}},{"type":"Feature","properties":{"name":"Zona Pertambangan Minyak dan Gas Bumi","fillColor":"#b3b399","fillOpacity":0.55},"geometry":{"type":"Polygon","coordinates":[[[113.8462139610001,-7.430584712999973],[113.851940653,-7.408947836999971],[113.8427416730001,-7.408765008999978],[113.8462139610001,-7.430584712999973]]]}},{"type":"Feature","properties":{"name":"Zona Pertambangan Minyak dan Gas Bumi","fillColor":"#b3b399","fillOpacity":0.55},"geometry":{"type":"Polygon","coordinates":[[[114.356821383,-7.323437496999929],[114.3402378110001,-7.321257401999958],[114.3494875650001,-7.332370010999966],[114.4071110000001,-7.33248197599994],[114.4071110000001,-7.32378099999994],[114.427961502,-7.332460902999969],[114.4279545270001,-7.323418652999976],[114.356821383,-7.323437496999929]]]}},{"type":"Feature","properties":{"name":"Zona Pertambangan Minyak dan Gas Bumi","fillColor":"#b3b399","fillOpacity":0.55},"geometry":{"type":"Polygon","coordinates":[[[112.0411917820001,-6.74981420599994],[112.0350561770001,-6.73648809499997],[112.0223923560001,-6.749855134999962],[112.011910423,-6.738174123999954],[112.0075583680001,-6.74559534399998],[112.01740998,-6.758386314999939],[112.0411917820001,-6.74981420599994]]]}},{"type":"Feature","properties":{"name":"Zona Pertambangan Minyak dan Gas Bumi","fillColor":"#b3b399","fillOpacity":0.55},"geometry":{"type":"Polygon","coordinates":[[[112.1196193410001,-6.670098543999927],[112.1058562970001,-6.670647088999942],[112.1196193410001,-6.670098543999927]]]}},{"type":"Feature","properties":{"name":"Zona Pertambangan Minyak dan Gas Bumi","fillColor":"#b3b399","fillOpacity":0.55},"geometry":{"type":"Polygon","coordinates":[[[112.009609133,-6.643203796999956],[112.0187316180001,-6.653126348999933],[112.009609133,-6.643203796999956]]]}},{"type":"Feature","properties":{"name":"Zona Pertambangan Minyak dan Gas Bumi","fillColor":"#b3b399","fillOpacity":0.55},"geometry":{"type":"Polygon","coordinates":[[[112.9315001870001,-6.752908021999929],[112.921822515,-6.749999999999943],[112.9315001870001,-6.752908021999929]]]}},{"type":"Feature","properties":{"name":"Zona Pertambangan Minyak dan Gas Bumi","fillColor":"#b3b399","fillOpacity":0.55},"geometry":{"type":"Polygon","coordinates":[[[112.9000000000001,-6.744999999999948],[112.8925462730001,-6.73600176399998],[112.9000000000001,-6.744999999999948]]]}},{"type":"Feature","properties":{"name":"Zona Pertambangan Minyak dan Gas Bumi","fillColor":"#b3b399","fillOpacity":0.55},"geometry":{"type":"Polygon","coordinates":[[[112.8798722600001,-6.694609838999952],[112.869499108,-6.69844831599994],[112.8798722600001,-6.694609838999952]]]}},{"type":"Feature","properties":{"name":"Zona Pertambangan Minyak dan Gas Bumi","fillColor":"#b3b399","fillOpacity":0.55},"geometry":{"type":"Polygon","coordinates":[[[112.21281836,-6.697507310999981],[112.200057009,-6.693305715999941],[112.1923117800001,-6.704633910999974],[112.218039565,-6.706954975999963],[112.2117005600001,-6.724805557999957],[112.2306944440001,-6.724805556999968],[112.2306944440001,-6.697805554999945],[112.21281836,-6.697507310999981]]]}},{"type":"Feature","properties":{"name":"Zona Pertambangan Minyak dan Gas Bumi","fillColor":"#b3b399","fillOpacity":0.55},"geometry":{"type":"Polygon","coordinates":[[[113.050493888,-7.50370387199996],[113.0961100000001,-7.466476230999945],[113.050493888,-7.50370387199996]]]}},{"type":"Feature","properties":{"name":"Zona Pertambangan Minyak dan Gas Bumi","fillColor":"#b3b399","fillOpacity":0.55},"geometry":{"type":"Polygon","coordinates":[[[113.1217686150001,-7.462079999999958],[113.1343166820001,-7.456179817999953],[113.126337967,-7.452304441999956],[113.1054820160001,-7.462079999999958],[113.1217686150001,-7.462079999999958]]]}},{"type":"Feature","properties":{"name":"Zona Pertambangan Minyak dan Gas Bumi","fillColor":"#b3b399","fillOpacity":0.55},"geometry":{"type":"Polygon","coordinates":[[[113.0646484990001,-7.473922197999968],[113.115874189,-7.447222034999982],[113.0747764180001,-7.459281777999934],[113.0646484990001,-7.473922197999968]]]}},{"type":"Feature","properties":{"name":"Zona Pertambangan Minyak dan Gas Bumi","fillColor":"#b3b399","fillOpacity":0.55},"geometry":{"type":"Polygon","coordinates":[[[113.193998512,-7.428117033999968],[113.2291610000001,-7.409960999999953],[113.193998512,-7.428117033999968]]]}},{"type":"Feature","properties":{"name":"Zona Pertambangan Minyak dan Gas Bumi","fillColor":"#b3b399","fillOpacity":0.55},"geometry":{"type":"Polygon","coordinates":[[[113.174454681,-7.41973721599993],[113.1954295710001,-7.409896678999928],[113.174454681,-7.41973721599993]]]}},{"type":"Feature","properties":{"name":"Zona Pertambangan Minyak dan Gas Bumi","fillColor":"#b3b399","fillOpacity":0.55},"geometry":{"type":"Polygon","coordinates":[[[113.169912905,-7.439442243999963],[113.126337967,-7.452304441999956],[113.169912905,-7.439442243999963]]]}},{"type":"Feature","properties":{"name":"Zona Pertambangan Minyak dan Gas Bumi","fillColor":"#b3b399","fillOpacity":0.55},"geometry":{"type":"Polygon","coordinates":[[[113.121587877,-7.444541328999946],[113.145151764,-7.433486585999958],[113.121587877,-7.444541328999946]]]}},{"type":"Feature","properties":{"name":"Zona Pertambangan Minyak dan Gas Bumi","fillColor":"#b3b399","fillOpacity":0.55},"geometry":{"type":"Polygon","coordinates":[[[112.024730298,-6.737567466999963],[112.011910423,-6.738174123999954],[112.0115536720001,-6.749603982999929],[112.024730298,-6.737567466999963]]]}},{"type":"Feature","properties":{"name":"Zona Pertambangan Minyak dan Gas Bumi","fillColor":"#b3b399","fillOpacity":0.55},"geometry":{"type":"Polygon","coordinates":[[[112.129960094,-6.693783921999966],[112.1302252620001,-6.713576345999968],[112.129960094,-6.693783921999966]]]}},{"type":"Feature","properties":{"name":"Zona Pertambangan Minyak dan Gas Bumi","fillColor":"#b3b399","fillOpacity":0.55},"geometry":{"type":"Polygon","coordinates":[[[112.127300127,-6.663508978999971],[112.112958366,-6.656094595999946],[112.1055650430001,-6.669719649999934],[112.1133915160001,-6.66354165599995],[112.1196009250001,-6.677698473999953],[112.127300127,-6.663508978999971]]]}},{"type":"Feature","properties":{"name":"Zona Pertambangan Minyak dan Gas Bumi","fillColor":"#b3b399","fillOpacity":0.55},"geometry":{"type":"Polygon","coordinates":[[[112.025269867,-6.643101680999962],[112.0139677670001,-6.631573978999938],[112.0026656650001,-6.643101680999962],[112.008912685,-6.652978204999954],[112.0186476590001,-6.64348113799997],[112.0187316180001,-6.653126348999933],[112.025269867,-6.643101680999962]]]}},{"type":"Feature","properties":{"name":"Zona Pertambangan Minyak dan Gas Bumi","fillColor":"#b3b399","fillOpacity":0.55},"geometry":{"type":"Polygon","coordinates":[[[113.292628472,-7.382055953999952],[113.292628473,-7.37068396199993],[113.2578801660001,-7.397141064999971],[113.292628472,-7.382055953999952]]]}},{"type":"Feature","properties":{"name":"Zona Pertambangan Minyak dan Gas Bumi","fillColor":"#b3b399","fillOpacity":0.55},"geometry":{"type":"Polygon","coordinates":[[[113.2813050340001,-7.371734971999956],[113.2240485310001,-7.396468668999944],[113.2444819680001,-7.396874778999972],[113.2813050340001,-7.371734971999956]]]}},{"type":"Feature","properties":{"name":"Zona Pertambangan Minyak dan Gas Bumi","fillColor":"#b3b399","fillOpacity":0.55},"geometry":{"type":"Polygon","coordinates":[[[113.2527482490001,-7.35851403199996],[113.2403685270001,-7.358514416999981],[113.2527482490001,-7.35851403199996]]]}},{"type":"Feature","properties":{"name":"Zona Pertambangan Minyak dan Gas Bumi","fillColor":"#b3b399","fillOpacity":0.55},"geometry":{"type":"Polygon","coordinates":[[[114.0161159380001,-7.401627940999958],[114.0070596190001,-7.396047795999948],[114.0161159380001,-7.401627940999958]]]}},{"type":"Feature","properties":{"name":"Zona Pertambangan Minyak dan Gas Bumi","fillColor":"#b3b399","fillOpacity":0.55},"geometry":{"type":"Polygon","coordinates":[[[113.848573951,-7.387627512999927],[113.8392182550001,-7.386449398999957],[113.848573951,-7.387627512999927]]]}},{"type":"Feature","properties":{"name":"Zona Pertambangan Minyak dan Gas Bumi","fillColor":"#b3b399","fillOpacity":0.55},"geometry":{"type":"Polygon","coordinates":[[[114.2875745120001,-7.299816011999951],[114.272455625,-7.295432999999946],[114.2938738370001,-7.312218800999972],[114.254585657,-7.32761007299996],[114.257893262,-7.336027697999953],[114.3059973850001,-7.317182704999937],[114.3334627850001,-7.32842011799994],[114.3334555680001,-7.318755418999956],[114.2875745120001,-7.299816011999951]]]}},{"type":"Feature","properties":{"name":"Zona Pertambangan Minyak dan Gas Bumi","fillColor":"#b3b399","fillOpacity":0.55},"geometry":{"type":"Polygon","coordinates":[[[115.8854683210001,-6.996643482999957],[115.88857669,-6.98762321199996],[115.8660980620001,-6.987567981999973],[115.8854683210001,-6.996643482999957]]]}},{"type":"Feature","properties":{"name":"Zona Pertambangan Minyak dan Gas Bumi","fillColor":"#b3b399","fillOpacity":0.55},"geometry":{"type":"Polygon","coordinates":[[[113.292628472,-7.382055953999952],[113.284791442,-7.38802306499997],[113.292628472,-7.382055953999952]]]}},{"type":"Feature","properties":{"name":"Zona Pertambangan Minyak dan Gas Bumi","fillColor":"#b3b399","fillOpacity":0.55},"geometry":{"type":"Polygon","coordinates":[[[113.292628472,-7.358512793999978],[113.2527482490001,-7.35851403199996],[113.2434725270001,-7.362906183999939],[113.2609010440001,-7.359671826999943],[113.2608022840001,-7.371726639999963],[113.208715696,-7.396163933999958],[113.2768750800001,-7.367226012999936],[113.2738485470001,-7.382144403999973],[113.2444819680001,-7.396874778999972],[113.2578801660001,-7.397141064999971],[113.292628473,-7.37068396199993],[113.292628472,-7.358512793999978]]]}},{"type":"Feature","properties":{"name":"Zona Pertambangan Minyak dan Gas Bumi","fillColor":"#b3b399","fillOpacity":0.55},"geometry":{"type":"Polygon","coordinates":[[[113.85953912,-7.381060752999929],[113.8595391670001,-7.369919685999946],[113.827844722,-7.369919685999946],[113.827844722,-7.38767293799998],[113.85953912,-7.381060752999929]]]}},{"type":"Feature","properties":{"name":"Zona Pertambangan Minyak dan Gas Bumi","fillColor":"#b3b399","fillOpacity":0.55},"geometry":{"type":"Polygon","coordinates":[[[113.9563157340001,-7.359931404999941],[113.898852278,-7.358973608999975],[113.898852278,-7.390621388999932],[113.930554945,-7.390622500999939],[113.930553667,-7.372646664999934],[113.9563157340001,-7.359931404999941]]]}},{"type":"Feature","properties":{"name":"Zona Pertambangan Minyak dan Gas Bumi","fillColor":"#b3b399","fillOpacity":0.55},"geometry":{"type":"Polygon","coordinates":[[[114.3060474800001,-7.328544444999977],[114.321849967,-7.32375335699993],[114.3059973850001,-7.317182704999937],[114.2901555560001,-7.323388807999947],[114.3060474800001,-7.328544444999977]]]}},{"type":"Feature","properties":{"name":"Zona Pertambangan Minyak dan Gas Bumi","fillColor":"#b3b399","fillOpacity":0.55},"geometry":{"type":"Polygon","coordinates":[[[114.2938738370001,-7.312218800999972],[114.2403922240001,-7.315994891999935],[114.2403922240001,-7.347643431999927],[114.2720866670001,-7.347643433999963],[114.2755826120001,-7.329097820999948],[114.257893262,-7.336027697999953],[114.254585657,-7.32761007299996],[114.2938738370001,-7.312218800999972]]]}},{"type":"Feature","properties":{"name":"Zona Pertambangan Minyak dan Gas Bumi","fillColor":"#b3b399","fillOpacity":0.55},"geometry":{"type":"Polygon","coordinates":[[[114.32185,-7.296897222999974],[114.2901694440001,-7.30088855899993],[114.32185,-7.313983478999944],[114.32185,-7.296897222999974]]]}},{"type":"Feature","properties":{"name":"Zona Pertambangan Minyak dan Gas Bumi","fillColor":"#b3b399","fillOpacity":0.55},"geometry":{"type":"Polygon","coordinates":[[[115.8263113700001,-7.134872291999955],[115.8371570510001,-7.122904396999957],[115.824962471,-7.112311210999962],[115.814601625,-7.124700072999929],[115.8263113700001,-7.134872291999955]]]}},{"type":"Feature","properties":{"name":"Zona Pertambangan Minyak dan Gas Bumi","fillColor":"#b3b399","fillOpacity":0.55},"geometry":{"type":"Polygon","coordinates":[[[115.877784374,-7.000094184999966],[115.869175839,-6.996617920999938],[115.877784374,-7.000094184999966]]]}},{"type":"Feature","properties":{"name":"Zona Pertambangan Minyak dan Gas Bumi","fillColor":"#b3b399","fillOpacity":0.55},"geometry":{"type":"Polygon","coordinates":[[[115.8885376210001,-6.987231934999954],[115.882577295,-6.978786660999958],[115.8660980620001,-6.987567981999973],[115.8885376210001,-6.987231934999954]]]}},{"type":"Feature","properties":{"name":"Zona Pertambangan Minyak dan Gas Bumi","fillColor":"#b3b399","fillOpacity":0.55},"geometry":{"type":"Polygon","coordinates":[[[115.842477055,-6.94459414499994],[115.8528390160001,-6.929978618999939],[115.835435479,-6.924121330999981],[115.8313562190001,-6.937048280999932],[115.842477055,-6.94459414499994]]]}},{"type":"Feature","properties":{"name":"Zona Pertambangan Minyak dan Gas Bumi","fillColor":"#b3b399","fillOpacity":0.55},"geometry":{"type":"Polygon","coordinates":[[[113.851645178,-7.407076681999968],[113.839414989,-7.387695411999971],[113.8427416730001,-7.408765008999978],[113.851645178,-7.407076681999968]]]}},{"type":"Feature","properties":{"name":"Zona Pertambangan Minyak dan Gas Bumi","fillColor":"#b3b399","fillOpacity":0.55},"geometry":{"type":"Polygon","coordinates":[[[113.850796883,-7.401571974999968],[113.8595391670001,-7.401571974999968],[113.8532604170001,-7.387722305999944],[113.850796883,-7.401571974999968]]]}},{"type":"Feature","properties":{"name":"Zona Pertambangan Minyak dan Gas Bumi","fillColor":"#b3b399","fillOpacity":0.55},"geometry":{"type":"Polygon","coordinates":[[[113.839414989,-7.387695411999971],[113.827844722,-7.38767293799998],[113.827844722,-7.401571974999968],[113.8427416730001,-7.408765008999978],[113.839414989,-7.387695411999971]]]}}]}